seq_a,seq_b,descriptor_a,descriptor_b,clade_a,clade_b,group_a,group_b,hhpc_a,hhpc_b,same_clade,p_S,mut_S,n_S,p_M,mut_M,n_M,p_L,mut_L,n_L,involves_p1236,involves_cruise
p1921,p133,p1921,p133,V,V,Chilean sequences,Chilean sequences,False,False,True,0.010758472296933835,20,1859,0.05422039859320047,185,3412,0.02042740414833438,130,6364,False,False
p1921,p1918,p1921,p1918,V,IV,Chilean sequences,Chilean sequences,False,False,False,0.10739341608202914,199,1853,0.1404692082111437,479,3410,0.12930627654554036,822,6357,False,False
p1921,127D,p1921,127D,V,IV,Chilean sequences,Chilean sequences,False,False,False,0.1058057514921324,195,1843,0.14471692400847713,478,3303,0.12837517764092846,813,6333,False,False
p1921,Chile-9717869,p1921,ANDV Chile-9717869,V,IV,Chilean sequences,Chilean sequences,False,False,False,0.10385438972162742,194,1868,0.1431079894644425,489,3417,0.12884978001257072,820,6364,False,False
p1921,p332,p1921,p332,V,IV,Chilean sequences,Chilean sequences,False,False,False,0.1025228126677402,191,1863,0.1434017595307918,489,3410,0.1305987741631306,831,6363,False,False
p1921,p502,p1921,p502,V,II,Chilean sequences,Chilean sequences,False,False,False,0.10037573805689748,187,1863,0.13988879133743048,478,3417,0.13293526084223758,846,6364,False,False
p1921,ARCH14/NRC1,p1921,ANDV ARCH14/NRC1,V,II,Chilean sequences,Argentinean sequences,False,False,False,0.10361575822989746,192,1853,0.13915857605177995,473,3399,0.13123028391167194,832,6340,False,False
p1921,AREB14/P2,p1921,ANDV AREB14/P2,V,II,Chilean sequences,Argentinean sequences,False,False,False,0.09801821103374397,183,1867,0.14223002633889376,486,3417,0.13403519798868635,853,6364,False,False
p1921,AREB14/P3,p1921,ANDV AREB14/P3,V,II,Chilean sequences,Argentinean sequences,False,False,False,0.10099337748344371,183,1812,0.14332055440872898,486,3391,0.1346062805744043,853,6337,False,False
p1921,AREB14/P1,p1921,ANDV AREB14/P1,V,II,Chilean sequences,Argentinean sequences,False,False,False,0.09929462832338579,183,1843,0.14365947383978717,486,3383,0.1356607683723896,851,6273,False,False
p1921,NRC-6/18,p1921,ANDV NRC-6/18,V,II,Chilean sequences,Argentinean sequences,False,False,False,0.09956942949407965,185,1858,0.14264749046081596,486,3407,0.13602015113350127,864,6352,False,False
p1921,ARLA17/NRC2,p1921,ANDV ARLA17/NRC2,V,II,Chilean sequences,Argentinean sequences,False,False,False,0.09961894393032118,183,1837,0.1437831467295227,488,3394,0.1357829995268885,861,6341,False,False
p1921,Epilink/96,p1921,ANDV Epilink/96,V,II,Chilean sequences,Argentinean sequences,False,False,False,0.10059171597633136,187,1859,0.14210217263652378,484,3406,0.13446701306880807,854,6351,False,False
p1921,Epuyen/18-19 Patient 6,p1921,ANDV Epuyen/18-19 Patient 6,V,II,Chilean sequences,Argentinean sequences,False,False,False,0.10166756320602474,189,1859,0.14264749046081596,486,3407,0.13633501259445843,866,6352,False,False
p1921,Epuyen/18-19 Patient 26,p1921,ANDV Epuyen/18-19 Patient 26,V,II,Chilean sequences,Argentinean sequences,False,False,False,0.10210696920583469,189,1851,0.14306741242272594,486,3397,0.13657844990548204,867,6348,False,False
p1921,Epuyen/18-19 Patient 22,p1921,ANDV Epuyen/18-19 Patient 22,V,II,Chilean sequences,Argentinean sequences,False,False,False,0.10237068965517242,190,1856,0.1428991473096148,486,3401,0.13669291338582676,868,6350,False,False
p1921,Epuyen/18-19 Patient 7,p1921,ANDV Epuyen/18-19 Patient 7,V,II,Chilean sequences,Argentinean sequences,False,False,False,0.10275824770146025,190,1849,0.14306741242272594,486,3397,0.1365139348134152,867,6351,False,False
p1921,Epuyen/18-19 Patient 24,p1921,ANDV Epuyen/18-19 Patient 24,V,II,Chilean sequences,Argentinean sequences,False,False,False,0.10260586319218241,189,1842,0.14302530900529722,486,3398,0.13672922252010725,867,6341,False,False
p1921,Epuyen/18-19 Patient 4,p1921,ANDV Epuyen/18-19 Patient 4,V,II,Chilean sequences,Argentinean sequences,False,False,False,0.10221741481882099,189,1849,0.1428991473096148,486,3401,0.13671444321940462,868,6349,False,False
p1921,Epuyen/18-19 Patient 10,p1921,ANDV Epuyen/18-19 Patient 10,V,II,Chilean sequences,Argentinean sequences,False,False,False,0.10294117647058823,189,1836,0.1434051342578932,486,3389,0.136086118251928,847,6224,False,False
p1921,Epuyen/18-19 Patient 15,p1921,ANDV Epuyen/18-19 Patient 15,V,II,Chilean sequences,Argentinean sequences,False,False,False,0.10378912685337727,189,1821,0.14365947383978717,486,3383,0.13675078864353313,867,6340,False,False
p1921,Epuyen/18-19 Patient 18,p1921,ANDV Epuyen/18-19 Patient 18,V,II,Chilean sequences,Argentinean sequences,False,False,False,0.10390324354040682,189,1819,0.14365947383978717,486,3383,0.13652960787426577,860,6299,False,False
p1921,Epuyen/18-19 Patient 23,p1921,ANDV Epuyen/18-19 Patient 23,V,II,Chilean sequences,Argentinean sequences,False,False,False,0.10363537710255019,191,1843,0.14327830188679244,486,3392,0.13675078864353313,867,6340,False,False
p1921,Epuyen/18-19 Patient 12,p1921,ANDV Epuyen/18-19 Patient 12,V,II,Chilean sequences,Argentinean sequences,False,False,False,0.1024390243902439,189,1845,0.14277303503090963,485,3397,0.13655693810048827,867,6349,False,False
p1921,Epuyen/18-19 Patient 25,p1921,ANDV Epuyen/18-19 Patient 25,V,II,Chilean sequences,Argentinean sequences,False,False,False,0.10194174757281553,189,1854,0.1431095406360424,486,3396,0.13655693810048827,867,6349,False,False
p1921,Epuyen/18-19 Patient 17,p1921,ANDV Epuyen/18-19 Patient 17,V,II,Chilean sequences,Argentinean sequences,False,False,False,0.10194174757281553,189,1854,0.14298323036187113,486,3399,0.13655693810048827,867,6349,False,False
p1921,Epuyen/18-19 Patient 3,p1921,ANDV Epuyen/18-19 Patient 3,V,II,Chilean sequences,Argentinean sequences,False,False,False,0.10249457700650759,189,1844,0.1431095406360424,486,3396,0.13662149385439648,867,6346,False,False
p1921,Epuyen/18-19 Patient 13,p1921,ANDV Epuyen/18-19 Patient 13,V,II,Chilean sequences,Argentinean sequences,False,False,False,0.10249457700650759,189,1844,0.14306741242272594,486,3397,0.13657844990548204,867,6348,False,False
p1921,Epuyen/18-19 Patient 1,p1921,ANDV Epuyen/18-19 Patient 1,V,II,Chilean sequences,Argentinean sequences,False,False,False,0.10249457700650759,189,1844,0.14306741242272594,486,3397,0.13657844990548204,867,6348,False,False
p1921,Epuyen/18-19 Patient 28,p1921,ANDV Epuyen/18-19 Patient 28,V,II,Chilean sequences,Argentinean sequences,False,False,False,0.10260586319218241,189,1842,0.1433628318584071,486,3390,0.13672922252010725,867,6341,False,False
p1921,Epuyen/18-19 Patient 16,p1921,ANDV Epuyen/18-19 Patient 16,V,II,Chilean sequences,Argentinean sequences,False,False,False,0.10205183585313175,189,1852,0.14298323036187113,486,3399,0.13657844990548204,867,6348,False,False
p1921,Epuyen/18-19 Patient 29,p1921,ANDV Epuyen/18-19 Patient 29,V,II,Chilean sequences,Argentinean sequences,False,False,False,0.10194174757281553,189,1854,0.14264749046081596,486,3407,0.13655693810048827,867,6349,False,False
p1921,Epuyen/18-19 Patient 19,p1921,ANDV Epuyen/18-19 Patient 19,V,II,Chilean sequences,Argentinean sequences,False,False,False,0.10172228202368137,189,1858,0.14306741242272594,486,3397,0.13647095860223515,867,6353,False,False
p1921,Epuyen/18-19 Patient 9,p1921,ANDV Epuyen/18-19 Patient 9,V,II,Chilean sequences,Argentinean sequences,False,False,False,0.10161290322580645,189,1860,0.14264749046081596,486,3407,0.1365139348134152,867,6351,False,False
p1921,Epuyen/18-19 Patient 20,p1921,ANDV Epuyen/18-19 Patient 20,V,II,Chilean sequences,Argentinean sequences,False,False,False,0.1018867924528302,189,1855,0.1431095406360424,486,3396,0.13664302600472814,867,6345,False,False
p1921,Epuyen/18-19 Patient 8,p1921,ANDV Epuyen/18-19 Patient 8,V,II,Chilean sequences,Argentinean sequences,False,False,False,0.10210696920583469,189,1851,0.14306741242272594,486,3397,0.13653543307086613,867,6350,False,False
p1921,Epuyen/18-19 Patient 14,p1921,ANDV Epuyen/18-19 Patient 14,V,II,Chilean sequences,Argentinean sequences,False,False,False,0.10227272727272728,189,1848,0.14298323036187113,486,3399,0.13653543307086613,867,6350,False,False
p1921,Epuyen/18-19 Patient 11,p1921,ANDV Epuyen/18-19 Patient 11,V,II,Chilean sequences,Argentinean sequences,False,False,False,0.10288513881328253,189,1837,0.14323607427055704,486,3393,0.13694519033328068,867,6331,False,False
p1921,Epuyen/18-19 Patient 27,p1921,ANDV Epuyen/18-19 Patient 27,V,II,Chilean sequences,Argentinean sequences,False,False,False,0.10266159695817491,189,1841,0.14327830188679244,486,3392,0.13670766319772942,867,6342,False,False
p1921,Epuyen/18-19 Patient 5,p1921,ANDV Epuyen/18-19 Patient 5,V,II,Chilean sequences,Argentinean sequences,False,False,False,0.10260586319218241,189,1842,0.14306741242272594,486,3397,0.13659996848904996,867,6347,False,False
p1921,Epuyen,p1921,ANDV Epuyen,V,II,Chilean sequences,Argentinean sequences,False,False,False,0.10374796306355241,191,1841,0.1437831467295227,488,3394,0.1374203821656051,863,6280,False,False
p1921,p334,p1921,p334,V,I,Chilean sequences,Chilean sequences,False,False,False,0.10716208939149165,199,1857,0.1433177022274326,489,3412,0.13178172668658594,838,6359,False,False
p1921,p1060,p1921,p1060,V,I,Chilean sequences,Chilean sequences,False,False,False,0.09552077711818673,177,1853,0.14281524926686218,487,3410,0.13501180173092053,858,6355,False,False
p1921,p1056,p1921,p1056,V,I,Chilean sequences,Chilean sequences,False,False,False,0.09978425026968717,185,1854,0.14076246334310852,480,3410,0.12824547600314712,815,6355,False,False
p1921,NRC-2/97,p1921,ANDV NRC-2/97,V,I,Chilean sequences,Argentinean sequences,False,False,False,0.10298102981029811,190,1845,0.14121462264150944,479,3392,0.12801395939086294,807,6304,False,False
p1921,p115D,p1921,p115D,V,I,Chilean sequences,Chilean sequences,False,False,False,0.09828141783029001,183,1862,0.13905152224824355,475,3416,0.1327781269641735,845,6364,False,False
p1921,p915,p1921,p915,V,I,Chilean sequences,Chilean sequences,False,False,False,0.09779688339602365,182,1861,0.1414319248826291,482,3408,0.13171958503615216,838,6362,False,False
p1921,p201,p1921,p201,V,I,Chilean sequences,Chilean sequences,False,False,False,0.09875876956287102,183,1853,0.14134897360703813,482,3410,0.13297705124174788,846,6362,False,False
p1921,p1064,p1921,p1064,V,I,Chilean sequences,Chilean sequences,False,False,False,0.10054054054054054,186,1850,0.14222873900293256,485,3410,0.1274355751099937,811,6364,False,False
p1921,CHI-7913,p1921,ANDV CHI-7913,V,I,Chilean sequences,Chilean sequences,False,False,False,0.10244988864142539,184,1796,0.14180641365107385,482,3399,0.1295617529880478,813,6275,False,False
p1921,p1062,p1921,p1062,V,I,Chilean sequences,Chilean sequences,False,False,False,0.09800753904146473,182,1857,0.13901082821188177,475,3417,0.12839855414112838,817,6363,False,False
p1921,p1058,p1921,p1058,V,I,Chilean sequences,Chilean sequences,False,False,False,0.10048361096184846,187,1861,0.14134897360703813,482,3410,0.12690674634376475,807,6359,False,False
p1921,NRC-5/18,p1921,ANDV NRC-5/18,V,I,Chilean sequences,Argentinean sequences,False,False,False,0.09621621621621622,178,1850,0.13987043580683156,475,3396,0.12803915377328703,811,6334,False,False
p1921,p1241,p1921,p1241,V,I,Chilean sequences,Chilean sequences,False,False,False,0.09801821103374397,183,1867,0.13871817383669885,474,3417,0.12824139556812825,816,6363,False,False
p1921,p1313,p1921,p1313,V,I,Chilean sequences,Chilean sequences,False,False,False,0.09644396551724138,179,1856,0.13841642228739004,472,3410,0.13068092467369083,831,6359,False,False
p1921,p126,p1921,p126,V,I,Chilean sequences,Chilean sequences,False,False,False,0.09600862998921252,178,1854,0.13841642228739004,472,3410,0.12965582272512965,825,6363,False,False
p1921,136D,p1921,136D,V,I,Chilean sequences,Chilean sequences,False,False,False,0.10303030303030303,187,1815,0.1451955137920582,479,3299,0.1326676176890157,837,6309,False,False
p1921,p1052,p1921,p1052,V,I,Chilean sequences,Chilean sequences,False,False,False,0.09462365591397849,176,1860,0.1395076201641266,476,3412,0.12839855414112838,817,6363,False,False
p1921,131D,p1921,131D,V,I,Chilean sequences,Chilean sequences,False,False,False,0.09761388286334056,180,1844,0.14114114114114115,470,3330,0.1294359949302915,817,6312,False,False
p1921,p127,p1921,p127,V,I,Chilean sequences,Chilean sequences,False,False,False,0.09859913793103449,183,1856,0.13900293255131965,474,3410,0.13092053501180173,832,6355,False,False
p1921,p1427,p1921,p1427,V,I,Chilean sequences,Chilean sequences,False,False,False,0.09731182795698924,181,1860,0.13930348258706468,476,3417,0.1304211187932118,830,6364,False,False
p1921,p1430,p1921,p1430,V,I,Chilean sequences,Chilean sequences,False,False,False,0.0971030042918455,181,1864,0.13901082821188177,475,3417,0.12994971715901948,827,6364,False,False
p1921,ANDV-CH-LS-2016,p1921,ANDV-CH-LS-2016,V,I,Chilean sequences,Chilean sequences,False,False,False,0.10011185682326622,179,1788,0.14149821640903687,476,3364,0.13186813186813187,756,5733,False,False
p1921,ANDV-CH-LS-2022,p1921,ANDV-CH-LS-2022,V,I,Chilean sequences,Chilean sequences,False,False,False,0.10085470085470086,177,1755,0.1437670609645132,474,3297,0.13169200264375414,797,6052,False,False
p1921,ARG p19,p1921,ANDV ARG p19,V,III,Chilean sequences,Argentinean sequences,False,False,False,0.09865951742627346,184,1865,0.13845702552068054,472,3409,0.13049013367281986,820,6284,False,False
p1921,ARG p3,p1921,ANDV ARG p3,V,III,Chilean sequences,Argentinean sequences,False,False,False,0.09875876956287102,183,1853,0.1384886798000588,471,3401,0.1296267128681682,823,6349,False,False
p1921,ARG-M.a.,p1921,ANDV ARG-M.a.,V,III,Chilean sequences,Argentinean sequences,False,False,False,0.09897794513179128,184,1859,0.13824479013795127,471,3407,0.13060118003508212,819,6271,False,False
p1921,ARG p9,p1921,ANDV ARG p9,V,III,Chilean sequences,Argentinean sequences,False,False,False,0.09881847475832438,184,1862,0.13812316715542522,471,3410,0.13033099936346276,819,6284,False,False
p1921,p1316,p1921,p1316,V,III,Chilean sequences,Chilean sequences,False,False,False,0.09752155172413793,181,1856,0.1375366568914956,469,3410,0.12902718843312902,821,6363,False,False
p1921,CHI-Hu13724 P2,p1921,ANDV CHI-Hu13724 P2,V,III,Chilean sequences,Chilean sequences,False,False,False,0.09827213822894168,182,1852,0.13929618768328444,475,3410,0.1297925832809554,826,6364,False,False
p1921,p136,p1921,p136,V,III,Chilean sequences,Chilean sequences,False,False,False,0.09731182795698924,181,1860,0.13929618768328444,475,3410,0.12981298129812982,826,6363,False,False
p1921,p137,p1921,p137,V,III,Chilean sequences,Chilean sequences,False,False,False,0.09783783783783784,181,1850,0.13937793427230047,475,3408,0.1299150676313306,826,6358,False,False
p1921,CHI-Hu13724 P1,p1921,ANDV CHI-Hu13724 P1,V,III,Chilean sequences,Chilean sequences,False,False,False,0.09731182795698924,181,1860,0.13901082821188177,475,3417,0.1297925832809554,826,6364,False,False
p1921,p1059,p1921,p1059,V,III,Chilean sequences,Chilean sequences,False,True,False,0.09946236559139784,185,1860,0.13842551946151596,473,3417,0.12947831552482716,824,6364,False,False
p1921,NRC-4/18,p1921,ANDV NRC-4/18,V,III,Chilean sequences,Argentinean sequences,False,True,False,0.09821910415542363,182,1853,0.1368452030606239,465,3398,0.13037316957959377,828,6351,False,False
p1921,NRC-3/18,p1921,ANDV NRC-3/18,V,III,Chilean sequences,Argentinean sequences,False,True,False,0.09837837837837837,182,1850,0.13659110980276715,464,3397,0.13047589032461393,828,6346,False,False
p1921,132D,p1921,132D,V,III,Chilean sequences,Chilean sequences,False,True,False,0.0997289972899729,184,1845,0.1403301886792453,476,3392,0.12972887767969735,823,6344,False,False
p1921,p1239,p1921,p1239,V,III,Chilean sequences,Chilean sequences,False,True,False,0.09946236559139784,185,1860,0.13908450704225353,474,3408,0.12763281986796604,812,6362,False,False
p1921,p1242,p1921,p1242,V,III,Chilean sequences,Chilean sequences,False,True,False,0.10172228202368137,189,1858,0.13849765258215962,472,3408,0.12808423699512808,815,6363,False,False
p1921,p931,p1921,p931,V,III,Chilean sequences,Chilean sequences,False,True,False,0.09962506695232994,186,1867,0.13937793427230047,475,3408,0.12747563659226657,811,6362,False,False
p1921,p1236,p1921,p1236,V,III,Chilean sequences,Chilean sequences,False,True,False,0.09795479009687837,182,1858,0.136443661971831,465,3408,0.12335579082451074,769,6234,True,False
p1921,cruise,p1921,France-Case 9,V,III,Chilean sequences,Cruise ship outbreak sequences,False,True,False,0.09821910415542363,182,1853,0.13890523837551502,472,3398,0.12909319899244331,820,6352,False,True
p1921,cruise,p1921,Spain-Case 10,V,III,Chilean sequences,Cruise ship outbreak sequences,False,True,False,0.09853817000541419,182,1847,0.13870114604760506,472,3403,0.129174543163201,820,6348,False,True
p1921,cruise,p1921,Spain-Case 12,V,III,Chilean sequences,Cruise ship outbreak sequences,False,True,False,0.09853817000541419,182,1847,0.13870114604760506,472,3403,0.129174543163201,820,6348,False,True
p1921,Switzerland-Case 7,p1921,Switzerland-Case 7,V,III,Chilean sequences,Cruise ship outbreak sequences,False,True,False,0.09853817000541419,182,1847,0.13870114604760506,472,3403,0.12900691389063482,821,6364,False,True
p1921,cruise,p1921,Netherlands-Case 6,V,III,Chilean sequences,Cruise ship outbreak sequences,False,True,False,0.09989023051591657,182,1822,0.1395211350872007,472,3383,0.12901069518716576,772,5984,False,True
p1921,cruise,p1921,Netherlands-Case 5,V,III,Chilean sequences,Cruise ship outbreak sequences,False,True,False,0.10105496946141032,182,1801,0.14191021391985537,471,3319,0.12963847746456442,814,6279,False,True
p1921,cruise,p1921,Johannesburg-Case 2,V,III,Chilean sequences,Cruise ship outbreak sequences,False,True,False,0.10176236498010233,179,1759,0.13997627520759193,472,3372,0.1299426020408163,815,6272,False,True
p1921,cruise,p1921,Johannesburg-Case 3,V,III,Chilean sequences,Cruise ship outbreak sequences,False,True,False,0.1012514220705347,178,1758,0.14063899671543745,471,3349,0.12952140262201864,820,6331,False,True
p1921,cruise,p1921,Canada-Case 11_NPswab,V,III,Chilean sequences,Cruise ship outbreak sequences,False,True,False,0.10307982401005657,164,1591,0.13890784982935153,407,2930,0.1303686168413933,771,5914,False,True
p1921,cruise,p1921,Canada-Case 11_blood,V,III,Chilean sequences,Cruise ship outbreak sequences,False,True,False,0.10227272727272728,180,1760,0.14161154539987975,471,3326,0.12971175166297116,819,6314,False,True
p133,p1918,p133,p1918,V,IV,Chilean sequences,Chilean sequences,False,False,False,0.10685375067458176,198,1853,0.1315645514223195,481,3656,0.13393402565668908,877,6548,False,False
p133,127D,p133,127D,V,IV,Chilean sequences,Chilean sequences,False,False,False,0.10472056429734129,193,1843,0.1371331828442438,486,3544,0.1342734518700184,876,6524,False,False
p133,Chile-9717869,p133,ANDV Chile-9717869,V,IV,Chilean sequences,Chilean sequences,False,False,False,0.10123855681206247,188,1857,0.13258611262985237,485,3658,0.13470633104500382,883,6555,False,False
p133,p332,p133,p332,V,IV,Chilean sequences,Chilean sequences,False,False,False,0.10123855681206247,188,1857,0.1324575807334428,484,3654,0.13564235581324383,889,6554,False,False
p133,p502,p133,p502,V,II,Chilean sequences,Chilean sequences,False,False,False,0.0990845449649973,184,1857,0.13023255813953488,476,3655,0.1391304347826087,912,6555,False,False
p133,ARCH14/NRC1,p133,ANDV ARCH14/NRC1,V,II,Chilean sequences,Argentinean sequences,False,False,False,0.09945945945945946,184,1850,0.1312465678198792,478,3642,0.13596692696371154,888,6531,False,False
p133,AREB14/P2,p133,ANDV AREB14/P2,V,II,Chilean sequences,Argentinean sequences,False,False,False,0.09428879310344827,175,1856,0.12903225806451613,472,3658,0.13790999237223495,904,6555,False,False
p133,AREB14/P3,p133,ANDV AREB14/P3,V,II,Chilean sequences,Argentinean sequences,False,False,False,0.09657836644591611,175,1812,0.1298844248761695,472,3634,0.13832720588235295,903,6528,False,False
p133,AREB14/P1,p133,ANDV AREB14/P1,V,II,Chilean sequences,Argentinean sequences,False,False,False,0.09495387954422138,175,1843,0.13006337834114082,472,3629,0.13969678217821782,903,6464,False,False
p133,NRC-6/18,p133,ANDV NRC-6/18,V,II,Chilean sequences,Argentinean sequences,False,False,False,0.09557235421166306,177,1852,0.13249384067889405,484,3653,0.1396912731163075,914,6543,False,False
p133,ARLA17/NRC2,p133,ANDV ARLA17/NRC2,V,II,Chilean sequences,Argentinean sequences,False,False,False,0.09471965160587915,174,1837,0.13390156722573548,487,3637,0.13962033067973056,912,6532,False,False
p133,Epilink/96,p133,ANDV Epilink/96,V,II,Chilean sequences,Argentinean sequences,False,False,False,0.09644396551724138,179,1856,0.13198247535596933,482,3652,0.13879547538978906,908,6542,False,False
p133,Epuyen/18-19 Patient 6,p133,ANDV Epuyen/18-19 Patient 6,V,II,Chilean sequences,Argentinean sequences,False,False,False,0.09752155172413793,181,1856,0.1308513550506433,478,3653,0.14014977838911813,917,6543,False,False
p133,Epuyen/18-19 Patient 26,p133,ANDV Epuyen/18-19 Patient 26,V,II,Chilean sequences,Argentinean sequences,False,False,False,0.097784981091302,181,1851,0.13121054076310734,478,3643,0.1403884385991742,918,6539,False,False
p133,Epuyen/18-19 Patient 22,p133,ANDV Epuyen/18-19 Patient 22,V,II,Chilean sequences,Argentinean sequences,False,False,False,0.0980603448275862,182,1856,0.1310666301069372,478,3647,0.1404983947408653,919,6541,False,False
p133,Epuyen/18-19 Patient 7,p133,ANDV Epuyen/18-19 Patient 7,V,II,Chilean sequences,Argentinean sequences,False,False,False,0.09843158464034614,182,1849,0.13121054076310734,478,3643,0.1403240599205136,918,6542,False,False
p133,Epuyen/18-19 Patient 24,p133,ANDV Epuyen/18-19 Patient 24,V,II,Chilean sequences,Argentinean sequences,False,False,False,0.0982627578718784,181,1842,0.13121054076310734,478,3643,0.14053888548683405,918,6532,False,False
p133,Epuyen/18-19 Patient 4,p133,ANDV Epuyen/18-19 Patient 4,V,II,Chilean sequences,Argentinean sequences,False,False,False,0.09789075175770687,181,1849,0.13134082807787223,479,3647,0.14051987767584098,919,6540,False,False
p133,Epuyen/18-19 Patient 10,p133,ANDV Epuyen/18-19 Patient 10,V,II,Chilean sequences,Argentinean sequences,False,False,False,0.09858387799564271,181,1836,0.13168044077134985,478,3630,0.1410756040530008,905,6415,False,False
p133,Epuyen/18-19 Patient 15,p133,ANDV Epuyen/18-19 Patient 15,V,II,Chilean sequences,Argentinean sequences,False,False,False,0.09939593629873696,181,1821,0.13189845474613687,478,3624,0.14056040422599908,918,6531,False,False
p133,Epuyen/18-19 Patient 18,p133,ANDV Epuyen/18-19 Patient 18,V,II,Chilean sequences,Argentinean sequences,False,False,False,0.09950522264980759,181,1819,0.13189845474613687,478,3624,0.14021571648690292,910,6490,False,False
p133,Epuyen/18-19 Patient 23,p133,ANDV Epuyen/18-19 Patient 23,V,II,Chilean sequences,Argentinean sequences,False,False,False,0.09929462832338579,183,1843,0.13142700027495188,478,3637,0.14056040422599908,918,6531,False,False
p133,Epuyen/18-19 Patient 12,p133,ANDV Epuyen/18-19 Patient 12,V,II,Chilean sequences,Argentinean sequences,False,False,False,0.0981029810298103,181,1845,0.13093604172385398,477,3643,0.14036697247706423,918,6540,False,False
p133,Epuyen/18-19 Patient 25,p133,ANDV Epuyen/18-19 Patient 25,V,II,Chilean sequences,Argentinean sequences,False,False,False,0.09773218142548597,181,1852,0.1312465678198792,478,3642,0.14036697247706423,918,6540,False,False
p133,Epuyen/18-19 Patient 17,p133,ANDV Epuyen/18-19 Patient 17,V,II,Chilean sequences,Argentinean sequences,False,False,False,0.09773218142548597,181,1852,0.13113854595336077,478,3645,0.14036697247706423,918,6540,False,False
p133,Epuyen/18-19 Patient 3,p133,ANDV Epuyen/18-19 Patient 3,V,II,Chilean sequences,Argentinean sequences,False,False,False,0.09815618221258135,181,1844,0.1312465678198792,478,3642,0.14043139054612208,918,6537,False,False
p133,Epuyen/18-19 Patient 13,p133,ANDV Epuyen/18-19 Patient 13,V,II,Chilean sequences,Argentinean sequences,False,False,False,0.09815618221258135,181,1844,0.13121054076310734,478,3643,0.1403884385991742,918,6539,False,False
p133,Epuyen/18-19 Patient 1,p133,ANDV Epuyen/18-19 Patient 1,V,II,Chilean sequences,Argentinean sequences,False,False,False,0.09815618221258135,181,1844,0.13121054076310734,478,3643,0.1403884385991742,918,6539,False,False
p133,Epuyen/18-19 Patient 28,p133,ANDV Epuyen/18-19 Patient 28,V,II,Chilean sequences,Argentinean sequences,False,False,False,0.0982627578718784,181,1842,0.13146314631463146,478,3636,0.14053888548683405,918,6532,False,False
p133,Epuyen/18-19 Patient 16,p133,ANDV Epuyen/18-19 Patient 16,V,II,Chilean sequences,Argentinean sequences,False,False,False,0.09794372294372294,181,1848,0.1312465678198792,478,3642,0.1403884385991742,918,6539,False,False
p133,Epuyen/18-19 Patient 29,p133,ANDV Epuyen/18-19 Patient 29,V,II,Chilean sequences,Argentinean sequences,False,False,False,0.09794372294372294,181,1848,0.1308513550506433,478,3653,0.14036697247706423,918,6540,False,False
p133,Epuyen/18-19 Patient 19,p133,ANDV Epuyen/18-19 Patient 19,V,II,Chilean sequences,Argentinean sequences,False,False,False,0.09773218142548597,181,1852,0.13121054076310734,478,3643,0.14028117359413203,918,6544,False,False
p133,Epuyen/18-19 Patient 9,p133,ANDV Epuyen/18-19 Patient 9,V,II,Chilean sequences,Argentinean sequences,False,False,False,0.09757412398921833,181,1855,0.1308513550506433,478,3653,0.1403240599205136,918,6542,False,False
p133,Epuyen/18-19 Patient 20,p133,ANDV Epuyen/18-19 Patient 20,V,II,Chilean sequences,Argentinean sequences,False,False,False,0.09773218142548597,181,1852,0.1312465678198792,478,3642,0.14045287637698897,918,6536,False,False
p133,Epuyen/18-19 Patient 8,p133,ANDV Epuyen/18-19 Patient 8,V,II,Chilean sequences,Argentinean sequences,False,False,False,0.097784981091302,181,1851,0.13121054076310734,478,3643,0.140345512918514,918,6541,False,False
p133,Epuyen/18-19 Patient 14,p133,ANDV Epuyen/18-19 Patient 14,V,II,Chilean sequences,Argentinean sequences,False,False,False,0.09794372294372294,181,1848,0.13113854595336077,478,3645,0.140345512918514,918,6541,False,False
p133,Epuyen/18-19 Patient 11,p133,ANDV Epuyen/18-19 Patient 11,V,II,Chilean sequences,Argentinean sequences,False,False,False,0.0985302123026674,181,1837,0.13146314631463146,478,3636,0.14060104262496168,917,6522,False,False
p133,Epuyen/18-19 Patient 27,p133,ANDV Epuyen/18-19 Patient 27,V,II,Chilean sequences,Argentinean sequences,False,False,False,0.09831613253666485,181,1841,0.131390874106652,478,3638,0.14051737333537426,918,6533,False,False
p133,Epuyen/18-19 Patient 5,p133,ANDV Epuyen/18-19 Patient 5,V,II,Chilean sequences,Argentinean sequences,False,False,False,0.0982627578718784,181,1842,0.13131868131868132,478,3640,0.14040991128785563,918,6538,False,False
p133,Epuyen,p133,ANDV Epuyen,V,II,Chilean sequences,Argentinean sequences,False,False,False,0.09902067464635474,182,1838,0.1319406267179769,480,3638,0.1415546283418328,916,6471,False,False
p133,p334,p133,p334,V,I,Chilean sequences,Chilean sequences,False,False,False,0.10285406569736133,191,1857,0.13563029805851792,496,3657,0.13526717557251908,886,6550,False,False
p133,p1060,p133,p1060,V,I,Chilean sequences,Chilean sequences,False,False,False,0.0933621154883972,173,1853,0.13293216630196936,486,3656,0.13932172318973418,912,6546,False,False
p133,p1056,p133,p1056,V,I,Chilean sequences,Chilean sequences,False,False,False,0.09277238403451996,172,1854,0.1288293216630197,471,3656,0.1332111212954476,872,6546,False,False
p133,NRC-2/97,p133,ANDV NRC-2/97,V,I,Chilean sequences,Argentinean sequences,False,False,False,0.0981029810298103,181,1845,0.1317019521583723,479,3637,0.13410315627405697,871,6495,False,False
p133,p115D,p133,p115D,V,I,Chilean sequences,Chilean sequences,False,False,False,0.09316101238556812,173,1857,0.1307797537619699,478,3655,0.1392829900839054,913,6555,False,False
p133,p915,p133,p915,V,I,Chilean sequences,Chilean sequences,False,False,False,0.09272237196765498,172,1855,0.13263907919978077,484,3649,0.13871509232412635,909,6553,False,False
p133,p201,p133,p201,V,I,Chilean sequences,Chilean sequences,False,False,False,0.0933621154883972,173,1853,0.13187414500683994,482,3655,0.1390202960476118,911,6553,False,False
p133,p1064,p133,p1064,V,I,Chilean sequences,Chilean sequences,False,False,False,0.09513513513513513,176,1850,0.12900575184880855,471,3651,0.13455377574370708,882,6555,False,False
p133,CHI-7913,p133,ANDV CHI-7913,V,I,Chilean sequences,Chilean sequences,False,False,False,0.09688195991091314,174,1796,0.12829670329670328,467,3640,0.13656047015156203,883,6466,False,False
p133,p1062,p133,p1062,V,I,Chilean sequences,Chilean sequences,False,False,False,0.09159482758620689,170,1856,0.12575177692728268,460,3658,0.13548977723527617,888,6554,False,False
p133,p1058,p133,p1058,V,I,Chilean sequences,Chilean sequences,False,False,False,0.09595687331536389,178,1855,0.12691466083150985,464,3656,0.13374045801526718,876,6550,False,False
p133,NRC-5/18,p133,ANDV NRC-5/18,V,I,Chilean sequences,Argentinean sequences,False,False,False,0.09154929577464789,169,1846,0.12716286734413623,463,3641,0.13363984674329502,872,6525,False,False
p133,p1241,p133,p1241,V,I,Chilean sequences,Chilean sequences,False,False,False,0.09213362068965517,171,1856,0.12957900492072172,474,3658,0.13548977723527617,888,6554,False,False
p133,p1313,p133,p1313,V,I,Chilean sequences,Chilean sequences,False,False,False,0.08997844827586207,167,1856,0.12691466083150985,464,3656,0.1363358778625954,893,6550,False,False
p133,p126,p133,p126,V,I,Chilean sequences,Chilean sequences,False,False,False,0.09007551240560949,167,1854,0.12609409190371992,461,3656,0.13487946292340555,884,6554,False,False
p133,136D,p133,136D,V,I,Chilean sequences,Chilean sequences,False,False,False,0.09641873278236915,175,1815,0.1344632768361582,476,3540,0.14,910,6500,False,False
p133,p1052,p133,p1052,V,I,Chilean sequences,Chilean sequences,False,False,False,0.0894396551724138,166,1856,0.12657189721159104,463,3658,0.13381141287763199,877,6554,False,False
p133,131D,p133,131D,V,I,Chilean sequences,Chilean sequences,False,False,False,0.09327548806941431,172,1844,0.1285354242509101,459,3571,0.1348608334614793,877,6503,False,False
p133,p127,p133,p127,V,I,Chilean sequences,Chilean sequences,False,False,False,0.09321120689655173,173,1856,0.12609409190371992,461,3656,0.13703024747937673,897,6546,False,False
p133,p1427,p133,p1427,V,I,Chilean sequences,Chilean sequences,False,False,False,0.09110512129380054,169,1855,0.12657189721159104,463,3658,0.13790999237223495,904,6555,False,False
p133,p1430,p133,p1430,V,I,Chilean sequences,Chilean sequences,False,False,False,0.09213362068965517,171,1856,0.1271186440677966,465,3658,0.13714721586575135,899,6555,False,False
p133,ANDV-CH-LS-2016,p133,ANDV-CH-LS-2016,V,I,Chilean sequences,Chilean sequences,False,False,False,0.09451901565995526,169,1788,0.1292649098474341,466,3605,0.1387575962187711,822,5924,False,False
p133,ANDV-CH-LS-2022,p133,ANDV-CH-LS-2022,V,I,Chilean sequences,Chilean sequences,False,False,False,0.09515669515669516,167,1755,0.13438504236050247,460,3423,0.13855518180362006,865,6243,False,False
p133,ARG p19,p133,ANDV ARG p19,V,III,Chilean sequences,Argentinean sequences,False,False,False,0.09428879310344827,175,1856,0.12722298221614228,465,3655,0.13806949806949806,894,6475,False,False
p133,ARG p3,p133,ANDV ARG p3,V,III,Chilean sequences,Argentinean sequences,False,False,False,0.09420682187330806,174,1847,0.127227858513847,464,3647,0.13685015290519878,895,6540,False,False
p133,ARG-M.a.,p133,ANDV ARG-M.a.,V,III,Chilean sequences,Argentinean sequences,False,False,False,0.09444144630329196,175,1853,0.12712328767123288,464,3650,0.1381925100588053,893,6462,False,False
p133,ARG p9,p133,ANDV ARG p9,V,III,Chilean sequences,Argentinean sequences,False,False,False,0.09428879310344827,175,1856,0.12691466083150985,464,3656,0.13791505791505793,893,6475,False,False
p133,p1316,p133,p1316,V,III,Chilean sequences,Chilean sequences,False,False,False,0.09267241379310345,172,1856,0.12609409190371992,461,3656,0.13655782728104973,895,6554,False,False
p133,CHI-Hu13724 P2,p133,ANDV CHI-Hu13724 P2,V,III,Chilean sequences,Chilean sequences,False,False,False,0.09341252699784017,173,1852,0.12718818380743982,465,3656,0.13668954996186117,896,6555,False,False
p133,p136,p133,p136,V,III,Chilean sequences,Chilean sequences,False,False,False,0.09267241379310345,172,1856,0.12718818380743982,465,3656,0.13655782728104973,895,6554,False,False
p133,p137,p133,p137,V,III,Chilean sequences,Chilean sequences,False,False,False,0.09297297297297297,172,1850,0.12729263618943334,465,3653,0.1366620858146282,895,6549,False,False
p133,CHI-Hu13724 P1,p133,ANDV CHI-Hu13724 P1,V,III,Chilean sequences,Chilean sequences,False,False,False,0.09277238403451996,172,1854,0.1271186440677966,465,3658,0.13668954996186117,896,6555,False,False
p133,p1059,p133,p1059,V,III,Chilean sequences,Chilean sequences,False,True,False,0.09482758620689655,176,1856,0.12547840349917988,459,3658,0.13653699466056446,895,6555,False,False
p133,NRC-4/18,p133,ANDV NRC-4/18,V,III,Chilean sequences,Argentinean sequences,False,True,False,0.0933621154883972,173,1853,0.12486278814489572,455,3644,0.13772546621828188,901,6542,False,False
p133,NRC-3/18,p133,ANDV NRC-3/18,V,III,Chilean sequences,Argentinean sequences,False,True,False,0.09371614301191766,173,1846,0.12462256382102663,454,3643,0.13783080923971242,901,6537,False,False
p133,132D,p133,132D,V,III,Chilean sequences,Chilean sequences,False,True,False,0.0948509485094851,175,1845,0.12579135700522984,457,3633,0.13634276970160672,891,6535,False,False
p133,p1239,p133,p1239,V,III,Chilean sequences,Chilean sequences,False,True,False,0.09492988133764833,176,1854,0.12523979172375993,457,3649,0.13444224019533038,881,6553,False,False
p133,p1242,p133,p1242,V,III,Chilean sequences,Chilean sequences,False,True,False,0.09611231101511879,178,1852,0.1259928786633799,460,3651,0.1347268843454379,883,6554,False,False
p133,p931,p133,p931,V,III,Chilean sequences,Chilean sequences,False,True,False,0.09644396551724138,179,1856,0.1259928786633799,460,3651,0.13428963833358767,880,6553,False,False
p133,p1236,p133,p1236,V,III,Chilean sequences,Chilean sequences,False,True,False,0.09341252699784017,173,1852,0.12482890774705721,456,3653,0.12996108949416343,835,6425,True,False
p133,cruise,p133,France-Case 9,V,III,Chilean sequences,Cruise ship outbreak sequences,False,True,False,0.09444144630329196,175,1853,0.12623490669593854,460,3644,0.1360232309338224,890,6543,False,True
p133,cruise,p133,Spain-Case 10,V,III,Chilean sequences,Cruise ship outbreak sequences,False,True,False,0.09474824038982133,175,1847,0.12609649122807018,460,3648,0.13610643829331703,890,6539,False,True
p133,cruise,p133,Spain-Case 12,V,III,Chilean sequences,Cruise ship outbreak sequences,False,True,False,0.09474824038982133,175,1847,0.12609649122807018,460,3648,0.13610643829331703,890,6539,False,True
p133,Switzerland-Case 7,p133,Switzerland-Case 7,V,III,Chilean sequences,Cruise ship outbreak sequences,False,True,False,0.09474824038982133,175,1847,0.12609649122807018,460,3648,0.1360793287566743,892,6555,False,True
p133,cruise,p133,Netherlands-Case 6,V,III,Chilean sequences,Cruise ship outbreak sequences,False,True,False,0.09604829857299671,175,1822,0.12693156732891833,460,3624,0.13640792465086066,840,6158,False,True
p133,cruise,p133,Netherlands-Case 5,V,III,Chilean sequences,Cruise ship outbreak sequences,False,True,False,0.0971682398667407,175,1801,0.12921348314606743,460,3560,0.1366306027820711,884,6470,False,True
p133,cruise,p133,Johannesburg-Case 2,V,III,Chilean sequences,Cruise ship outbreak sequences,False,True,False,0.0977828311540648,172,1759,0.12731801826736783,460,3613,0.13724276651709733,887,6463,False,True
p133,cruise,p133,Johannesburg-Case 3,V,III,Chilean sequences,Cruise ship outbreak sequences,False,True,False,0.09726962457337884,171,1758,0.12813370473537605,460,3590,0.13646120821833793,890,6522,False,True
p133,cruise,p133,Canada-Case 11_NPswab,V,III,Chilean sequences,Cruise ship outbreak sequences,False,True,False,0.09679446888749214,154,1591,0.12582781456953643,399,3171,0.13742833742833743,839,6105,False,True
p133,cruise,p133,Canada-Case 11_blood,V,III,Chilean sequences,Cruise ship outbreak sequences,False,True,False,0.09829545454545455,173,1760,0.12895991028875806,460,3567,0.1366641045349731,889,6505,False,True
p1918,127D,p1918,127D,IV,IV,Chilean sequences,Chilean sequences,False,False,True,0.017857142857142856,33,1848,0.021438645980253877,76,3545,0.01427036980205616,93,6517,False,False
p1918,Chile-9717869,p1918,ANDV Chile-9717869,IV,IV,Chilean sequences,Chilean sequences,False,False,True,0.0296655879180151,55,1854,0.03634872916097295,133,3659,0.033282442748091605,218,6550,False,False
p1918,p332,p1918,p332,IV,IV,Chilean sequences,Chilean sequences,False,False,True,0.03182308522114347,59,1854,0.036935704514363885,135,3655,0.03558338423946243,233,6548,False,False
p1918,p502,p1918,p502,IV,II,Chilean sequences,Chilean sequences,False,False,False,0.07431340872374798,138,1857,0.054187192118226604,198,3654,0.08229007633587786,539,6550,False,False
p1918,ARCH14/NRC1,p1918,ANDV ARCH14/NRC1,IV,II,Chilean sequences,Argentinean sequences,False,False,False,0.07779578606158834,144,1851,0.04364534724128465,159,3643,0.05711223396110856,373,6531,False,False
p1918,AREB14/P2,p1918,ANDV AREB14/P2,IV,II,Chilean sequences,Argentinean sequences,False,False,False,0.0738146551724138,137,1856,0.05247335337523914,192,3659,0.05847328244274809,383,6550,False,False
p1918,AREB14/P3,p1918,ANDV AREB14/P3,IV,II,Chilean sequences,Argentinean sequences,False,False,False,0.07552370452039692,137,1814,0.05281980742778542,192,3635,0.0586703431372549,383,6528,False,False
p1918,AREB14/P1,p1918,ANDV AREB14/P1,IV,II,Chilean sequences,Argentinean sequences,False,False,False,0.07425474254742548,137,1845,0.052602588818507295,191,3631,0.058787128712871284,380,6464,False,False
p1918,NRC-6/18,p1918,ANDV NRC-6/18,IV,II,Chilean sequences,Argentinean sequences,False,False,False,0.07389428263214672,137,1854,0.056345733041575495,206,3656,0.05943468296409473,389,6545,False,False
p1918,ARLA17/NRC2,p1918,ANDV ARLA17/NRC2,IV,II,Chilean sequences,Argentinean sequences,False,False,False,0.07232191408374117,133,1839,0.052776250687190766,192,3638,0.059246785058175135,387,6532,False,False
p1918,Epilink/96,p1918,ANDV Epilink/96,IV,II,Chilean sequences,Argentinean sequences,False,False,False,0.07169811320754717,133,1855,0.05143638850889193,188,3655,0.05684596577017115,372,6544,False,False
p1918,Epuyen/18-19 Patient 6,p1918,ANDV Epuyen/18-19 Patient 6,IV,II,Chilean sequences,Argentinean sequences,False,False,False,0.07273706896551724,135,1856,0.0525164113785558,192,3656,0.05790679908326967,379,6545,False,False
p1918,Epuyen/18-19 Patient 26,p1918,ANDV Epuyen/18-19 Patient 26,IV,II,Chilean sequences,Argentinean sequences,False,False,False,0.07285483000539665,135,1853,0.052660449808008776,192,3646,0.058095092493502525,380,6541,False,False
p1918,Epuyen/18-19 Patient 22,p1918,ANDV Epuyen/18-19 Patient 22,IV,II,Chilean sequences,Argentinean sequences,False,False,False,0.07327586206896551,136,1856,0.0526027397260274,192,3650,0.05823016964695094,381,6543,False,False
p1918,Epuyen/18-19 Patient 7,p1918,ANDV Epuyen/18-19 Patient 7,IV,II,Chilean sequences,Argentinean sequences,False,False,False,0.07347379794705565,136,1851,0.052660449808008776,192,3646,0.05806845965770171,380,6544,False,False
p1918,Epuyen/18-19 Patient 24,p1918,ANDV Epuyen/18-19 Patient 24,IV,II,Chilean sequences,Argentinean sequences,False,False,False,0.07321041214750543,135,1844,0.052689352360043906,192,3644,0.058175137783221066,380,6532,False,False
p1918,Epuyen/18-19 Patient 4,p1918,ANDV Epuyen/18-19 Patient 4,IV,II,Chilean sequences,Argentinean sequences,False,False,False,0.07293354943273905,135,1851,0.052876712328767124,193,3650,0.05823907062060532,381,6542,False,False
p1918,Epuyen/18-19 Patient 10,p1918,ANDV Epuyen/18-19 Patient 10,IV,II,Chilean sequences,Argentinean sequences,False,False,False,0.07344940152339499,135,1838,0.052602588818507295,191,3631,0.05830085736554949,374,6415,False,False
p1918,Epuyen/18-19 Patient 15,p1918,ANDV Epuyen/18-19 Patient 15,IV,II,Chilean sequences,Argentinean sequences,False,False,False,0.07405375754251234,135,1823,0.052689655172413793,191,3625,0.05818404532230899,380,6531,False,False
p1918,Epuyen/18-19 Patient 18,p1918,ANDV Epuyen/18-19 Patient 18,IV,II,Chilean sequences,Argentinean sequences,False,False,False,0.07413509060955518,135,1821,0.052689655172413793,191,3625,0.05808936825885978,377,6490,False,False
p1918,Epuyen/18-19 Patient 23,p1918,ANDV Epuyen/18-19 Patient 23,IV,II,Chilean sequences,Argentinean sequences,False,False,False,0.07425474254742548,137,1845,0.052776250687190766,192,3638,0.05818404532230899,380,6531,False,False
p1918,Epuyen/18-19 Patient 12,p1918,ANDV Epuyen/18-19 Patient 12,IV,II,Chilean sequences,Argentinean sequences,False,False,False,0.07309149972929074,135,1847,0.05293472298409216,193,3646,0.05808621216753287,380,6542,False,False
p1918,Epuyen/18-19 Patient 25,p1918,ANDV Epuyen/18-19 Patient 25,IV,II,Chilean sequences,Argentinean sequences,False,False,False,0.07281553398058252,135,1854,0.05267489711934156,192,3645,0.05808621216753287,380,6542,False,False
p1918,Epuyen/18-19 Patient 17,p1918,ANDV Epuyen/18-19 Patient 17,IV,II,Chilean sequences,Argentinean sequences,False,False,False,0.07281553398058252,135,1854,0.05263157894736842,192,3648,0.05808621216753287,380,6542,False,False
p1918,Epuyen/18-19 Patient 3,p1918,ANDV Epuyen/18-19 Patient 3,IV,II,Chilean sequences,Argentinean sequences,False,False,False,0.07313109425785481,135,1846,0.05267489711934156,192,3645,0.058112861293775804,380,6539,False,False
p1918,Epuyen/18-19 Patient 13,p1918,ANDV Epuyen/18-19 Patient 13,IV,II,Chilean sequences,Argentinean sequences,False,False,False,0.07313109425785481,135,1846,0.052660449808008776,192,3646,0.058095092493502525,380,6541,False,False
p1918,Epuyen/18-19 Patient 1,p1918,ANDV Epuyen/18-19 Patient 1,IV,II,Chilean sequences,Argentinean sequences,False,False,False,0.07313109425785481,135,1846,0.052660449808008776,192,3646,0.058095092493502525,380,6541,False,False
p1918,Epuyen/18-19 Patient 28,p1918,ANDV Epuyen/18-19 Patient 28,IV,II,Chilean sequences,Argentinean sequences,False,False,False,0.07321041214750543,135,1844,0.0524869469634515,191,3639,0.058175137783221066,380,6532,False,False
p1918,Epuyen/18-19 Patient 16,p1918,ANDV Epuyen/18-19 Patient 16,IV,II,Chilean sequences,Argentinean sequences,False,False,False,0.07297297297297298,135,1850,0.052703815536645625,192,3643,0.058095092493502525,380,6541,False,False
p1918,Epuyen/18-19 Patient 29,p1918,ANDV Epuyen/18-19 Patient 29,IV,II,Chilean sequences,Argentinean sequences,False,False,False,0.07297297297297298,135,1850,0.0525164113785558,192,3656,0.05808621216753287,380,6542,False,False
p1918,Epuyen/18-19 Patient 19,p1918,ANDV Epuyen/18-19 Patient 19,IV,II,Chilean sequences,Argentinean sequences,False,False,False,0.07281553398058252,135,1854,0.052660449808008776,192,3646,0.058050717995722576,380,6546,False,False
p1918,Epuyen/18-19 Patient 9,p1918,ANDV Epuyen/18-19 Patient 9,IV,II,Chilean sequences,Argentinean sequences,False,False,False,0.07273706896551724,135,1856,0.0525164113785558,192,3656,0.05806845965770171,380,6544,False,False
p1918,Epuyen/18-19 Patient 20,p1918,ANDV Epuyen/18-19 Patient 20,IV,II,Chilean sequences,Argentinean sequences,False,False,False,0.07281553398058252,135,1854,0.05267489711934156,192,3645,0.05812174977057204,380,6538,False,False
p1918,Epuyen/18-19 Patient 8,p1918,ANDV Epuyen/18-19 Patient 8,IV,II,Chilean sequences,Argentinean sequences,False,False,False,0.07285483000539665,135,1853,0.052660449808008776,192,3646,0.05807733455601406,380,6543,False,False
p1918,Epuyen/18-19 Patient 14,p1918,ANDV Epuyen/18-19 Patient 14,IV,II,Chilean sequences,Argentinean sequences,False,False,False,0.07297297297297298,135,1850,0.05263157894736842,192,3648,0.05807733455601406,380,6543,False,False
p1918,Epuyen/18-19 Patient 11,p1918,ANDV Epuyen/18-19 Patient 11,IV,II,Chilean sequences,Argentinean sequences,False,False,False,0.0734094616639478,135,1839,0.05279076161671707,192,3637,0.058264336093222936,380,6522,False,False
p1918,Epuyen/18-19 Patient 27,p1918,ANDV Epuyen/18-19 Patient 27,IV,II,Chilean sequences,Argentinean sequences,False,False,False,0.07325013564839934,135,1843,0.05276174773289365,192,3639,0.05816623297106995,380,6533,False,False
p1918,Epuyen/18-19 Patient 5,p1918,ANDV Epuyen/18-19 Patient 5,IV,II,Chilean sequences,Argentinean sequences,False,False,False,0.07321041214750543,135,1844,0.05273276572370228,192,3641,0.0581039755351682,380,6540,False,False
p1918,Epuyen,p1918,ANDV Epuyen,IV,II,Chilean sequences,Argentinean sequences,False,False,False,0.07399347116430903,136,1838,0.05276174773289365,192,3639,0.058550903754055306,379,6473,False,False
p1918,p334,p1918,p334,IV,I,Chilean sequences,Chilean sequences,False,False,False,0.0791599353796446,147,1857,0.06504509428805684,238,3659,0.06549618320610687,429,6550,False,False
p1918,p1060,p1918,p1060,IV,I,Chilean sequences,Chilean sequences,False,False,False,0.07169811320754717,133,1855,0.06449849685706477,236,3659,0.06828597616865262,447,6546,False,False
p1918,p1056,p1918,p1056,IV,I,Chilean sequences,Chilean sequences,False,False,False,0.07758620689655173,144,1856,0.055479639245695545,203,3659,0.05728689275893675,375,6546,False,False
p1918,NRC-2/97,p1918,ANDV NRC-2/97,IV,I,Chilean sequences,Argentinean sequences,False,False,False,0.07417433676231727,137,1847,0.05387575590984057,196,3638,0.060951208249961523,396,6497,False,False
p1918,p115D,p1918,p115D,IV,I,Chilean sequences,Chilean sequences,False,False,False,0.07377490576198169,137,1857,0.05665024630541872,207,3654,0.08274809160305344,542,6550,False,False
p1918,p915,p1918,p915,IV,I,Chilean sequences,Chilean sequences,False,False,False,0.0738544474393531,137,1855,0.056438356164383564,206,3650,0.08234036052551176,539,6546,False,False
p1918,p201,p1918,p201,IV,I,Chilean sequences,Chilean sequences,False,False,False,0.07439353099730459,138,1855,0.05525164113785558,202,3656,0.08264589062022609,541,6546,False,False
p1918,p1064,p1918,p1064,IV,I,Chilean sequences,Chilean sequences,False,False,False,0.07505399568034557,139,1852,0.05777656078860898,211,3652,0.05742211362248015,376,6548,False,False
p1918,CHI-7913,p1918,ANDV CHI-7913,IV,I,Chilean sequences,Chilean sequences,False,False,False,0.0778642936596218,140,1798,0.05410601483109036,197,3641,0.05799566965666564,375,6466,False,False
p1918,p1062,p1918,p1062,IV,I,Chilean sequences,Chilean sequences,False,False,False,0.07596982758620689,141,1856,0.049467067504782726,181,3659,0.06198473282442748,406,6550,False,False
p1918,p1058,p1918,p1058,IV,I,Chilean sequences,Chilean sequences,False,False,False,0.0738544474393531,137,1855,0.05766602896966384,211,3659,0.06093463653023824,399,6548,False,False
p1918,NRC-5/18,p1918,ANDV NRC-5/18,IV,I,Chilean sequences,Argentinean sequences,False,False,False,0.07251082251082251,134,1848,0.05793520043931905,211,3642,0.05699402481997855,372,6527,False,False
p1918,p1241,p1918,p1241,IV,I,Chilean sequences,Chilean sequences,False,False,False,0.0738146551724138,137,1856,0.05301995080623121,194,3659,0.060467246907924876,396,6549,False,False
p1918,p1313,p1918,p1313,IV,I,Chilean sequences,Chilean sequences,False,False,False,0.07058189655172414,131,1856,0.056330325403336066,206,3657,0.06139279169211973,402,6548,False,False
p1918,p126,p1918,p126,IV,I,Chilean sequences,Chilean sequences,False,False,False,0.07219827586206896,134,1856,0.05742411812961444,210,3657,0.06139279169211973,402,6548,False,False
p1918,136D,p1918,136D,IV,I,Chilean sequences,Chilean sequences,False,False,False,0.0759493670886076,138,1817,0.05619881389438012,199,3541,0.06230769230769231,405,6500,False,False
p1918,p1052,p1918,p1052,IV,I,Chilean sequences,Chilean sequences,False,False,False,0.07489224137931035,139,1856,0.05602623667668762,205,3659,0.05925473427000611,388,6548,False,False
p1918,131D,p1918,131D,IV,I,Chilean sequences,Chilean sequences,False,False,False,0.07638136511375948,141,1846,0.05739081746920493,205,3572,0.059664770106104874,388,6503,False,False
p1918,p127,p1918,p127,IV,I,Chilean sequences,Chilean sequences,False,False,False,0.0738146551724138,137,1856,0.05332239540607055,195,3657,0.06093463653023824,399,6548,False,False
p1918,p1427,p1918,p1427,IV,I,Chilean sequences,Chilean sequences,False,False,False,0.07115902964959568,132,1855,0.05332239540607055,195,3657,0.06030534351145038,395,6550,False,False
p1918,p1430,p1918,p1430,IV,I,Chilean sequences,Chilean sequences,False,False,False,0.07165948275862069,133,1856,0.05247335337523914,192,3659,0.06030534351145038,395,6550,False,False
p1918,ANDV-CH-LS-2016,p1918,ANDV-CH-LS-2016,IV,I,Chilean sequences,Chilean sequences,False,False,False,0.07430167597765364,133,1790,0.05296727676095397,191,3606,0.062120189061444966,368,5924,False,False
p1918,ANDV-CH-LS-2022,p1918,ANDV-CH-LS-2022,IV,I,Chilean sequences,Chilean sequences,False,False,False,0.07342060330108138,129,1757,0.05229330996202162,179,3423,0.06102835175396444,381,6243,False,False
p1918,ARG p19,p1918,ANDV ARG p19,IV,III,Chilean sequences,Argentinean sequences,False,False,False,0.07327586206896551,136,1856,0.05002733734281028,183,3658,0.05791505791505792,375,6475,False,False
p1918,ARG p3,p1918,ANDV ARG p3,IV,III,Chilean sequences,Argentinean sequences,False,False,False,0.0730124391563007,135,1849,0.04986301369863014,182,3650,0.057169061449098134,374,6542,False,False
p1918,ARG-M.a.,p1918,ANDV ARG-M.a.,IV,III,Chilean sequences,Argentinean sequences,False,False,False,0.07331536388140161,136,1855,0.04984935634072857,182,3651,0.058031569173630455,375,6462,False,False
p1918,ARG p9,p1918,ANDV ARG p9,IV,III,Chilean sequences,Argentinean sequences,False,False,False,0.07327586206896551,136,1856,0.04974036622027876,182,3659,0.05776061776061776,374,6475,False,False
p1918,p1316,p1918,p1316,IV,III,Chilean sequences,Chilean sequences,False,False,False,0.07273706896551724,135,1856,0.050560262366766875,185,3659,0.0559034672369024,366,6547,False,False
p1918,CHI-Hu13724 P2,p1918,ANDV CHI-Hu13724 P2,IV,III,Chilean sequences,Chilean sequences,False,False,False,0.07335490830636461,136,1854,0.051653457228751025,189,3659,0.057727550397067805,378,6548,False,False
p1918,p136,p1918,p136,IV,III,Chilean sequences,Chilean sequences,False,False,False,0.07273706896551724,135,1856,0.051681706316652996,189,3657,0.057709923664122136,378,6550,False,False
p1918,p137,p1918,p137,IV,III,Chilean sequences,Chilean sequences,False,False,False,0.07289416846652268,135,1852,0.05172413793103448,189,3654,0.05773636780204674,378,6547,False,False
p1918,CHI-Hu13724 P1,p1918,ANDV CHI-Hu13724 P1,IV,III,Chilean sequences,Chilean sequences,False,False,False,0.07273706896551724,135,1856,0.051681706316652996,189,3657,0.057709923664122136,378,6550,False,False
p1918,p1059,p1918,p1059,IV,III,Chilean sequences,Chilean sequences,False,True,False,0.07489224137931035,139,1856,0.05332239540607055,195,3657,0.056200366524129505,368,6548,False,False
p1918,NRC-4/18,p1918,ANDV NRC-4/18,IV,III,Chilean sequences,Argentinean sequences,False,True,False,0.07439353099730459,138,1855,0.0510008225939128,186,3647,0.05715158924205379,374,6544,False,False
p1918,NRC-3/18,p1918,ANDV NRC-3/18,IV,III,Chilean sequences,Argentinean sequences,False,True,False,0.07467532467532467,138,1848,0.050740537575425126,185,3646,0.057195289799663554,374,6539,False,False
p1918,132D,p1918,132D,IV,III,Chilean sequences,Chilean sequences,False,True,False,0.07583965330444203,140,1846,0.05448541552008806,198,3634,0.056465187452180564,369,6535,False,False
p1918,p1239,p1918,p1239,IV,III,Chilean sequences,Chilean sequences,False,True,False,0.07543103448275862,140,1856,0.0526027397260274,192,3650,0.05575924228536511,365,6546,False,False
p1918,p1242,p1918,p1242,IV,III,Chilean sequences,Chilean sequences,False,True,False,0.07766990291262135,144,1854,0.05366922234392114,196,3652,0.05559798380937834,364,6547,False,False
p1918,p931,p1918,p931,IV,III,Chilean sequences,Chilean sequences,False,True,False,0.07704741379310345,143,1856,0.05366922234392114,196,3652,0.05423159181179346,355,6546,False,False
p1918,p1236,p1918,p1236,IV,III,Chilean sequences,Chilean sequences,False,True,False,0.07766990291262135,144,1854,0.05199781061850027,190,3654,0.05992217898832685,385,6425,True,False
p1918,cruise,p1918,France-Case 9,IV,III,Chilean sequences,Cruise ship outbreak sequences,False,True,False,0.07833603457590492,145,1851,0.05237181244858788,191,3647,0.056990068754774637,373,6545,False,True
p1918,cruise,p1918,Spain-Case 10,IV,III,Chilean sequences,Cruise ship outbreak sequences,False,True,False,0.07859078590785908,145,1845,0.05234310770073993,191,3649,0.057042361217311516,373,6539,False,True
p1918,cruise,p1918,Spain-Case 12,IV,III,Chilean sequences,Cruise ship outbreak sequences,False,True,False,0.07859078590785908,145,1845,0.05234310770073993,191,3649,0.057042361217311516,373,6539,False,True
p1918,Switzerland-Case 7,p1918,Switzerland-Case 7,IV,III,Chilean sequences,Cruise ship outbreak sequences,False,True,False,0.07859078590785908,145,1845,0.05234310770073993,191,3649,0.05709923664122137,374,6550,False,True
p1918,cruise,p1918,Netherlands-Case 6,IV,III,Chilean sequences,Cruise ship outbreak sequences,False,True,False,0.07967032967032966,145,1820,0.05241379310344828,190,3625,0.05716141604417019,352,6158,False,True
p1918,cruise,p1918,Netherlands-Case 5,IV,III,Chilean sequences,Cruise ship outbreak sequences,False,True,False,0.08060033351862146,145,1799,0.05307497893850042,189,3561,0.05734157650695518,371,6470,False,True
p1918,cruise,p1918,Johannesburg-Case 2,IV,III,Chilean sequences,Cruise ship outbreak sequences,False,True,False,0.08195788275469551,144,1757,0.05285002767017156,191,3614,0.05755840940739595,372,6463,False,True
p1918,cruise,p1918,Johannesburg-Case 3,IV,III,Chilean sequences,Cruise ship outbreak sequences,False,True,False,0.08200455580865604,144,1756,0.05291005291005291,190,3591,0.057191045691505675,373,6522,False,True
p1918,cruise,p1918,Canada-Case 11_NPswab,IV,III,Chilean sequences,Cruise ship outbreak sequences,False,True,False,0.08244178728760226,131,1589,0.05327868852459016,169,3172,0.05782145782145782,353,6105,False,True
p1918,cruise,p1918,Canada-Case 11_blood,IV,III,Chilean sequences,Cruise ship outbreak sequences,False,True,False,0.0813424345847554,143,1758,0.05297085201793722,189,3568,0.05749423520368947,374,6505,False,True
127D,Chile-9717869,127D,ANDV Chile-9717869,IV,IV,Chilean sequences,Chilean sequences,False,False,True,0.028199566160520606,52,1844,0.04146685472496474,147,3545,0.03234212139791539,211,6524,False,False
127D,p332,127D,p332,IV,IV,Chilean sequences,Chilean sequences,False,False,True,0.02928416485900217,54,1844,0.04315937940761636,153,3545,0.03418672390004599,223,6523,False,False
127D,p502,127D,p502,IV,II,Chilean sequences,Chilean sequences,False,False,False,0.06821873308067136,126,1847,0.06234132581100141,221,3545,0.08077866339668915,527,6524,False,False
127D,ARCH14/NRC1,127D,ANDV ARCH14/NRC1,IV,II,Chilean sequences,Argentinean sequences,False,False,False,0.07529794149512459,139,1846,0.04992947813822285,177,3545,0.05751191757650315,374,6503,False,False
127D,AREB14/P2,127D,ANDV AREB14/P2,IV,II,Chilean sequences,Argentinean sequences,False,False,False,0.06988082340195016,129,1846,0.0617771509167842,219,3545,0.059012875536480686,385,6524,False,False
127D,AREB14/P3,127D,ANDV AREB14/P3,IV,II,Chilean sequences,Argentinean sequences,False,False,False,0.0711135611907387,129,1814,0.0617771509167842,219,3545,0.05921254998462012,385,6502,False,False
127D,AREB14/P1,127D,ANDV AREB14/P1,IV,II,Chilean sequences,Argentinean sequences,False,False,False,0.07003257328990228,129,1842,0.0617771509167842,219,3545,0.05929710481498684,383,6459,False,False
127D,NRC-6/18,127D,ANDV NRC-6/18,IV,II,Chilean sequences,Argentinean sequences,False,False,False,0.06988082340195016,129,1846,0.06600846262341326,234,3545,0.05942874692874693,387,6512,False,False
127D,ARLA17/NRC2,127D,ANDV ARLA17/NRC2,IV,II,Chilean sequences,Argentinean sequences,False,False,False,0.06699346405228758,123,1836,0.061212976022567,217,3545,0.05873308733087331,382,6504,False,False
127D,Epilink/96,127D,ANDV Epilink/96,IV,II,Chilean sequences,Argentinean sequences,False,False,False,0.06775067750677506,125,1845,0.06064880112834979,215,3545,0.057441253263707574,374,6511,False,False
127D,Epuyen/18-19 Patient 6,127D,ANDV Epuyen/18-19 Patient 6,IV,II,Chilean sequences,Argentinean sequences,False,False,False,0.06988082340195016,129,1846,0.06290550070521862,223,3545,0.0582002457002457,379,6512,False,False
127D,Epuyen/18-19 Patient 26,127D,ANDV Epuyen/18-19 Patient 26,IV,II,Chilean sequences,Argentinean sequences,False,False,False,0.06988082340195016,129,1846,0.06290550070521862,223,3545,0.05838967424708052,380,6508,False,False
127D,Epuyen/18-19 Patient 22,127D,ANDV Epuyen/18-19 Patient 22,IV,II,Chilean sequences,Argentinean sequences,False,False,False,0.07042253521126761,130,1846,0.06290550070521862,223,3545,0.05852534562211981,381,6510,False,False
127D,Epuyen/18-19 Patient 7,127D,ANDV Epuyen/18-19 Patient 7,IV,II,Chilean sequences,Argentinean sequences,False,False,False,0.07042253521126761,130,1846,0.06290550070521862,223,3545,0.058362770695745664,380,6511,False,False
127D,Epuyen/18-19 Patient 24,127D,ANDV Epuyen/18-19 Patient 24,IV,II,Chilean sequences,Argentinean sequences,False,False,False,0.07010869565217391,129,1840,0.06290550070521862,223,3545,0.05842558425584256,380,6504,False,False
127D,Epuyen/18-19 Patient 4,127D,ANDV Epuyen/18-19 Patient 4,IV,II,Chilean sequences,Argentinean sequences,False,False,False,0.06988082340195016,129,1846,0.06318758815232722,224,3545,0.05853433707174681,381,6509,False,False
127D,Epuyen/18-19 Patient 10,127D,ANDV Epuyen/18-19 Patient 10,IV,II,Chilean sequences,Argentinean sequences,False,False,False,0.07018498367791078,129,1838,0.06290550070521862,223,3545,0.05855644277438547,374,6387,False,False
127D,Epuyen/18-19 Patient 15,127D,ANDV Epuyen/18-19 Patient 15,IV,II,Chilean sequences,Argentinean sequences,False,False,False,0.07076247942951179,129,1823,0.06290550070521862,223,3545,0.05843456866061818,380,6503,False,False
127D,Epuyen/18-19 Patient 18,127D,ANDV Epuyen/18-19 Patient 18,IV,II,Chilean sequences,Argentinean sequences,False,False,False,0.07084019769357495,129,1821,0.06290550070521862,223,3545,0.05848677084945072,378,6463,False,False
127D,Epuyen/18-19 Patient 23,127D,ANDV Epuyen/18-19 Patient 23,IV,II,Chilean sequences,Argentinean sequences,False,False,False,0.07111834961997829,131,1842,0.06290550070521862,223,3545,0.05843456866061818,380,6503,False,False
127D,Epuyen/18-19 Patient 12,127D,ANDV Epuyen/18-19 Patient 12,IV,II,Chilean sequences,Argentinean sequences,False,False,False,0.06995661605206074,129,1844,0.06262341325811001,222,3545,0.05838070364111231,380,6509,False,False
127D,Epuyen/18-19 Patient 25,127D,ANDV Epuyen/18-19 Patient 25,IV,II,Chilean sequences,Argentinean sequences,False,False,False,0.06988082340195016,129,1846,0.06290550070521862,223,3545,0.05838070364111231,380,6509,False,False
127D,Epuyen/18-19 Patient 17,127D,ANDV Epuyen/18-19 Patient 17,IV,II,Chilean sequences,Argentinean sequences,False,False,False,0.06988082340195016,129,1846,0.06290550070521862,223,3545,0.05838070364111231,380,6509,False,False
127D,Epuyen/18-19 Patient 3,127D,ANDV Epuyen/18-19 Patient 3,IV,II,Chilean sequences,Argentinean sequences,False,False,False,0.06999457406402604,129,1843,0.06290550070521862,223,3545,0.05840762373193975,380,6506,False,False
127D,Epuyen/18-19 Patient 13,127D,ANDV Epuyen/18-19 Patient 13,IV,II,Chilean sequences,Argentinean sequences,False,False,False,0.06999457406402604,129,1843,0.06290550070521862,223,3545,0.05838967424708052,380,6508,False,False
127D,Epuyen/18-19 Patient 1,127D,ANDV Epuyen/18-19 Patient 1,IV,II,Chilean sequences,Argentinean sequences,False,False,False,0.06999457406402604,129,1843,0.06290550070521862,223,3545,0.05838967424708052,380,6508,False,False
127D,Epuyen/18-19 Patient 28,127D,ANDV Epuyen/18-19 Patient 28,IV,II,Chilean sequences,Argentinean sequences,False,False,False,0.07003257328990228,129,1842,0.06290550070521862,223,3545,0.05842558425584256,380,6504,False,False
127D,Epuyen/18-19 Patient 16,127D,ANDV Epuyen/18-19 Patient 16,IV,II,Chilean sequences,Argentinean sequences,False,False,False,0.06991869918699187,129,1845,0.06290550070521862,223,3545,0.05838967424708052,380,6508,False,False
127D,Epuyen/18-19 Patient 29,127D,ANDV Epuyen/18-19 Patient 29,IV,II,Chilean sequences,Argentinean sequences,False,False,False,0.06991869918699187,129,1845,0.06290550070521862,223,3545,0.05838070364111231,380,6509,False,False
127D,Epuyen/18-19 Patient 19,127D,ANDV Epuyen/18-19 Patient 19,IV,II,Chilean sequences,Argentinean sequences,False,False,False,0.06988082340195016,129,1846,0.06290550070521862,223,3545,0.05834484876401044,380,6513,False,False
127D,Epuyen/18-19 Patient 9,127D,ANDV Epuyen/18-19 Patient 9,IV,II,Chilean sequences,Argentinean sequences,False,False,False,0.06988082340195016,129,1846,0.06290550070521862,223,3545,0.058362770695745664,380,6511,False,False
127D,Epuyen/18-19 Patient 20,127D,ANDV Epuyen/18-19 Patient 20,IV,II,Chilean sequences,Argentinean sequences,False,False,False,0.06988082340195016,129,1846,0.06290550070521862,223,3545,0.05841660261337433,380,6505,False,False
127D,Epuyen/18-19 Patient 8,127D,ANDV Epuyen/18-19 Patient 8,IV,II,Chilean sequences,Argentinean sequences,False,False,False,0.06988082340195016,129,1846,0.06290550070521862,223,3545,0.05837173579109063,380,6510,False,False
127D,Epuyen/18-19 Patient 14,127D,ANDV Epuyen/18-19 Patient 14,IV,II,Chilean sequences,Argentinean sequences,False,False,False,0.06988082340195016,129,1846,0.06290550070521862,223,3545,0.05837173579109063,380,6510,False,False
127D,Epuyen/18-19 Patient 11,127D,ANDV Epuyen/18-19 Patient 11,IV,II,Chilean sequences,Argentinean sequences,False,False,False,0.0701468189233279,129,1839,0.06290550070521862,223,3545,0.058497536945812806,380,6496,False,False
127D,Epuyen/18-19 Patient 27,127D,ANDV Epuyen/18-19 Patient 27,IV,II,Chilean sequences,Argentinean sequences,False,False,False,0.07010869565217391,129,1840,0.06290550070521862,223,3545,0.05841660261337433,380,6505,False,False
127D,Epuyen/18-19 Patient 5,127D,ANDV Epuyen/18-19 Patient 5,IV,II,Chilean sequences,Argentinean sequences,False,False,False,0.06999457406402604,129,1843,0.06290550070521862,223,3545,0.05839864761026587,380,6507,False,False
127D,Epuyen,127D,ANDV Epuyen,IV,II,Chilean sequences,Argentinean sequences,False,False,False,0.07092198581560284,130,1833,0.06290550070521862,223,3545,0.05885093167701863,379,6440,False,False
127D,p334,127D,p334,IV,I,Chilean sequences,Chilean sequences,False,False,False,0.0768814293448836,142,1847,0.07251693002257337,257,3544,0.06488725264611137,423,6519,False,False
127D,p1060,127D,p1060,IV,I,Chilean sequences,Chilean sequences,False,False,False,0.06829268292682927,126,1845,0.07023977433004232,249,3545,0.06876438986953184,448,6515,False,False
127D,p1056,127D,p1056,IV,I,Chilean sequences,Chilean sequences,False,False,False,0.07313109425785481,135,1846,0.06318758815232722,224,3545,0.057712970069071376,376,6515,False,False
127D,NRC-2/97,127D,ANDV NRC-2/97,IV,I,Chilean sequences,Argentinean sequences,False,False,False,0.06887201735357917,127,1844,0.06093088857545839,216,3545,0.06141707920792079,397,6464,False,False
127D,p115D,127D,p115D,IV,I,Chilean sequences,Chilean sequences,False,False,False,0.06930157011369789,128,1847,0.06488011283497884,230,3545,0.08169834457388106,533,6524,False,False
127D,p915,127D,p915,IV,I,Chilean sequences,Chilean sequences,False,False,False,0.06937669376693767,128,1845,0.06459802538787024,229,3545,0.08108522378908645,529,6524,False,False
127D,p201,127D,p201,IV,I,Chilean sequences,Chilean sequences,False,False,False,0.06984298863021116,129,1847,0.06290550070521862,223,3545,0.08200490496627835,535,6524,False,False
127D,p1064,127D,p1064,IV,I,Chilean sequences,Chilean sequences,False,False,False,0.07042253521126761,130,1846,0.06516220028208744,231,3545,0.057173513182096874,373,6524,False,False
127D,CHI-7913,127D,ANDV CHI-7913,IV,I,Chilean sequences,Chilean sequences,False,False,False,0.07397107897664071,133,1798,0.06064880112834979,215,3545,0.05747482571649884,371,6455,False,False
127D,p1062,127D,p1062,IV,I,Chilean sequences,Chilean sequences,False,False,False,0.07313109425785481,135,1846,0.05923836389280677,210,3545,0.061474781542235166,401,6523,False,False
127D,p1058,127D,p1058,IV,I,Chilean sequences,Chilean sequences,False,False,False,0.07154471544715447,132,1845,0.06459802538787024,229,3545,0.06089891087590121,397,6519,False,False
127D,NRC-5/18,127D,ANDV NRC-5/18,IV,I,Chilean sequences,Argentinean sequences,False,False,False,0.06728160607704829,124,1843,0.06488011283497884,230,3545,0.05820757622420696,378,6494,False,False
127D,p1241,127D,p1241,IV,I,Chilean sequences,Chilean sequences,False,False,False,0.06988082340195016,129,1846,0.06290550070521862,223,3545,0.06101487045837805,398,6523,False,False
127D,p1313,127D,p1313,IV,I,Chilean sequences,Chilean sequences,False,False,False,0.06771397616468039,125,1846,0.06657263751763047,236,3545,0.0627396840006136,409,6519,False,False
127D,p126,127D,p126,IV,I,Chilean sequences,Chilean sequences,False,False,False,0.06825568797399784,126,1846,0.06713681241184767,238,3545,0.06239460370994941,407,6523,False,False
127D,136D,127D,136D,IV,I,Chilean sequences,Chilean sequences,False,False,False,0.07264722069345074,132,1817,0.06354137249364586,225,3541,0.06215384615384616,404,6500,False,False
127D,p1052,127D,p1052,IV,I,Chilean sequences,Chilean sequences,False,False,False,0.07042253521126761,130,1846,0.06544428772919605,232,3545,0.05994174459604477,391,6523,False,False
127D,131D,127D,131D,IV,I,Chilean sequences,Chilean sequences,False,False,False,0.07154471544715447,132,1845,0.06600846262341326,234,3545,0.06043364600953406,393,6503,False,False
127D,p127,127D,p127,IV,I,Chilean sequences,Chilean sequences,False,False,False,0.07150595882990249,132,1846,0.06318758815232722,224,3545,0.062010744435917114,404,6515,False,False
127D,p1427,127D,p1427,IV,I,Chilean sequences,Chilean sequences,False,False,False,0.06717226435536294,124,1846,0.06262341325811001,222,3545,0.05947271612507664,388,6524,False,False
127D,p1430,127D,p1430,IV,I,Chilean sequences,Chilean sequences,False,False,False,0.06771397616468039,125,1846,0.0617771509167842,219,3545,0.05962599632127529,389,6524,False,False
127D,ANDV-CH-LS-2016,127D,ANDV-CH-LS-2016,IV,I,Chilean sequences,Chilean sequences,False,False,False,0.06927374301675977,124,1790,0.0617771509167842,219,3545,0.0612761647535449,363,5924,False,False
127D,ANDV-CH-LS-2022,127D,ANDV-CH-LS-2022,IV,I,Chilean sequences,Chilean sequences,False,False,False,0.06943653955606147,122,1757,0.06073943661971831,207,3408,0.06022745474931924,376,6243,False,False
127D,ARG p19,127D,ANDV ARG p19,IV,III,Chilean sequences,Argentinean sequences,False,False,False,0.07042253521126761,130,1846,0.059520451339915376,211,3545,0.059178931061192874,382,6455,False,False
127D,ARG p3,127D,ANDV ARG p3,IV,III,Chilean sequences,Argentinean sequences,False,False,False,0.06995661605206074,129,1844,0.05923836389280677,210,3545,0.058841603933015824,383,6509,False,False
127D,ARG-M.a.,127D,ANDV ARG-M.a.,IV,III,Chilean sequences,Argentinean sequences,False,False,False,0.07042253521126761,130,1846,0.05923836389280677,210,3545,0.05906061075802201,381,6451,False,False
127D,ARG p9,127D,ANDV ARG p9,IV,III,Chilean sequences,Argentinean sequences,False,False,False,0.07042253521126761,130,1846,0.05923836389280677,210,3545,0.05902401239349342,381,6455,False,False
127D,p1316,127D,p1316,IV,III,Chilean sequences,Chilean sequences,False,False,False,0.06988082340195016,129,1846,0.06008462623413258,213,3545,0.057480073574494174,375,6524,False,False
127D,CHI-Hu13724 P2,127D,ANDV CHI-Hu13724 P2,IV,III,Chilean sequences,Chilean sequences,False,False,False,0.07042253521126761,130,1846,0.059520451339915376,211,3545,0.05962599632127529,389,6524,False,False
127D,p136,127D,p136,IV,III,Chilean sequences,Chilean sequences,False,False,False,0.06988082340195016,129,1846,0.059520451339915376,211,3545,0.05963513720680668,389,6523,False,False
127D,p137,127D,p137,IV,III,Chilean sequences,Chilean sequences,False,False,False,0.06988082340195016,129,1846,0.059520451339915376,211,3545,0.05967172879275963,389,6519,False,False
127D,CHI-Hu13724 P1,127D,ANDV CHI-Hu13724 P1,IV,III,Chilean sequences,Chilean sequences,False,False,False,0.06988082340195016,129,1846,0.059520451339915376,211,3545,0.05962599632127529,389,6524,False,False
127D,p1059,127D,p1059,IV,III,Chilean sequences,Chilean sequences,False,True,False,0.06988082340195016,129,1846,0.06318758815232722,224,3545,0.05855303494788473,382,6524,False,False
127D,NRC-4/18,127D,ANDV NRC-4/18,IV,III,Chilean sequences,Argentinean sequences,False,True,False,0.06933911159263272,128,1846,0.061212976022567,217,3545,0.058823529411764705,383,6511,False,False
127D,NRC-3/18,127D,ANDV NRC-3/18,IV,III,Chilean sequences,Argentinean sequences,False,True,False,0.0694519804666305,128,1843,0.06093088857545839,216,3545,0.05886873655087611,383,6506,False,False
127D,132D,127D,132D,IV,III,Chilean sequences,Chilean sequences,False,True,False,0.06937669376693767,128,1845,0.06516220028208744,231,3545,0.05804668304668305,378,6512,False,False
127D,p1239,127D,p1239,IV,III,Chilean sequences,Chilean sequences,False,True,False,0.06933911159263272,128,1846,0.06290550070521862,223,3545,0.05732679337829552,374,6524,False,False
127D,p1242,127D,p1242,IV,III,Chilean sequences,Chilean sequences,False,True,False,0.07258938244853738,134,1846,0.06403385049365304,227,3545,0.057480073574494174,375,6524,False,False
127D,p931,127D,p931,IV,III,Chilean sequences,Chilean sequences,False,True,False,0.07096424702058506,131,1846,0.06403385049365304,227,3545,0.056100551808706316,366,6524,False,False
127D,p1236,127D,p1236,IV,III,Chilean sequences,Chilean sequences,False,True,False,0.07042253521126761,130,1846,0.06234132581100141,221,3545,0.06194552529182879,398,6425,True,False
127D,cruise,127D,France-Case 9,IV,III,Chilean sequences,Cruise ship outbreak sequences,False,True,False,0.07111834961997829,131,1842,0.06318758815232722,224,3545,0.05866093366093366,382,6512,False,True
127D,cruise,127D,Spain-Case 10,IV,III,Chilean sequences,Cruise ship outbreak sequences,False,True,False,0.07111834961997829,131,1842,0.06318758815232722,224,3545,0.05866994317309169,382,6511,False,True
127D,cruise,127D,Spain-Case 12,IV,III,Chilean sequences,Cruise ship outbreak sequences,False,True,False,0.07111834961997829,131,1842,0.06318758815232722,224,3545,0.05866994317309169,382,6511,False,True
127D,Switzerland-Case 7,127D,Switzerland-Case 7,IV,III,Chilean sequences,Cruise ship outbreak sequences,False,True,False,0.07111834961997829,131,1842,0.06318758815232722,224,3545,0.058706315144083386,383,6524,False,True
127D,cruise,127D,Netherlands-Case 6,IV,III,Chilean sequences,Cruise ship outbreak sequences,False,True,False,0.07197802197802197,131,1820,0.06318758815232722,224,3545,0.058460539136083144,360,6158,False,True
127D,cruise,127D,Netherlands-Case 5,IV,III,Chilean sequences,Cruise ship outbreak sequences,False,True,False,0.07281823235130629,131,1799,0.06324446965399887,223,3526,0.05873261205564142,380,6470,False,True
127D,cruise,127D,Johannesburg-Case 2,IV,III,Chilean sequences,Cruise ship outbreak sequences,False,True,False,0.07342060330108138,129,1757,0.06327683615819209,224,3540,0.059052059052059055,380,6435,False,True
127D,cruise,127D,Johannesburg-Case 3,IV,III,Chilean sequences,Cruise ship outbreak sequences,False,True,False,0.0734624145785877,129,1756,0.06310130164119977,223,3534,0.05883258894193747,382,6493,False,True
127D,cruise,127D,Canada-Case 11_NPswab,IV,III,Chilean sequences,Cruise ship outbreak sequences,False,True,False,0.0736312146003776,117,1589,0.06293929712460064,197,3130,0.05913185913185913,361,6105,False,True
127D,cruise,127D,Canada-Case 11_blood,IV,III,Chilean sequences,Cruise ship outbreak sequences,False,True,False,0.07281001137656427,128,1758,0.06324446965399887,223,3526,0.05894121268082487,383,6498,False,True
Chile-9717869,p332,ANDV Chile-9717869,p332,IV,IV,Chilean sequences,Chilean sequences,False,False,True,0.008583690987124463,16,1864,0.009028727770177838,33,3655,0.012664021971315227,83,6554,False,False
Chile-9717869,p502,ANDV Chile-9717869,p502,IV,II,Chilean sequences,Chilean sequences,False,False,False,0.06763285024154589,126,1863,0.05490303195848129,201,3661,0.08113466524325148,532,6557,False,False
Chile-9717869,ARCH14/NRC1,ANDV Chile-9717869,ANDV ARCH14/NRC1,IV,II,Chilean sequences,Argentinean sequences,False,False,False,0.07177549919050188,133,1853,0.04501784243755147,164,3643,0.056193538508651046,367,6531,False,False
Chile-9717869,AREB14/P2,ANDV Chile-9717869,ANDV AREB14/P2,IV,II,Chilean sequences,Argentinean sequences,False,False,False,0.06527554842161584,122,1869,0.057749931898665216,212,3671,0.05958549222797927,391,6562,False,False
Chile-9717869,AREB14/P3,ANDV Chile-9717869,ANDV AREB14/P3,IV,II,Chilean sequences,Argentinean sequences,False,False,False,0.06622516556291391,120,1812,0.0577716643741403,210,3635,0.05958946078431373,389,6528,False,False
Chile-9717869,AREB14/P1,ANDV Chile-9717869,ANDV AREB14/P1,IV,II,Chilean sequences,Argentinean sequences,False,False,False,0.06511123168746609,120,1843,0.05783530707793996,210,3631,0.05987004950495049,387,6464,False,False
Chile-9717869,NRC-6/18,ANDV Chile-9717869,ANDV NRC-6/18,IV,II,Chilean sequences,Argentinean sequences,False,False,False,0.06612903225806452,123,1860,0.058807439824945296,215,3656,0.05880555979838094,385,6547,False,False
Chile-9717869,ARLA17/NRC2,ANDV Chile-9717869,ANDV ARLA17/NRC2,IV,II,Chilean sequences,Argentinean sequences,False,False,False,0.065323897659227,120,1837,0.056074766355140186,204,3638,0.05939987752602572,388,6532,False,False
Chile-9717869,Epilink/96,ANDV Chile-9717869,ANDV Epilink/96,IV,II,Chilean sequences,Argentinean sequences,False,False,False,0.06347498655190963,118,1859,0.05522143247676326,202,3658,0.05743965780629392,376,6546,False,False
Chile-9717869,Epuyen/18-19 Patient 6,ANDV Chile-9717869,ANDV Epuyen/18-19 Patient 6,IV,II,Chilean sequences,Argentinean sequences,False,False,False,0.064550833781603,120,1859,0.056268779022125105,206,3661,0.057897952948365417,379,6546,False,False
Chile-9717869,Epuyen/18-19 Patient 26,ANDV Chile-9717869,ANDV Epuyen/18-19 Patient 26,IV,II,Chilean sequences,Argentinean sequences,False,False,False,0.06482982171799027,120,1851,0.05650027427317608,206,3646,0.058095092493502525,380,6541,False,False
Chile-9717869,Epuyen/18-19 Patient 22,ANDV Chile-9717869,ANDV Epuyen/18-19 Patient 22,IV,II,Chilean sequences,Argentinean sequences,False,False,False,0.06519396551724138,121,1856,0.05639200656994251,206,3653,0.05820348304307974,381,6546,False,False
Chile-9717869,Epuyen/18-19 Patient 7,ANDV Chile-9717869,ANDV Epuyen/18-19 Patient 7,IV,II,Chilean sequences,Argentinean sequences,False,False,False,0.06544077879935101,121,1849,0.05648478201261311,206,3647,0.05806845965770171,380,6544,False,False
Chile-9717869,Epuyen/18-19 Patient 24,ANDV Chile-9717869,ANDV Epuyen/18-19 Patient 24,IV,II,Chilean sequences,Argentinean sequences,False,False,False,0.06514657980456026,120,1842,0.05653128430296377,206,3644,0.058175137783221066,380,6532,False,False
Chile-9717869,Epuyen/18-19 Patient 4,ANDV Chile-9717869,ANDV Epuyen/18-19 Patient 4,IV,II,Chilean sequences,Argentinean sequences,False,False,False,0.06489994591671173,120,1849,0.056696795398520954,207,3651,0.05823907062060532,381,6542,False,False
Chile-9717869,Epuyen/18-19 Patient 10,ANDV Chile-9717869,ANDV Epuyen/18-19 Patient 10,IV,II,Chilean sequences,Argentinean sequences,False,False,False,0.06535947712418301,120,1836,0.0567336821812173,206,3631,0.05830085736554949,374,6415,False,False
Chile-9717869,Epuyen/18-19 Patient 15,ANDV Chile-9717869,ANDV Epuyen/18-19 Patient 15,IV,II,Chilean sequences,Argentinean sequences,False,False,False,0.06589785831960461,120,1821,0.056827586206896555,206,3625,0.05818404532230899,380,6531,False,False
Chile-9717869,Epuyen/18-19 Patient 18,ANDV Chile-9717869,ANDV Epuyen/18-19 Patient 18,IV,II,Chilean sequences,Argentinean sequences,False,False,False,0.06597031335898845,120,1819,0.056827586206896555,206,3625,0.058243451463790445,378,6490,False,False
Chile-9717869,Epuyen/18-19 Patient 23,ANDV Chile-9717869,ANDV Epuyen/18-19 Patient 23,IV,II,Chilean sequences,Argentinean sequences,False,False,False,0.06619641888225719,122,1843,0.056624518966465094,206,3638,0.05818404532230899,380,6531,False,False
Chile-9717869,Epuyen/18-19 Patient 12,ANDV Chile-9717869,ANDV Epuyen/18-19 Patient 12,IV,II,Chilean sequences,Argentinean sequences,False,False,False,0.06504065040650407,120,1845,0.05621058404167809,205,3647,0.05808621216753287,380,6542,False,False
Chile-9717869,Epuyen/18-19 Patient 25,ANDV Chile-9717869,ANDV Epuyen/18-19 Patient 25,IV,II,Chilean sequences,Argentinean sequences,False,False,False,0.06472491909385113,120,1854,0.05650027427317608,206,3646,0.05808621216753287,380,6542,False,False
Chile-9717869,Epuyen/18-19 Patient 17,ANDV Chile-9717869,ANDV Epuyen/18-19 Patient 17,IV,II,Chilean sequences,Argentinean sequences,False,False,False,0.06472491909385113,120,1854,0.05642289783620926,206,3651,0.05807733455601406,380,6543,False,False
Chile-9717869,Epuyen/18-19 Patient 3,ANDV Chile-9717869,ANDV Epuyen/18-19 Patient 3,IV,II,Chilean sequences,Argentinean sequences,False,False,False,0.0650759219088937,120,1844,0.05650027427317608,206,3646,0.058112861293775804,380,6539,False,False
Chile-9717869,Epuyen/18-19 Patient 13,ANDV Chile-9717869,ANDV Epuyen/18-19 Patient 13,IV,II,Chilean sequences,Argentinean sequences,False,False,False,0.0650759219088937,120,1844,0.056453822965195945,206,3649,0.058095092493502525,380,6541,False,False
Chile-9717869,Epuyen/18-19 Patient 1,ANDV Chile-9717869,ANDV Epuyen/18-19 Patient 1,IV,II,Chilean sequences,Argentinean sequences,False,False,False,0.0650759219088937,120,1844,0.05650027427317608,206,3646,0.058095092493502525,380,6541,False,False
Chile-9717869,Epuyen/18-19 Patient 28,ANDV Chile-9717869,ANDV Epuyen/18-19 Patient 28,IV,II,Chilean sequences,Argentinean sequences,False,False,False,0.06514657980456026,120,1842,0.056608958505083816,206,3639,0.058175137783221066,380,6532,False,False
Chile-9717869,Epuyen/18-19 Patient 16,ANDV Chile-9717869,ANDV Epuyen/18-19 Patient 16,IV,II,Chilean sequences,Argentinean sequences,False,False,False,0.06479481641468683,120,1852,0.0565468020861927,206,3643,0.058095092493502525,380,6541,False,False
Chile-9717869,Epuyen/18-19 Patient 29,ANDV Chile-9717869,ANDV Epuyen/18-19 Patient 29,IV,II,Chilean sequences,Argentinean sequences,False,False,False,0.06472491909385113,120,1854,0.056330325403336066,206,3657,0.05808621216753287,380,6542,False,False
Chile-9717869,Epuyen/18-19 Patient 19,ANDV Chile-9717869,ANDV Epuyen/18-19 Patient 19,IV,II,Chilean sequences,Argentinean sequences,False,False,False,0.06458557588805167,120,1858,0.05646929824561404,206,3648,0.0580418512295708,380,6547,False,False
Chile-9717869,Epuyen/18-19 Patient 9,ANDV Chile-9717869,ANDV Epuyen/18-19 Patient 9,IV,II,Chilean sequences,Argentinean sequences,False,False,False,0.06451612903225806,120,1860,0.05681507784758263,208,3661,0.05802412582073599,380,6549,False,False
Chile-9717869,Epuyen/18-19 Patient 20,ANDV Chile-9717869,ANDV Epuyen/18-19 Patient 20,IV,II,Chilean sequences,Argentinean sequences,False,False,False,0.0646900269541779,120,1855,0.05648478201261311,206,3647,0.058112861293775804,380,6539,False,False
Chile-9717869,Epuyen/18-19 Patient 8,ANDV Chile-9717869,ANDV Epuyen/18-19 Patient 8,IV,II,Chilean sequences,Argentinean sequences,False,False,False,0.06482982171799027,120,1851,0.05650027427317608,206,3646,0.05807733455601406,380,6543,False,False
Chile-9717869,Epuyen/18-19 Patient 14,ANDV Chile-9717869,ANDV Epuyen/18-19 Patient 14,IV,II,Chilean sequences,Argentinean sequences,False,False,False,0.06493506493506493,120,1848,0.056438356164383564,206,3650,0.05807733455601406,380,6543,False,False
Chile-9717869,Epuyen/18-19 Patient 11,ANDV Chile-9717869,ANDV Epuyen/18-19 Patient 11,IV,II,Chilean sequences,Argentinean sequences,False,False,False,0.065323897659227,120,1837,0.0566400879846027,206,3637,0.058111008892977614,379,6522,False,False
Chile-9717869,Epuyen/18-19 Patient 27,ANDV Chile-9717869,ANDV Epuyen/18-19 Patient 27,IV,II,Chilean sequences,Argentinean sequences,False,False,False,0.06518196632265073,120,1841,0.056608958505083816,206,3639,0.05816623297106995,380,6533,False,False
Chile-9717869,Epuyen/18-19 Patient 5,ANDV Chile-9717869,ANDV Epuyen/18-19 Patient 5,IV,II,Chilean sequences,Argentinean sequences,False,False,False,0.06514657980456026,120,1842,0.0565778632243889,206,3641,0.0581039755351682,380,6540,False,False
Chile-9717869,Epuyen,ANDV Chile-9717869,ANDV Epuyen,IV,II,Chilean sequences,Argentinean sequences,False,False,False,0.06626833242802825,122,1841,0.057158560043968125,208,3639,0.05851474448046935,379,6477,False,False
Chile-9717869,p334,ANDV Chile-9717869,p334,IV,I,Chilean sequences,Chilean sequences,False,False,False,0.07108239095315025,132,1857,0.07021857923497268,257,3660,0.06333943833943834,415,6552,False,False
Chile-9717869,p1060,ANDV Chile-9717869,p1060,IV,I,Chilean sequences,Chilean sequences,False,False,False,0.06098219104155424,113,1853,0.07023776988248155,257,3659,0.0675221509318668,442,6546,False,False
Chile-9717869,p1056,ANDV Chile-9717869,p1056,IV,I,Chilean sequences,Chilean sequences,False,False,False,0.06850053937432578,127,1854,0.05602623667668762,205,3659,0.05866177818515124,384,6546,False,False
Chile-9717869,NRC-2/97,ANDV Chile-9717869,ANDV NRC-2/97,IV,I,Chilean sequences,Argentinean sequences,False,False,False,0.06504065040650407,120,1845,0.05360087960417812,195,3638,0.060489456672310295,393,6497,False,False
Chile-9717869,p115D,ANDV Chile-9717869,p115D,IV,I,Chilean sequences,Chilean sequences,False,False,False,0.06229860365198711,116,1862,0.056010928961748634,205,3660,0.0809204510819872,531,6562,False,False
Chile-9717869,p915,ANDV Chile-9717869,p915,IV,I,Chilean sequences,Chilean sequences,False,False,False,0.06233207952713595,116,1861,0.05698630136986301,208,3650,0.07981077369143903,523,6553,False,False
Chile-9717869,p201,ANDV Chile-9717869,p201,IV,I,Chilean sequences,Chilean sequences,False,False,False,0.06314085267134377,117,1853,0.05552516411378556,203,3656,0.08133679230886617,533,6553,False,False
Chile-9717869,p1064,ANDV Chile-9717869,p1064,IV,I,Chilean sequences,Chilean sequences,False,False,False,0.06648648648648649,123,1850,0.05585980284775466,204,3652,0.057665903890160186,378,6555,False,False
Chile-9717869,CHI-7913,ANDV Chile-9717869,ANDV CHI-7913,IV,I,Chilean sequences,Chilean sequences,False,False,False,0.06792873051224944,122,1796,0.05328206536665751,194,3641,0.05815032477575008,376,6466,False,False
Chile-9717869,p1062,ANDV Chile-9717869,p1062,IV,I,Chilean sequences,Chilean sequences,False,False,False,0.0683898761443188,127,1857,0.04991816693944354,183,3666,0.061470408785845025,403,6556,False,False
Chile-9717869,p1058,ANDV Chile-9717869,p1058,IV,I,Chilean sequences,Chilean sequences,False,False,False,0.06448146157979581,120,1861,0.05793932768515988,212,3659,0.061526717557251906,403,6550,False,False
Chile-9717869,NRC-5/18,ANDV Chile-9717869,ANDV NRC-5/18,IV,I,Chilean sequences,Argentinean sequences,False,False,False,0.06324324324324325,117,1850,0.05738605161998902,209,3642,0.057760073540677186,377,6527,False,False
Chile-9717869,p1241,ANDV Chile-9717869,p1241,IV,I,Chilean sequences,Chilean sequences,False,False,False,0.0658458244111349,123,1868,0.056691196511310986,208,3669,0.060661484529797284,398,6561,False,False
Chile-9717869,p1313,ANDV Chile-9717869,p1313,IV,I,Chilean sequences,Chilean sequences,False,False,False,0.06196120689655173,115,1856,0.05769756631118403,211,3657,0.0635114503816794,416,6550,False,False
Chile-9717869,p126,ANDV Chile-9717869,p126,IV,I,Chilean sequences,Chilean sequences,False,False,False,0.06256742179072276,116,1854,0.0587913590374624,215,3657,0.06347268843454379,416,6554,False,False
Chile-9717869,136D,ANDV Chile-9717869,136D,IV,I,Chilean sequences,Chilean sequences,False,False,False,0.06942148760330578,126,1815,0.059022874894097715,209,3541,0.06169230769230769,401,6500,False,False
Chile-9717869,p1052,ANDV Chile-9717869,p1052,IV,I,Chilean sequences,Chilean sequences,False,False,False,0.06559139784946237,122,1860,0.05681507784758263,208,3661,0.06026853829722307,395,6554,False,False
Chile-9717869,131D,ANDV Chile-9717869,131D,IV,I,Chilean sequences,Chilean sequences,False,False,False,0.06670281995661605,123,1844,0.05823068309070549,208,3572,0.06043364600953406,393,6503,False,False
Chile-9717869,p127,ANDV Chile-9717869,p127,IV,I,Chilean sequences,Chilean sequences,False,False,False,0.06465517241379311,120,1856,0.05605687722176648,205,3657,0.06185094685400122,405,6548,False,False
Chile-9717869,p1427,ANDV Chile-9717869,p1427,IV,I,Chilean sequences,Chilean sequences,False,False,False,0.06397849462365592,119,1860,0.05485807860262009,201,3664,0.05975609756097561,392,6560,False,False
Chile-9717869,p1430,ANDV Chile-9717869,p1430,IV,I,Chilean sequences,Chilean sequences,False,False,False,0.06276824034334764,117,1864,0.05505587353502317,202,3669,0.05960365853658536,391,6560,False,False
Chile-9717869,ANDV-CH-LS-2016,ANDV Chile-9717869,ANDV-CH-LS-2016,IV,I,Chilean sequences,Chilean sequences,False,False,False,0.06487695749440715,116,1788,0.05490848585690516,198,3606,0.06076975016880486,360,5924,False,False
Chile-9717869,ANDV-CH-LS-2022,ANDV Chile-9717869,ANDV-CH-LS-2022,IV,I,Chilean sequences,Chilean sequences,False,False,False,0.06495726495726496,114,1755,0.056091148115687994,192,3423,0.06054781355117732,378,6243,False,False
Chile-9717869,ARG p19,ANDV Chile-9717869,ANDV ARG p19,IV,III,Chilean sequences,Argentinean sequences,False,False,False,0.064343163538874,120,1865,0.053005464480874315,194,3660,0.06007722007722008,389,6475,False,False
Chile-9717869,ARG p3,ANDV Chile-9717869,ANDV ARG p3,IV,III,Chilean sequences,Argentinean sequences,False,False,False,0.06422018348623854,119,1853,0.05257393209200438,192,3652,0.05959657701711491,390,6544,False,False
Chile-9717869,ARG-M.a.,ANDV Chile-9717869,ANDV ARG-M.a.,IV,III,Chilean sequences,Argentinean sequences,False,False,False,0.06344086021505377,118,1860,0.05258833196384552,192,3651,0.06019808108944599,389,6462,False,False
Chile-9717869,ARG p9,ANDV Chile-9717869,ANDV ARG p9,IV,III,Chilean sequences,Argentinean sequences,False,False,False,0.0638412017167382,119,1864,0.05271783665665119,193,3661,0.059922779922779924,388,6475,False,False
Chile-9717869,p1316,ANDV Chile-9717869,p1316,IV,III,Chilean sequences,Chilean sequences,False,False,False,0.06411637931034483,119,1856,0.05411314566821536,198,3659,0.05797985962770827,380,6554,False,False
Chile-9717869,CHI-Hu13724 P2,ANDV Chile-9717869,ANDV CHI-Hu13724 P2,IV,III,Chilean sequences,Chilean sequences,False,False,False,0.06371490280777538,118,1852,0.05411314566821536,198,3659,0.05995423340961099,393,6555,False,False
Chile-9717869,p136,ANDV Chile-9717869,p136,IV,III,Chilean sequences,Chilean sequences,False,False,False,0.06397849462365592,119,1860,0.054142739950779326,198,3657,0.0599450884685784,393,6556,False,False
Chile-9717869,p137,ANDV Chile-9717869,p137,IV,III,Chilean sequences,Chilean sequences,False,False,False,0.06432432432432432,119,1850,0.054187192118226604,198,3654,0.06000916170407696,393,6549,False,False
Chile-9717869,CHI-Hu13724 P1,ANDV Chile-9717869,ANDV CHI-Hu13724 P1,IV,III,Chilean sequences,Chilean sequences,False,False,False,0.06397849462365592,119,1860,0.05431222707423581,199,3664,0.0598902773544651,393,6562,False,False
Chile-9717869,p1059,ANDV Chile-9717869,p1059,IV,III,Chilean sequences,Chilean sequences,False,True,False,0.06612903225806452,123,1860,0.05867903930131004,215,3664,0.0601067887109077,394,6555,False,False
Chile-9717869,NRC-4/18,ANDV Chile-9717869,ANDV NRC-4/18,IV,III,Chilean sequences,Argentinean sequences,False,True,False,0.06583917970858068,122,1853,0.056438356164383564,206,3650,0.058526894865525675,383,6544,False,False
Chile-9717869,NRC-3/18,ANDV Chile-9717869,ANDV NRC-3/18,IV,III,Chilean sequences,Argentinean sequences,False,True,False,0.06594594594594595,122,1850,0.05621058404167809,205,3647,0.05856269113149847,383,6540,False,False
Chile-9717869,132D,ANDV Chile-9717869,132D,IV,III,Chilean sequences,Chilean sequences,False,True,False,0.06612466124661247,122,1845,0.05943863511282334,216,3634,0.05967865340474369,390,6535,False,False
Chile-9717869,p1239,ANDV Chile-9717869,p1239,IV,III,Chilean sequences,Chilean sequences,False,True,False,0.06612903225806452,123,1860,0.05726027397260274,209,3650,0.05798870746223104,380,6553,False,False
Chile-9717869,p1242,ANDV Chile-9717869,p1242,IV,III,Chilean sequences,Chilean sequences,False,True,False,0.06942949407965554,129,1858,0.05859802847754655,214,3652,0.05813243820567592,381,6554,False,False
Chile-9717869,p931,ANDV Chile-9717869,p931,IV,III,Chilean sequences,Chilean sequences,False,True,False,0.06802356722013926,127,1867,0.05887185104052574,215,3652,0.05676789256828933,372,6553,False,False
Chile-9717869,p1236,ANDV Chile-9717869,p1236,IV,III,Chilean sequences,Chilean sequences,False,True,False,0.06724045185583648,125,1859,0.05692391899288451,208,3654,0.06334630350194552,407,6425,True,False
Chile-9717869,cruise,ANDV Chile-9717869,France-Case 9,IV,III,Chilean sequences,Cruise ship outbreak sequences,False,True,False,0.06907717215326498,128,1853,0.05698630136986301,208,3650,0.05974025974025974,391,6545,False,True
Chile-9717869,cruise,ANDV Chile-9717869,Spain-Case 10,IV,III,Chilean sequences,Cruise ship outbreak sequences,False,True,False,0.06930157011369789,128,1847,0.05700191833379008,208,3649,0.059795075699648266,391,6539,False,True
Chile-9717869,cruise,ANDV Chile-9717869,Spain-Case 12,IV,III,Chilean sequences,Cruise ship outbreak sequences,False,True,False,0.06930157011369789,128,1847,0.05700191833379008,208,3649,0.059795075699648266,391,6539,False,True
Chile-9717869,Switzerland-Case 7,ANDV Chile-9717869,Switzerland-Case 7,IV,III,Chilean sequences,Cruise ship outbreak sequences,False,True,False,0.06930157011369789,128,1847,0.05700191833379008,208,3649,0.060051821368693796,394,6561,False,True
Chile-9717869,cruise,ANDV Chile-9717869,Netherlands-Case 6,IV,III,Chilean sequences,Cruise ship outbreak sequences,False,True,False,0.07025246981339188,128,1822,0.057379310344827586,208,3625,0.0589477102955505,363,6158,False,True
Chile-9717869,cruise,ANDV Chile-9717869,Netherlands-Case 5,IV,III,Chilean sequences,Cruise ship outbreak sequences,False,True,False,0.07107162687395892,128,1801,0.05812973883740522,207,3561,0.059969088098918086,388,6470,False,True
Chile-9717869,cruise,ANDV Chile-9717869,Johannesburg-Case 2,IV,III,Chilean sequences,Cruise ship outbreak sequences,False,True,False,0.07220011370096646,127,1759,0.05755395683453238,208,3614,0.060343493733560266,390,6463,False,True
Chile-9717869,cruise,ANDV Chile-9717869,Johannesburg-Case 3,IV,III,Chilean sequences,Cruise ship outbreak sequences,False,True,False,0.07224118316268487,127,1758,0.05764411027568922,207,3591,0.0599509352959215,391,6522,False,True
Chile-9717869,cruise,ANDV Chile-9717869,Canada-Case 11_NPswab,IV,III,Chilean sequences,Cruise ship outbreak sequences,False,True,False,0.07291011942174733,116,1591,0.057692307692307696,183,3172,0.05962325962325962,364,6105,False,True
Chile-9717869,cruise,ANDV Chile-9717869,Canada-Case 11_blood,IV,III,Chilean sequences,Cruise ship outbreak sequences,False,True,False,0.07272727272727272,128,1760,0.058015695067264575,207,3568,0.06026133743274404,392,6505,False,True
p332,p502,p332,p502,IV,II,Chilean sequences,Chilean sequences,False,False,False,0.06709608158883522,125,1863,0.055281882868089764,202,3654,0.08132438205675924,533,6554,False,False
p332,ARCH14/NRC1,p332,ANDV ARCH14/NRC1,IV,II,Chilean sequences,Argentinean sequences,False,False,False,0.07339449541284404,136,1853,0.04803733186933846,175,3643,0.05787781350482315,378,6531,False,False
p332,AREB14/P2,p332,ANDV AREB14/P2,IV,II,Chilean sequences,Argentinean sequences,False,False,False,0.06713211600429646,125,1862,0.058276333789329685,213,3655,0.060573695453158376,397,6554,False,False
p332,AREB14/P3,p332,ANDV AREB14/P3,IV,II,Chilean sequences,Argentinean sequences,False,False,False,0.06898454746136866,125,1812,0.05859697386519945,213,3635,0.060814950980392156,397,6528,False,False
p332,AREB14/P1,p332,ANDV AREB14/P1,IV,II,Chilean sequences,Argentinean sequences,False,False,False,0.06782419967444384,125,1843,0.058710033076074974,213,3628,0.06126237623762376,396,6464,False,False
p332,NRC-6/18,p332,ANDV NRC-6/18,IV,II,Chilean sequences,Argentinean sequences,False,False,False,0.06835306781485469,127,1858,0.059967141292442495,219,3652,0.06082836619287788,398,6543,False,False
p332,ARLA17/NRC2,p332,ANDV ARLA17/NRC2,IV,II,Chilean sequences,Argentinean sequences,False,False,False,0.06804572672836146,125,1837,0.05744914788345245,209,3638,0.06077770973668096,397,6532,False,False
p332,Epilink/96,p332,ANDV Epilink/96,IV,II,Chilean sequences,Argentinean sequences,False,False,False,0.06620021528525297,123,1858,0.056696795398520954,207,3651,0.05915622133904005,387,6542,False,False
p332,Epuyen/18-19 Patient 6,p332,ANDV Epuyen/18-19 Patient 6,IV,II,Chilean sequences,Argentinean sequences,False,False,False,0.06842672413793104,127,1856,0.0572289156626506,209,3652,0.05991135564725661,392,6543,False,False
p332,Epuyen/18-19 Patient 26,p332,ANDV Epuyen/18-19 Patient 26,IV,II,Chilean sequences,Argentinean sequences,False,False,False,0.06861156131820638,127,1851,0.05738605161998902,209,3642,0.06010093286435235,393,6539,False,False
p332,Epuyen/18-19 Patient 22,p332,ANDV Epuyen/18-19 Patient 22,IV,II,Chilean sequences,Argentinean sequences,False,False,False,0.06896551724137931,128,1856,0.05732309380142622,209,3646,0.06023543800642104,394,6541,False,False
p332,Epuyen/18-19 Patient 7,p332,ANDV Epuyen/18-19 Patient 7,IV,II,Chilean sequences,Argentinean sequences,False,False,False,0.06922660897782586,128,1849,0.05738605161998902,209,3642,0.06007337205747478,393,6542,False,False
p332,Epuyen/18-19 Patient 24,p332,ANDV Epuyen/18-19 Patient 24,IV,II,Chilean sequences,Argentinean sequences,False,False,False,0.06894679695982628,127,1842,0.057370299203952785,209,3643,0.06016533986527863,393,6532,False,False
p332,Epuyen/18-19 Patient 4,p332,ANDV Epuyen/18-19 Patient 4,IV,II,Chilean sequences,Argentinean sequences,False,False,False,0.06868577609518658,127,1849,0.0575973669775096,210,3646,0.06024464831804281,394,6540,False,False
p332,Epuyen/18-19 Patient 10,p332,ANDV Epuyen/18-19 Patient 10,IV,II,Chilean sequences,Argentinean sequences,False,False,False,0.06917211328976035,127,1836,0.0575599008537593,209,3631,0.06048324240062354,388,6415,False,False
p332,Epuyen/18-19 Patient 15,p332,ANDV Epuyen/18-19 Patient 15,IV,II,Chilean sequences,Argentinean sequences,False,False,False,0.06974190005491489,127,1821,0.0576551724137931,209,3625,0.060174552135966924,393,6531,False,False
p332,Epuyen/18-19 Patient 18,p332,ANDV Epuyen/18-19 Patient 18,IV,II,Chilean sequences,Argentinean sequences,False,False,False,0.06981858163826278,127,1819,0.0576551724137931,209,3625,0.060092449922958396,390,6490,False,False
p332,Epuyen/18-19 Patient 23,p332,ANDV Epuyen/18-19 Patient 23,IV,II,Chilean sequences,Argentinean sequences,False,False,False,0.06999457406402604,129,1843,0.0574649436348639,209,3637,0.060174552135966924,393,6531,False,False
p332,Epuyen/18-19 Patient 12,p332,ANDV Epuyen/18-19 Patient 12,IV,II,Chilean sequences,Argentinean sequences,False,False,False,0.06883468834688347,127,1845,0.057111477210323995,208,3642,0.06009174311926606,393,6540,False,False
p332,Epuyen/18-19 Patient 25,p332,ANDV Epuyen/18-19 Patient 25,IV,II,Chilean sequences,Argentinean sequences,False,False,False,0.06850053937432578,127,1854,0.05740181268882175,209,3641,0.06009174311926606,393,6540,False,False
p332,Epuyen/18-19 Patient 17,p332,ANDV Epuyen/18-19 Patient 17,IV,II,Chilean sequences,Argentinean sequences,False,False,False,0.06850053937432578,127,1854,0.057354555433589464,209,3644,0.06009174311926606,393,6540,False,False
p332,Epuyen/18-19 Patient 3,p332,ANDV Epuyen/18-19 Patient 3,IV,II,Chilean sequences,Argentinean sequences,False,False,False,0.06887201735357917,127,1844,0.05740181268882175,209,3641,0.06011932078935291,393,6537,False,False
p332,Epuyen/18-19 Patient 13,p332,ANDV Epuyen/18-19 Patient 13,IV,II,Chilean sequences,Argentinean sequences,False,False,False,0.06887201735357917,127,1844,0.05738605161998902,209,3642,0.06010093286435235,393,6539,False,False
p332,Epuyen/18-19 Patient 1,p332,ANDV Epuyen/18-19 Patient 1,IV,II,Chilean sequences,Argentinean sequences,False,False,False,0.06887201735357917,127,1844,0.05738605161998902,209,3642,0.06010093286435235,393,6539,False,False
p332,Epuyen/18-19 Patient 28,p332,ANDV Epuyen/18-19 Patient 28,IV,II,Chilean sequences,Argentinean sequences,False,False,False,0.06894679695982628,127,1842,0.05749656121045392,209,3635,0.06016533986527863,393,6532,False,False
p332,Epuyen/18-19 Patient 16,p332,ANDV Epuyen/18-19 Patient 16,IV,II,Chilean sequences,Argentinean sequences,False,False,False,0.06857451403887689,127,1852,0.057370299203952785,209,3643,0.06010093286435235,393,6539,False,False
p332,Epuyen/18-19 Patient 29,p332,ANDV Epuyen/18-19 Patient 29,IV,II,Chilean sequences,Argentinean sequences,False,False,False,0.06850053937432578,127,1854,0.0572289156626506,209,3652,0.06009174311926606,393,6540,False,False
p332,Epuyen/18-19 Patient 19,p332,ANDV Epuyen/18-19 Patient 19,IV,II,Chilean sequences,Argentinean sequences,False,False,False,0.06835306781485469,127,1858,0.05738605161998902,209,3642,0.06005501222493888,393,6544,False,False
p332,Epuyen/18-19 Patient 9,p332,ANDV Epuyen/18-19 Patient 9,IV,II,Chilean sequences,Argentinean sequences,False,False,False,0.06827956989247312,127,1860,0.0572289156626506,209,3652,0.06007337205747478,393,6542,False,False
p332,Epuyen/18-19 Patient 20,p332,ANDV Epuyen/18-19 Patient 20,IV,II,Chilean sequences,Argentinean sequences,False,False,False,0.06846361185983828,127,1855,0.05740181268882175,209,3641,0.060128518971848226,393,6536,False,False
p332,Epuyen/18-19 Patient 8,p332,ANDV Epuyen/18-19 Patient 8,IV,II,Chilean sequences,Argentinean sequences,False,False,False,0.06861156131820638,127,1851,0.05738605161998902,209,3642,0.06008255618406971,393,6541,False,False
p332,Epuyen/18-19 Patient 14,p332,ANDV Epuyen/18-19 Patient 14,IV,II,Chilean sequences,Argentinean sequences,False,False,False,0.06872294372294373,127,1848,0.057354555433589464,209,3644,0.06008255618406971,393,6541,False,False
p332,Epuyen/18-19 Patient 11,p332,ANDV Epuyen/18-19 Patient 11,IV,II,Chilean sequences,Argentinean sequences,False,False,False,0.06913445835601524,127,1837,0.0574649436348639,209,3637,0.06010426249616682,392,6522,False,False
p332,Epuyen/18-19 Patient 27,p332,ANDV Epuyen/18-19 Patient 27,IV,II,Chilean sequences,Argentinean sequences,False,False,False,0.06898424769147203,127,1841,0.0574649436348639,209,3637,0.060156130414817086,393,6533,False,False
p332,Epuyen/18-19 Patient 5,p332,ANDV Epuyen/18-19 Patient 5,IV,II,Chilean sequences,Argentinean sequences,False,False,False,0.06894679695982628,127,1842,0.05740181268882175,209,3641,0.06011012542061792,393,6538,False,False
p332,Epuyen,p332,ANDV Epuyen,IV,II,Chilean sequences,Argentinean sequences,False,False,False,0.06964091403699674,128,1838,0.05798296235229459,211,3639,0.06073249884098285,393,6471,False,False
p332,p334,p332,p334,IV,I,Chilean sequences,Chilean sequences,False,False,False,0.07162089391491654,133,1857,0.07060755336617405,258,3654,0.06519083969465649,427,6550,False,False
p332,p1060,p332,p1060,IV,I,Chilean sequences,Chilean sequences,False,False,False,0.06260118726389638,116,1853,0.07140902872777018,261,3655,0.0692025664527956,453,6546,False,False
p332,p1056,p332,p1056,IV,I,Chilean sequences,Chilean sequences,False,False,False,0.07119741100323625,132,1854,0.057181942544459644,209,3655,0.05973113351665139,391,6546,False,False
p332,NRC-2/97,p332,ANDV NRC-2/97,IV,I,Chilean sequences,Argentinean sequences,False,False,False,0.06666666666666667,123,1845,0.05389056915039868,196,3637,0.061585835257890686,400,6495,False,False
p332,p115D,p332,p115D,IV,I,Chilean sequences,Chilean sequences,False,False,False,0.06498388829215897,121,1862,0.056102900930487136,205,3654,0.08147696063472688,534,6554,False,False
p332,p915,p332,p915,IV,I,Chilean sequences,Chilean sequences,False,False,False,0.06501880709296078,121,1861,0.057534246575342465,210,3650,0.0808913308913309,530,6552,False,False
p332,p201,p332,p201,IV,I,Chilean sequences,Chilean sequences,False,False,False,0.06583917970858068,122,1853,0.05663474692202462,207,3655,0.08180708180708181,536,6552,False,False
p332,p1064,p332,p1064,IV,I,Chilean sequences,Chilean sequences,False,False,False,0.06918918918918919,128,1850,0.05859802847754655,214,3652,0.058285016783643576,382,6554,False,False
p332,CHI-7913,p332,ANDV CHI-7913,IV,I,Chilean sequences,Chilean sequences,False,False,False,0.07182628062360802,129,1796,0.055204614117000825,201,3641,0.05907825549025673,382,6466,False,False
p332,p1062,p332,p1062,IV,I,Chilean sequences,Chilean sequences,False,False,False,0.07000538502961766,130,1857,0.05034199726402189,184,3655,0.06209948123283491,407,6554,False,False
p332,p1058,p332,p1058,IV,I,Chilean sequences,Chilean sequences,False,False,False,0.06716818914562063,125,1861,0.058549931600547195,214,3655,0.061068702290076333,400,6550,False,False
p332,NRC-5/18,p332,ANDV NRC-5/18,IV,I,Chilean sequences,Argentinean sequences,False,False,False,0.06594594594594595,122,1850,0.059324361439165064,216,3641,0.058850574712643676,384,6525,False,False
p332,p1241,p332,p1241,IV,I,Chilean sequences,Chilean sequences,False,False,False,0.06766917293233082,126,1862,0.057181942544459644,209,3655,0.06043033725011445,396,6553,False,False
p332,p1313,p332,p1313,IV,I,Chilean sequences,Chilean sequences,False,False,False,0.06465517241379311,120,1856,0.058276333789329685,213,3655,0.06442748091603054,422,6550,False,False
p332,p126,p332,p126,IV,I,Chilean sequences,Chilean sequences,False,False,False,0.06526429341963323,121,1854,0.059370725034199726,217,3655,0.0640830027464144,420,6554,False,False
p332,136D,p332,136D,IV,I,Chilean sequences,Chilean sequences,False,False,False,0.0721763085399449,131,1815,0.05958768709404123,211,3541,0.06353846153846154,413,6500,False,False
p332,p1052,p332,p1052,IV,I,Chilean sequences,Chilean sequences,False,False,False,0.06612903225806452,123,1860,0.057455540355677154,210,3655,0.06164174549893195,404,6554,False,False
p332,131D,p332,131D,IV,I,Chilean sequences,Chilean sequences,False,False,False,0.06832971800433839,126,1844,0.059630459126539755,213,3572,0.06212517299707827,404,6503,False,False
p332,p127,p332,p127,IV,I,Chilean sequences,Chilean sequences,False,False,False,0.06734913793103449,125,1856,0.05554035567715458,203,3655,0.06263366941643751,410,6546,False,False
p332,p1427,p332,p1427,IV,I,Chilean sequences,Chilean sequences,False,False,False,0.06630727762803235,123,1855,0.05581395348837209,204,3655,0.06026853829722307,395,6554,False,False
p332,p1430,p332,p1430,IV,I,Chilean sequences,Chilean sequences,False,False,False,0.06616460462614308,123,1859,0.05554035567715458,203,3655,0.060115959719255416,394,6554,False,False
p332,ANDV-CH-LS-2016,p332,ANDV-CH-LS-2016,IV,I,Chilean sequences,Chilean sequences,False,False,False,0.06879194630872483,123,1788,0.05574043261231281,201,3606,0.06144496961512492,364,5924,False,False
p332,ANDV-CH-LS-2022,p332,ANDV-CH-LS-2022,IV,I,Chilean sequences,Chilean sequences,False,False,False,0.06894586894586895,121,1755,0.05638328951212387,193,3423,0.06070799295210636,379,6243,False,False
p332,ARG p19,p332,ANDV ARG p19,IV,III,Chilean sequences,Argentinean sequences,False,False,False,0.06713211600429646,125,1862,0.05363984674329502,196,3654,0.060386100386100386,391,6475,False,False
p332,ARG p3,p332,ANDV ARG p3,IV,III,Chilean sequences,Argentinean sequences,False,False,False,0.06691851052347544,124,1853,0.053483269336258916,195,3646,0.05978593272171254,391,6540,False,False
p332,ARG-M.a.,p332,ANDV ARG-M.a.,IV,III,Chilean sequences,Argentinean sequences,False,False,False,0.06724045185583648,125,1859,0.05341002465078061,195,3651,0.06050758279170535,391,6462,False,False
p332,ARG p9,p332,ANDV ARG p9,IV,III,Chilean sequences,Argentinean sequences,False,False,False,0.06713211600429646,125,1862,0.0533515731874145,195,3655,0.06023166023166023,390,6475,False,False
p332,p1316,p332,p1316,IV,III,Chilean sequences,Chilean sequences,False,False,False,0.0668103448275862,124,1856,0.05417236662106703,198,3655,0.05844651304745918,383,6553,False,False
p332,CHI-Hu13724 P2,p332,ANDV CHI-Hu13724 P2,IV,III,Chilean sequences,Chilean sequences,False,False,False,0.06749460043196544,125,1852,0.05471956224350205,200,3655,0.060115959719255416,394,6554,False,False
p332,p136,p332,p136,IV,III,Chilean sequences,Chilean sequences,False,False,False,0.0668103448275862,124,1856,0.05471956224350205,200,3655,0.060115959719255416,394,6554,False,False
p332,p137,p332,p137,IV,III,Chilean sequences,Chilean sequences,False,False,False,0.06702702702702702,124,1850,0.05474952094169176,200,3653,0.06016185677202626,394,6549,False,False
p332,CHI-Hu13724 P1,p332,ANDV CHI-Hu13724 P1,IV,III,Chilean sequences,Chilean sequences,False,False,False,0.06666666666666667,124,1860,0.05471956224350205,200,3655,0.060115959719255416,394,6554,False,False
p332,p1059,p332,p1059,IV,III,Chilean sequences,Chilean sequences,False,True,False,0.06881720430107527,128,1860,0.058002735978112174,212,3655,0.06042111687519072,396,6554,False,False
p332,NRC-4/18,p332,ANDV NRC-4/18,IV,III,Chilean sequences,Argentinean sequences,False,True,False,0.06853750674581759,127,1853,0.05627230304693934,205,3643,0.05915622133904005,387,6542,False,False
p332,NRC-3/18,p332,ANDV NRC-3/18,IV,III,Chilean sequences,Argentinean sequences,False,True,False,0.06864864864864866,127,1850,0.05601317957166392,204,3642,0.05920146856356127,387,6537,False,False
p332,132D,p332,132D,IV,III,Chilean sequences,Chilean sequences,False,True,False,0.06883468834688347,127,1845,0.05916345624656026,215,3634,0.060290742157612855,394,6535,False,False
p332,p1239,p332,p1239,IV,III,Chilean sequences,Chilean sequences,False,True,False,0.06881720430107527,128,1860,0.05671232876712329,207,3650,0.05891330891330891,386,6552,False,False
p332,p1242,p332,p1242,IV,III,Chilean sequences,Chilean sequences,False,True,False,0.0721205597416577,134,1858,0.05805038335158817,212,3652,0.05905692049443003,387,6553,False,False
p332,p931,p332,p931,IV,III,Chilean sequences,Chilean sequences,False,True,False,0.07035445757250268,131,1862,0.05832420591456736,213,3652,0.057692307692307696,378,6552,False,False
p332,p1236,p332,p1236,IV,III,Chilean sequences,Chilean sequences,False,True,False,0.06942949407965554,129,1858,0.05639200656994251,206,3653,0.06412451361867705,412,6425,True,False
p332,cruise,p332,France-Case 9,IV,III,Chilean sequences,Cruise ship outbreak sequences,False,True,False,0.07177549919050188,133,1853,0.05682130112544606,207,3643,0.06006419073819349,393,6543,False,True
p332,cruise,p332,Spain-Case 10,IV,III,Chilean sequences,Cruise ship outbreak sequences,False,True,False,0.07200866269626421,133,1847,0.05674342105263158,207,3648,0.06010093286435235,393,6539,False,True
p332,cruise,p332,Spain-Case 12,IV,III,Chilean sequences,Cruise ship outbreak sequences,False,True,False,0.07200866269626421,133,1847,0.05674342105263158,207,3648,0.06010093286435235,393,6539,False,True
p332,Switzerland-Case 7,p332,Switzerland-Case 7,IV,III,Chilean sequences,Cruise ship outbreak sequences,False,True,False,0.07200866269626421,133,1847,0.05674342105263158,207,3648,0.060115959719255416,394,6554,False,True
p332,cruise,p332,Netherlands-Case 6,IV,III,Chilean sequences,Cruise ship outbreak sequences,False,True,False,0.0729967069154775,133,1822,0.05710344827586207,207,3625,0.059434881455017866,366,6158,False,True
p332,cruise,p332,Netherlands-Case 5,IV,III,Chilean sequences,Cruise ship outbreak sequences,False,True,False,0.07384786229872294,133,1801,0.057848918843021624,206,3561,0.06043276661514683,391,6470,False,True
p332,cruise,p332,Johannesburg-Case 2,IV,III,Chilean sequences,Cruise ship outbreak sequences,False,True,False,0.07504263786242182,132,1759,0.05727725511898174,207,3614,0.06080767445458765,393,6463,False,True
p332,cruise,p332,Johannesburg-Case 3,IV,III,Chilean sequences,Cruise ship outbreak sequences,False,True,False,0.07508532423208192,132,1758,0.05736563631300473,206,3591,0.060257589696412144,393,6522,False,True
p332,cruise,p332,Canada-Case 11_NPswab,IV,III,Chilean sequences,Cruise ship outbreak sequences,False,True,False,0.07668133249528598,122,1591,0.05737704918032787,182,3172,0.06044226044226044,369,6105,False,True
p332,cruise,p332,Canada-Case 11_blood,IV,III,Chilean sequences,Cruise ship outbreak sequences,False,True,False,0.07556818181818181,133,1760,0.05773542600896861,206,3568,0.06056879323597233,394,6505,False,True
p502,ARCH14/NRC1,p502,ANDV ARCH14/NRC1,II,II,Chilean sequences,Argentinean sequences,False,False,True,0.05654281098546042,105,1857,0.05133132034037881,187,3643,0.08207012708620426,536,6531,False,False
p502,AREB14/P2,p502,ANDV AREB14/P2,II,II,Chilean sequences,Argentinean sequences,False,False,True,0.05570433851098018,104,1867,0.040699262496585634,149,3661,0.08525240201311575,559,6557,False,False
p502,AREB14/P3,p502,ANDV AREB14/P3,II,II,Chilean sequences,Argentinean sequences,False,False,True,0.05723720418271877,104,1817,0.040990371389270974,149,3635,0.0856311274509804,559,6528,False,False
p502,AREB14/P1,p502,ANDV AREB14/P1,II,II,Chilean sequences,Argentinean sequences,False,False,True,0.05627705627705628,104,1848,0.041080783016266886,149,3627,0.08616955445544554,557,6464,False,False
p502,NRC-6/18,p502,ANDV NRC-6/18,II,II,Chilean sequences,Argentinean sequences,False,False,True,0.05421363392377885,101,1863,0.04464530265680636,163,3651,0.08571428571428572,561,6545,False,False
p502,ARLA17/NRC2,p502,ANDV ARLA17/NRC2,II,II,Chilean sequences,Argentinean sequences,False,False,True,0.05537459283387622,102,1842,0.0439802089059923,160,3638,0.08450704225352113,552,6532,False,False
p502,Epilink/96,p502,ANDV Epilink/96,II,II,Chilean sequences,Argentinean sequences,False,False,True,0.05477980665950591,102,1862,0.04136986301369863,151,3650,0.08465770171149144,554,6544,False,False
p502,Epuyen/18-19 Patient 6,p502,ANDV Epuyen/18-19 Patient 6,II,II,Chilean sequences,Argentinean sequences,False,False,True,0.05427189682966147,101,1861,0.04300191728293618,157,3651,0.0854087089381207,559,6545,False,False
p502,Epuyen/18-19 Patient 26,p502,ANDV Epuyen/18-19 Patient 26,II,II,Chilean sequences,Argentinean sequences,False,False,True,0.05441810344827586,101,1856,0.043120021971985716,157,3641,0.08530805687203792,558,6541,False,False
p502,Epuyen/18-19 Patient 22,p502,ANDV Epuyen/18-19 Patient 22,II,II,Chilean sequences,Argentinean sequences,False,False,True,0.054809242342826435,102,1861,0.043072702331961595,157,3645,0.08543481583371543,559,6543,False,False
p502,Epuyen/18-19 Patient 7,p502,ANDV Epuyen/18-19 Patient 7,II,II,Chilean sequences,Argentinean sequences,False,False,True,0.05501618122977346,102,1854,0.043120021971985716,157,3641,0.08526894865525672,558,6544,False,False
p502,Epuyen/18-19 Patient 24,p502,ANDV Epuyen/18-19 Patient 24,II,II,Chilean sequences,Argentinean sequences,False,False,True,0.05468327016783974,101,1847,0.04310818231740802,157,3642,0.08542559706062462,558,6532,False,False
p502,Epuyen/18-19 Patient 4,p502,ANDV Epuyen/18-19 Patient 4,II,II,Chilean sequences,Argentinean sequences,False,False,True,0.05447680690399137,101,1854,0.04334705075445816,158,3645,0.08544787526750229,559,6542,False,False
p502,Epuyen/18-19 Patient 10,p502,ANDV Epuyen/18-19 Patient 10,II,II,Chilean sequences,Argentinean sequences,False,False,True,0.054861488321564365,101,1841,0.04323877719636464,157,3631,0.08558067030397506,549,6415,False,False
p502,Epuyen/18-19 Patient 15,p502,ANDV Epuyen/18-19 Patient 15,II,II,Chilean sequences,Argentinean sequences,False,False,True,0.055312157721796276,101,1826,0.04331034482758621,157,3625,0.08543867707854846,558,6531,False,False
p502,Epuyen/18-19 Patient 18,p502,ANDV Epuyen/18-19 Patient 18,II,II,Chilean sequences,Argentinean sequences,False,False,True,0.05537280701754386,101,1824,0.04331034482758621,157,3625,0.08567026194144839,556,6490,False,False
p502,Epuyen/18-19 Patient 23,p502,ANDV Epuyen/18-19 Patient 23,II,II,Chilean sequences,Argentinean sequences,False,False,True,0.055735930735930736,103,1848,0.04317931793179318,157,3636,0.08543867707854846,558,6531,False,False
p502,Epuyen/18-19 Patient 12,p502,ANDV Epuyen/18-19 Patient 12,II,II,Chilean sequences,Argentinean sequences,False,False,True,0.05459459459459459,101,1850,0.04339467179346333,158,3641,0.08529501681442984,558,6542,False,False
p502,Epuyen/18-19 Patient 25,p502,ANDV Epuyen/18-19 Patient 25,II,II,Chilean sequences,Argentinean sequences,False,False,True,0.05433028509951587,101,1859,0.04313186813186813,157,3640,0.08529501681442984,558,6542,False,False
p502,Epuyen/18-19 Patient 17,p502,ANDV Epuyen/18-19 Patient 17,II,II,Chilean sequences,Argentinean sequences,False,False,True,0.05433028509951587,101,1859,0.04309634916277793,157,3643,0.08529501681442984,558,6542,False,False
p502,Epuyen/18-19 Patient 3,p502,ANDV Epuyen/18-19 Patient 3,II,II,Chilean sequences,Argentinean sequences,False,False,True,0.05462412114656571,101,1849,0.04313186813186813,157,3640,0.08533414895243921,558,6539,False,False
p502,Epuyen/18-19 Patient 13,p502,ANDV Epuyen/18-19 Patient 13,II,II,Chilean sequences,Argentinean sequences,False,False,True,0.05462412114656571,101,1849,0.043120021971985716,157,3641,0.08530805687203792,558,6541,False,False
p502,Epuyen/18-19 Patient 1,p502,ANDV Epuyen/18-19 Patient 1,II,II,Chilean sequences,Argentinean sequences,False,False,True,0.05462412114656571,101,1849,0.043120021971985716,157,3641,0.08530805687203792,558,6541,False,False
p502,Epuyen/18-19 Patient 28,p502,ANDV Epuyen/18-19 Patient 28,II,II,Chilean sequences,Argentinean sequences,False,False,True,0.05468327016783974,101,1847,0.04320308200330215,157,3634,0.08542559706062462,558,6532,False,False
p502,Epuyen/18-19 Patient 16,p502,ANDV Epuyen/18-19 Patient 16,II,II,Chilean sequences,Argentinean sequences,False,False,True,0.05438879913839526,101,1857,0.04309634916277793,157,3643,0.08530805687203792,558,6541,False,False
p502,Epuyen/18-19 Patient 29,p502,ANDV Epuyen/18-19 Patient 29,II,II,Chilean sequences,Argentinean sequences,False,False,True,0.05433028509951587,101,1859,0.04300191728293618,157,3651,0.08529501681442984,558,6542,False,False
p502,Epuyen/18-19 Patient 19,p502,ANDV Epuyen/18-19 Patient 19,II,II,Chilean sequences,Argentinean sequences,False,False,True,0.05421363392377885,101,1863,0.043120021971985716,157,3641,0.08524289642529789,558,6546,False,False
p502,Epuyen/18-19 Patient 9,p502,ANDV Epuyen/18-19 Patient 9,II,II,Chilean sequences,Argentinean sequences,False,False,True,0.05415549597855228,101,1865,0.04300191728293618,157,3651,0.08526894865525672,558,6544,False,False
p502,Epuyen/18-19 Patient 20,p502,ANDV Epuyen/18-19 Patient 20,II,II,Chilean sequences,Argentinean sequences,False,False,True,0.0543010752688172,101,1860,0.04313186813186813,157,3640,0.08534720097889263,558,6538,False,False
p502,Epuyen/18-19 Patient 8,p502,ANDV Epuyen/18-19 Patient 8,II,II,Chilean sequences,Argentinean sequences,False,False,True,0.05441810344827586,101,1856,0.043120021971985716,157,3641,0.08528198074277854,558,6543,False,False
p502,Epuyen/18-19 Patient 14,p502,ANDV Epuyen/18-19 Patient 14,II,II,Chilean sequences,Argentinean sequences,False,False,True,0.05450620615218565,101,1853,0.04309634916277793,157,3643,0.08528198074277854,558,6543,False,False
p502,Epuyen/18-19 Patient 11,p502,ANDV Epuyen/18-19 Patient 11,II,II,Chilean sequences,Argentinean sequences,False,False,True,0.054831704668838216,101,1842,0.043167445697003023,157,3637,0.08555657773689053,558,6522,False,False
p502,Epuyen/18-19 Patient 27,p502,ANDV Epuyen/18-19 Patient 27,II,II,Chilean sequences,Argentinean sequences,False,False,True,0.05471289274106175,101,1846,0.04317931793179318,157,3636,0.08541252104699219,558,6533,False,False
p502,Epuyen/18-19 Patient 5,p502,ANDV Epuyen/18-19 Patient 5,II,II,Chilean sequences,Argentinean sequences,False,False,True,0.05468327016783974,101,1847,0.043120021971985716,157,3641,0.0853211009174312,558,6540,False,False
p502,Epuyen,p502,ANDV Epuyen,II,II,Chilean sequences,Argentinean sequences,False,False,True,0.05534454693434617,102,1843,0.043705332600329855,159,3638,0.08589525722230805,556,6473,False,False
p502,p334,p502,p334,II,I,Chilean sequences,Chilean sequences,False,False,False,0.05907626208378088,110,1862,0.06538987688098495,239,3655,0.08211233211233211,538,6552,False,False
p502,p1060,p502,p1060,II,I,Chilean sequences,Chilean sequences,False,False,False,0.05166846071044134,96,1858,0.0665024630541872,243,3654,0.08631225175679805,565,6546,False,False
p502,p1056,p502,p1056,II,I,Chilean sequences,Chilean sequences,False,False,False,0.0521785906401291,97,1859,0.025998905309250135,95,3654,0.08371524595172625,548,6546,False,False
p502,NRC-2/97,p502,ANDV NRC-2/97,II,I,Chilean sequences,Argentinean sequences,False,False,False,0.05189189189189189,96,1850,0.020902090209020903,76,3636,0.08480837309527474,551,6497,False,False
p502,p115D,p502,p115D,II,I,Chilean sequences,Chilean sequences,False,False,False,0.049276914836636314,92,1867,0.004098360655737705,15,3660,0.008998017385999695,59,6557,False,False
p502,p915,p502,p915,II,I,Chilean sequences,Chilean sequences,False,False,False,0.04935622317596566,92,1864,0.004931506849315068,18,3650,0.008545704257591942,56,6553,False,False
p502,p201,p502,p201,II,I,Chilean sequences,Chilean sequences,False,False,False,0.04951560818083961,92,1858,0.004652435686918446,17,3654,0.008087898672363803,53,6553,False,False
p502,p1064,p502,p1064,II,I,Chilean sequences,Chilean sequences,False,False,False,0.050673854447439354,94,1855,0.02683461117196057,98,3652,0.08222730739893211,539,6555,False,False
p502,CHI-7913,p502,ANDV CHI-7913,II,I,Chilean sequences,Chilean sequences,False,False,False,0.05108273181565797,92,1801,0.020598736610821202,75,3641,0.08304979894834519,537,6466,False,False
p502,p1062,p502,p1062,II,I,Chilean sequences,Chilean sequences,False,False,False,0.04779806659505908,89,1862,0.018301010652827097,67,3661,0.08541793776693106,560,6556,False,False
p502,p1058,p502,p1058,II,I,Chilean sequences,Chilean sequences,False,False,False,0.04983922829581994,93,1866,0.026272577996715927,96,3654,0.08610687022900763,564,6550,False,False
p502,NRC-5/18,p502,ANDV NRC-5/18,II,I,Chilean sequences,Argentinean sequences,False,False,False,0.04636118598382749,86,1855,0.026923076923076925,98,3640,0.08365252030029109,546,6527,False,False
p502,p1241,p502,p1241,II,I,Chilean sequences,Chilean sequences,False,False,False,0.048205677557579006,90,1867,0.025402895383774923,93,3661,0.08297742525930446,544,6556,False,False
p502,p1313,p502,p1313,II,I,Chilean sequences,Chilean sequences,False,False,False,0.0445996775926921,83,1861,0.025725232621784347,94,3654,0.08778625954198473,575,6550,False,False
p502,p126,p502,p126,II,I,Chilean sequences,Chilean sequences,False,False,False,0.0457235072619688,85,1859,0.027093596059113302,99,3654,0.08574916081782118,562,6554,False,False
p502,136D,p502,136D,II,I,Chilean sequences,Chilean sequences,False,False,False,0.05384615384615385,98,1820,0.027393391697260662,97,3541,0.08661538461538462,563,6500,False,False
p502,p1052,p502,p1052,II,I,Chilean sequences,Chilean sequences,False,False,False,0.04825737265415549,90,1865,0.024343544857768053,89,3656,0.0843759536161123,553,6554,False,False
p502,131D,p502,131D,II,I,Chilean sequences,Chilean sequences,False,False,False,0.05191995673336939,96,1849,0.025755879059350503,92,3572,0.08503767491926803,553,6503,False,False
p502,p127,p502,p127,II,I,Chilean sequences,Chilean sequences,False,False,False,0.049435787211176786,92,1861,0.025451559934318555,93,3654,0.08521686010995724,558,6548,False,False
p502,p1427,p502,p1427,II,I,Chilean sequences,Chilean sequences,False,False,False,0.051075268817204304,95,1860,0.023490849494673588,86,3661,0.08403233185908189,551,6557,False,False
p502,p1430,p502,p1430,II,I,Chilean sequences,Chilean sequences,False,False,False,0.050965665236051505,95,1864,0.023217700081944823,85,3661,0.0835748055513192,548,6557,False,False
p502,ANDV-CH-LS-2016,p502,ANDV-CH-LS-2016,II,I,Chilean sequences,Chilean sequences,False,False,False,0.05298382598996096,95,1793,0.024126455906821963,87,3606,0.08727211343686699,517,5924,False,False
p502,ANDV-CH-LS-2022,p502,ANDV-CH-LS-2022,II,I,Chilean sequences,Chilean sequences,False,False,False,0.05397727272727273,95,1760,0.02337131171487,80,3423,0.08585615889796572,536,6243,False,False
p502,ARG p19,p502,ANDV ARG p19,II,III,Chilean sequences,Argentinean sequences,False,False,False,0.049276914836636314,92,1867,0.028469750889679714,104,3653,0.0850965250965251,551,6475,False,False
p502,ARG p3,p502,ANDV ARG p3,II,III,Chilean sequences,Argentinean sequences,False,False,False,0.04897739504843918,91,1858,0.028257887517146776,103,3645,0.08437786609599511,552,6542,False,False
p502,ARG-M.a.,p502,ANDV ARG-M.a.,II,III,Chilean sequences,Argentinean sequences,False,False,False,0.04935622317596566,92,1864,0.02821144891810463,103,3651,0.08511296812132467,550,6462,False,False
p502,ARG p9,p502,ANDV ARG p9,II,III,Chilean sequences,Argentinean sequences,False,False,False,0.049276914836636314,92,1867,0.028188286808976466,103,3654,0.08494208494208494,550,6475,False,False
p502,p1316,p502,p1316,II,III,Chilean sequences,Chilean sequences,False,False,False,0.04836109618484686,90,1861,0.03065134099616858,112,3654,0.0820872749465975,538,6554,False,False
p502,CHI-Hu13724 P2,p502,ANDV CHI-Hu13724 P2,II,III,Chilean sequences,Chilean sequences,False,False,False,0.04900376952073236,91,1857,0.03284072249589491,120,3654,0.082837528604119,543,6555,False,False
p502,p136,p502,p136,II,III,Chilean sequences,Chilean sequences,False,False,False,0.04836109618484686,90,1861,0.03284072249589491,120,3654,0.08282489322757779,543,6556,False,False
p502,p137,p502,p137,II,III,Chilean sequences,Chilean sequences,False,False,False,0.04851752021563342,90,1855,0.03285870755750274,120,3652,0.08291342189647274,543,6549,False,False
p502,CHI-Hu13724 P1,p502,ANDV CHI-Hu13724 P1,II,III,Chilean sequences,Chilean sequences,False,False,False,0.04825737265415549,90,1865,0.03277792952745152,120,3661,0.08281226170504805,543,6557,False,False
p502,p1059,p502,p1059,II,III,Chilean sequences,Chilean sequences,False,True,False,0.04932975871313673,92,1865,0.03441682600382409,126,3661,0.08253241800152555,541,6555,False,False
p502,NRC-4/18,p502,ANDV NRC-4/18,II,III,Chilean sequences,Argentinean sequences,False,True,False,0.04897739504843918,91,1858,0.03322350356946733,121,3642,0.08374083129584352,548,6544,False,False
p502,NRC-3/18,p502,ANDV NRC-3/18,II,III,Chilean sequences,Argentinean sequences,False,True,False,0.04905660377358491,91,1855,0.032957978577313925,120,3641,0.0838048631289188,548,6539,False,False
p502,132D,p502,132D,II,III,Chilean sequences,Chilean sequences,False,True,False,0.04975662520281233,92,1849,0.036598789212988446,133,3634,0.08523335883703137,557,6535,False,False
p502,p1239,p502,p1239,II,III,Chilean sequences,Chilean sequences,False,True,False,0.04986595174262735,93,1865,0.033424657534246574,122,3650,0.08194719975583702,537,6553,False,False
p502,p1242,p502,p1242,II,III,Chilean sequences,Chilean sequences,False,True,False,0.05314009661835749,99,1863,0.03504928806133625,128,3652,0.08285016783643577,543,6554,False,False
p502,p931,p502,p931,II,III,Chilean sequences,Chilean sequences,False,True,False,0.051419389394750936,96,1867,0.03450164293537788,126,3652,0.08179459789409431,536,6553,False,False
p502,p1236,p502,p1236,II,III,Chilean sequences,Chilean sequences,False,True,False,0.0499194847020934,93,1863,0.03258488499452355,119,3652,0.08591439688715953,552,6425,True,False
p502,cruise,p502,France-Case 9,II,III,Chilean sequences,Cruise ship outbreak sequences,False,True,False,0.0528872099298435,98,1853,0.03514552443712246,128,3642,0.08388082505729565,549,6545,False,True
p502,cruise,p502,Spain-Case 10,II,III,Chilean sequences,Cruise ship outbreak sequences,False,True,False,0.05305901461829995,98,1847,0.03509734027968193,128,3647,0.08395779171127084,549,6539,False,True
p502,cruise,p502,Spain-Case 12,II,III,Chilean sequences,Cruise ship outbreak sequences,False,True,False,0.05305901461829995,98,1847,0.03509734027968193,128,3647,0.08395779171127084,549,6539,False,True
p502,Switzerland-Case 7,p502,Switzerland-Case 7,II,III,Chilean sequences,Cruise ship outbreak sequences,False,True,False,0.05305901461829995,98,1847,0.03509734027968193,128,3647,0.08387982308982767,550,6557,False,True
p502,cruise,p502,Netherlands-Case 6,II,III,Chilean sequences,Cruise ship outbreak sequences,False,True,False,0.05378704720087816,98,1822,0.03531034482758621,128,3625,0.08444300097434232,520,6158,False,True
p502,cruise,p502,Netherlands-Case 5,II,III,Chilean sequences,Cruise ship outbreak sequences,False,True,False,0.05441421432537479,98,1801,0.03566413928671722,127,3561,0.08485316846986089,549,6470,False,True
p502,cruise,p502,Johannesburg-Case 2,II,III,Chilean sequences,Cruise ship outbreak sequences,False,True,False,0.05514496873223423,97,1759,0.03541781959048146,128,3614,0.0846356181339935,547,6463,False,True
p502,cruise,p502,Johannesburg-Case 3,II,III,Chilean sequences,Cruise ship outbreak sequences,False,True,False,0.055176336746302616,97,1758,0.0353661932609301,127,3591,0.08417663293468261,549,6522,False,True
p502,cruise,p502,Canada-Case 11_NPswab,II,III,Chilean sequences,Cruise ship outbreak sequences,False,True,False,0.056568196103079824,90,1591,0.03562421185372005,113,3172,0.08517608517608517,520,6105,False,True
p502,cruise,p502,Canada-Case 11_blood,II,III,Chilean sequences,Cruise ship outbreak sequences,False,True,False,0.05568181818181818,98,1760,0.03559417040358744,127,3568,0.08455034588777863,550,6505,False,True
ARCH14/NRC1,AREB14/P2,ANDV ARCH14/NRC1,ANDV AREB14/P2,II,II,Argentinean sequences,Argentinean sequences,False,False,True,0.043595263724434875,81,1858,0.05297831457589899,193,3643,0.052978104425049764,346,6531,False,False
ARCH14/NRC1,AREB14/P3,ANDV ARCH14/NRC1,ANDV AREB14/P3,II,II,Argentinean sequences,Argentinean sequences,False,False,True,0.04455445544554455,81,1818,0.053094910591471804,193,3635,0.053002450980392156,346,6528,False,False
ARCH14/NRC1,AREB14/P1,ANDV ARCH14/NRC1,ANDV AREB14/P1,II,II,Argentinean sequences,Argentinean sequences,False,False,True,0.043807463493780424,81,1849,0.05321202095395644,193,3627,0.053527227722772276,346,6464,False,False
ARCH14/NRC1,NRC-6/18,ANDV ARCH14/NRC1,ANDV NRC-6/18,II,II,Argentinean sequences,Argentinean sequences,False,False,True,0.04090419806243272,76,1858,0.05682130112544606,207,3643,0.054058192955589585,353,6530,False,False
ARCH14/NRC1,ARLA17/NRC2,ANDV ARCH14/NRC1,ANDV ARLA17/NRC2,II,II,Argentinean sequences,Argentinean sequences,False,False,True,0.04503526858383071,83,1843,0.052776250687190766,192,3638,0.05435614760373603,355,6531,False,False
ARCH14/NRC1,Epilink/96,ANDV ARCH14/NRC1,ANDV Epilink/96,II,II,Argentinean sequences,Argentinean sequences,False,False,True,0.04361873990306947,81,1857,0.05188031841888553,189,3643,0.05175317715510642,338,6531,False,False
ARCH14/NRC1,Epuyen/18-19 Patient 6,ANDV ARCH14/NRC1,ANDV Epuyen/18-19 Patient 6,II,II,Argentinean sequences,Argentinean sequences,False,False,True,0.04366576819407008,81,1855,0.05462530881141916,199,3643,0.052978104425049764,346,6531,False,False
ARCH14/NRC1,Epuyen/18-19 Patient 26,ANDV ARCH14/NRC1,ANDV Epuyen/18-19 Patient 26,II,II,Argentinean sequences,Argentinean sequences,False,False,True,0.04371289800323799,81,1853,0.05465531447404559,199,3641,0.05313122033379268,347,6531,False,False
ARCH14/NRC1,Epuyen/18-19 Patient 22,ANDV ARCH14/NRC1,ANDV Epuyen/18-19 Patient 22,II,II,Argentinean sequences,Argentinean sequences,False,False,True,0.044204851752021566,82,1855,0.05462530881141916,199,3643,0.0532843362425356,348,6531,False,False
ARCH14/NRC1,Epuyen/18-19 Patient 7,ANDV ARCH14/NRC1,ANDV Epuyen/18-19 Patient 7,II,II,Argentinean sequences,Argentinean sequences,False,False,True,0.044252563410685376,82,1853,0.05465531447404559,199,3641,0.05313122033379268,347,6531,False,False
ARCH14/NRC1,Epuyen/18-19 Patient 24,ANDV ARCH14/NRC1,ANDV Epuyen/18-19 Patient 24,II,II,Argentinean sequences,Argentinean sequences,False,False,True,0.04383116883116883,81,1848,0.05464030752333882,199,3642,0.05313122033379268,347,6531,False,False
ARCH14/NRC1,Epuyen/18-19 Patient 4,ANDV ARCH14/NRC1,ANDV Epuyen/18-19 Patient 4,II,II,Argentinean sequences,Argentinean sequences,False,False,True,0.04373650107991361,81,1852,0.05489980785067252,200,3643,0.0532843362425356,348,6531,False,False
ARCH14/NRC1,Epuyen/18-19 Patient 10,ANDV ARCH14/NRC1,ANDV Epuyen/18-19 Patient 10,II,II,Argentinean sequences,Argentinean sequences,False,False,True,0.043973941368078175,81,1842,0.05480583861195263,199,3631,0.05300077942322681,340,6415,False,False
ARCH14/NRC1,Epuyen/18-19 Patient 15,ANDV ARCH14/NRC1,ANDV Epuyen/18-19 Patient 15,II,II,Argentinean sequences,Argentinean sequences,False,False,True,0.04433497536945813,81,1827,0.05489655172413793,199,3625,0.05313122033379268,347,6531,False,False
ARCH14/NRC1,Epuyen/18-19 Patient 18,ANDV ARCH14/NRC1,ANDV Epuyen/18-19 Patient 18,II,II,Argentinean sequences,Argentinean sequences,False,False,True,0.04438356164383562,81,1825,0.05489655172413793,199,3625,0.05347511172753891,347,6489,False,False
ARCH14/NRC1,Epuyen/18-19 Patient 23,ANDV ARCH14/NRC1,ANDV Epuyen/18-19 Patient 23,II,II,Argentinean sequences,Argentinean sequences,False,False,True,0.04488912925905895,83,1849,0.05473047304730473,199,3636,0.05313122033379268,347,6531,False,False
ARCH14/NRC1,Epuyen/18-19 Patient 12,ANDV ARCH14/NRC1,ANDV Epuyen/18-19 Patient 12,II,II,Argentinean sequences,Argentinean sequences,False,False,True,0.04376012965964344,81,1851,0.05492996429552321,200,3641,0.05313122033379268,347,6531,False,False
ARCH14/NRC1,Epuyen/18-19 Patient 25,ANDV ARCH14/NRC1,ANDV Epuyen/18-19 Patient 25,II,II,Argentinean sequences,Argentinean sequences,False,False,True,0.04361873990306947,81,1857,0.05467032967032967,199,3640,0.05313122033379268,347,6531,False,False
ARCH14/NRC1,Epuyen/18-19 Patient 17,ANDV ARCH14/NRC1,ANDV Epuyen/18-19 Patient 17,II,II,Argentinean sequences,Argentinean sequences,False,False,True,0.04361873990306947,81,1857,0.05462530881141916,199,3643,0.05313122033379268,347,6531,False,False
ARCH14/NRC1,Epuyen/18-19 Patient 3,ANDV ARCH14/NRC1,ANDV Epuyen/18-19 Patient 3,II,II,Argentinean sequences,Argentinean sequences,False,False,True,0.04378378378378378,81,1850,0.05467032967032967,199,3640,0.05313122033379268,347,6531,False,False
ARCH14/NRC1,Epuyen/18-19 Patient 13,ANDV ARCH14/NRC1,ANDV Epuyen/18-19 Patient 13,II,II,Argentinean sequences,Argentinean sequences,False,False,True,0.04378378378378378,81,1850,0.05465531447404559,199,3641,0.05313122033379268,347,6531,False,False
ARCH14/NRC1,Epuyen/18-19 Patient 1,ANDV ARCH14/NRC1,ANDV Epuyen/18-19 Patient 1,II,II,Argentinean sequences,Argentinean sequences,False,False,True,0.04378378378378378,81,1850,0.05465531447404559,199,3641,0.05313122033379268,347,6531,False,False
ARCH14/NRC1,Epuyen/18-19 Patient 28,ANDV ARCH14/NRC1,ANDV Epuyen/18-19 Patient 28,II,II,Argentinean sequences,Argentinean sequences,False,False,True,0.04383116883116883,81,1848,0.05476059438635113,199,3634,0.05313122033379268,347,6531,False,False
ARCH14/NRC1,Epuyen/18-19 Patient 16,ANDV ARCH14/NRC1,ANDV Epuyen/18-19 Patient 16,II,II,Argentinean sequences,Argentinean sequences,False,False,True,0.04361873990306947,81,1857,0.05462530881141916,199,3643,0.05313122033379268,347,6531,False,False
ARCH14/NRC1,Epuyen/18-19 Patient 29,ANDV ARCH14/NRC1,ANDV Epuyen/18-19 Patient 29,II,II,Argentinean sequences,Argentinean sequences,False,False,True,0.04361873990306947,81,1857,0.05462530881141916,199,3643,0.05313122033379268,347,6531,False,False
ARCH14/NRC1,Epuyen/18-19 Patient 19,ANDV ARCH14/NRC1,ANDV Epuyen/18-19 Patient 19,II,II,Argentinean sequences,Argentinean sequences,False,False,True,0.043595263724434875,81,1858,0.05465531447404559,199,3641,0.05313122033379268,347,6531,False,False
ARCH14/NRC1,Epuyen/18-19 Patient 9,ANDV ARCH14/NRC1,ANDV Epuyen/18-19 Patient 9,II,II,Argentinean sequences,Argentinean sequences,False,False,True,0.043595263724434875,81,1858,0.05462530881141916,199,3643,0.05313122033379268,347,6531,False,False
ARCH14/NRC1,Epuyen/18-19 Patient 20,ANDV ARCH14/NRC1,ANDV Epuyen/18-19 Patient 20,II,II,Argentinean sequences,Argentinean sequences,False,False,True,0.043595263724434875,81,1858,0.05467032967032967,199,3640,0.05313122033379268,347,6531,False,False
ARCH14/NRC1,Epuyen/18-19 Patient 8,ANDV ARCH14/NRC1,ANDV Epuyen/18-19 Patient 8,II,II,Argentinean sequences,Argentinean sequences,False,False,True,0.043689320388349516,81,1854,0.05465531447404559,199,3641,0.05313122033379268,347,6531,False,False
ARCH14/NRC1,Epuyen/18-19 Patient 14,ANDV ARCH14/NRC1,ANDV Epuyen/18-19 Patient 14,II,II,Argentinean sequences,Argentinean sequences,False,False,True,0.043689320388349516,81,1854,0.05462530881141916,199,3643,0.05313122033379268,347,6531,False,False
ARCH14/NRC1,Epuyen/18-19 Patient 11,ANDV ARCH14/NRC1,ANDV Epuyen/18-19 Patient 11,II,II,Argentinean sequences,Argentinean sequences,False,False,True,0.04395008138903961,81,1843,0.054715424800659884,199,3637,0.05305121128488194,346,6522,False,False
ARCH14/NRC1,Epuyen/18-19 Patient 27,ANDV ARCH14/NRC1,ANDV Epuyen/18-19 Patient 27,II,II,Argentinean sequences,Argentinean sequences,False,False,True,0.04385489983757444,81,1847,0.05473047304730473,199,3636,0.05313122033379268,347,6531,False,False
ARCH14/NRC1,Epuyen/18-19 Patient 5,ANDV ARCH14/NRC1,ANDV Epuyen/18-19 Patient 5,II,II,Argentinean sequences,Argentinean sequences,False,False,True,0.04383116883116883,81,1848,0.05465531447404559,199,3641,0.05313122033379268,347,6531,False,False
ARCH14/NRC1,Epuyen,ANDV ARCH14/NRC1,ANDV Epuyen,II,II,Argentinean sequences,Argentinean sequences,False,False,True,0.04463799673380512,82,1837,0.05525013743815283,201,3638,0.05380333951762523,348,6468,False,False
ARCH14/NRC1,p334,ANDV ARCH14/NRC1,p334,II,I,Argentinean sequences,Chilean sequences,False,False,False,0.055525606469002696,103,1855,0.06836902800658978,249,3642,0.06507426121574031,425,6531,False,False
ARCH14/NRC1,p1060,ANDV ARCH14/NRC1,p1060,II,I,Argentinean sequences,Chilean sequences,False,False,False,0.047516198704103674,88,1852,0.06560527038155367,239,3643,0.06997397029551371,457,6531,False,False
ARCH14/NRC1,p1056,ANDV ARCH14/NRC1,p1056,II,I,Argentinean sequences,Chilean sequences,False,False,False,0.04908306364617044,91,1854,0.05489980785067252,200,3643,0.05588730669116521,365,6531,False,False
ARCH14/NRC1,NRC-2/97,ANDV ARCH14/NRC1,ANDV NRC-2/97,II,I,Argentinean sequences,Argentinean sequences,False,False,False,0.04921579232017307,91,1849,0.05308030803080308,193,3636,0.056266378911669496,365,6487,False,False
ARCH14/NRC1,p115D,ANDV ARCH14/NRC1,p115D,II,I,Argentinean sequences,Chilean sequences,False,False,False,0.04577275175013463,85,1857,0.05160581937963217,188,3643,0.08191701117746134,535,6531,False,False
ARCH14/NRC1,p915,ANDV ARCH14/NRC1,p915,II,I,Argentinean sequences,Chilean sequences,False,False,False,0.04741379310344827,88,1856,0.05410601483109036,197,3641,0.08145766345123258,532,6531,False,False
ARCH14/NRC1,p201,ANDV ARCH14/NRC1,p201,II,I,Argentinean sequences,Chilean sequences,False,False,False,0.04697624190064795,87,1852,0.05160581937963217,188,3643,0.08145766345123258,532,6531,False,False
ARCH14/NRC1,p1064,ANDV ARCH14/NRC1,p1064,II,I,Argentinean sequences,Chilean sequences,False,False,False,0.04913606911447084,91,1852,0.05740181268882175,209,3641,0.05221252488133517,341,6531,False,False
ARCH14/NRC1,CHI-7913,ANDV ARCH14/NRC1,ANDV CHI-7913,II,I,Argentinean sequences,Chilean sequences,False,False,False,0.04997223764575236,90,1801,0.052269601100412656,190,3635,0.05211877513145685,337,6466,False,False
ARCH14/NRC1,p1062,ANDV ARCH14/NRC1,p1062,II,I,Argentinean sequences,Chilean sequences,False,False,False,0.04851752021563342,90,1855,0.048860828987098544,178,3643,0.05604042259990813,366,6531,False,False
ARCH14/NRC1,p1058,ANDV ARCH14/NRC1,p1058,II,I,Argentinean sequences,Chilean sequences,False,False,False,0.04741379310344827,88,1856,0.05627230304693934,205,3643,0.055734190782422297,364,6531,False,False
ARCH14/NRC1,NRC-5/18,ANDV ARCH14/NRC1,ANDV NRC-5/18,II,I,Argentinean sequences,Argentinean sequences,False,False,False,0.044204851752021566,82,1855,0.05631868131868132,205,3640,0.054302807179015186,354,6519,False,False
ARCH14/NRC1,p1241,ANDV ARCH14/NRC1,p1241,II,I,Argentinean sequences,Chilean sequences,False,False,False,0.044695745826602046,83,1857,0.054350809772165797,198,3643,0.05681470137825421,371,6530,False,False
ARCH14/NRC1,p1313,ANDV ARCH14/NRC1,p1313,II,I,Argentinean sequences,Chilean sequences,False,False,False,0.040992448759439054,76,1854,0.05572330496843261,203,3643,0.05849027713979482,382,6531,False,False
ARCH14/NRC1,p126,ANDV ARCH14/NRC1,p126,II,I,Argentinean sequences,Chilean sequences,False,False,False,0.040992448759439054,76,1854,0.05682130112544606,207,3643,0.05818404532230899,380,6531,False,False
ARCH14/NRC1,136D,ANDV ARCH14/NRC1,136D,II,I,Argentinean sequences,Chilean sequences,False,False,False,0.04672897196261682,85,1819,0.05535159559446484,196,3541,0.05692307692307692,370,6500,False,False
ARCH14/NRC1,p1052,ANDV ARCH14/NRC1,p1052,II,I,Argentinean sequences,Chilean sequences,False,False,False,0.04254173397953689,79,1857,0.05517430688992588,201,3643,0.05695911805236564,372,6531,False,False
ARCH14/NRC1,131D,ANDV ARCH14/NRC1,131D,II,I,Argentinean sequences,Chilean sequences,False,False,False,0.04488912925905895,83,1849,0.055431131019036954,198,3572,0.05705059203444564,371,6503,False,False
ARCH14/NRC1,p127,ANDV ARCH14/NRC1,p127,II,I,Argentinean sequences,Chilean sequences,False,False,False,0.04584681769147789,85,1854,0.05544880592917925,202,3643,0.0566528862348798,370,6531,False,False
ARCH14/NRC1,p1427,ANDV ARCH14/NRC1,p1427,II,I,Argentinean sequences,Chilean sequences,False,False,False,0.04427645788336933,82,1852,0.052429316497392256,191,3643,0.054509263512478943,356,6531,False,False
ARCH14/NRC1,p1430,ANDV ARCH14/NRC1,p1430,II,I,Argentinean sequences,Chilean sequences,False,False,False,0.044695745826602046,83,1857,0.052154817458138894,190,3643,0.054509263512478943,356,6531,False,False
ARCH14/NRC1,ANDV-CH-LS-2016,ANDV ARCH14/NRC1,ANDV-CH-LS-2016,II,I,Argentinean sequences,Chilean sequences,False,False,False,0.046875,84,1792,0.05268996117581808,190,3606,0.056212018906144495,333,5924,False,False
ARCH14/NRC1,ANDV-CH-LS-2022,ANDV ARCH14/NRC1,ANDV-CH-LS-2022,II,I,Argentinean sequences,Chilean sequences,False,False,False,0.04604889141557703,81,1759,0.051709027169149865,177,3423,0.05510171391958994,344,6243,False,False
ARCH14/NRC1,ARG p19,ANDV ARCH14/NRC1,ANDV ARG p19,II,III,Argentinean sequences,Argentinean sequences,False,False,False,0.04951560818083961,92,1858,0.04968432610485863,181,3643,0.05637065637065637,365,6475,False,False
ARCH14/NRC1,ARG p3,ANDV ARCH14/NRC1,ANDV ARG p3,II,III,Argentinean sequences,Argentinean sequences,False,False,False,0.0490301724137931,91,1856,0.04940982706560527,180,3643,0.055734190782422297,364,6531,False,False
ARCH14/NRC1,ARG-M.a.,ANDV ARCH14/NRC1,ANDV ARG-M.a.,II,III,Argentinean sequences,Argentinean sequences,False,False,False,0.04951560818083961,92,1858,0.04940982706560527,180,3643,0.05648406066233364,365,6462,False,False
ARCH14/NRC1,ARG p9,ANDV ARCH14/NRC1,ANDV ARG p9,II,III,Argentinean sequences,Argentinean sequences,False,False,False,0.04951560818083961,92,1858,0.04940982706560527,180,3643,0.05621621621621622,364,6475,False,False
ARCH14/NRC1,p1316,ANDV ARCH14/NRC1,p1316,II,III,Argentinean sequences,Chilean sequences,False,False,False,0.04849137931034483,90,1856,0.050782322261872084,185,3643,0.05481549532996478,358,6531,False,False
ARCH14/NRC1,CHI-Hu13724 P2,ANDV ARCH14/NRC1,ANDV CHI-Hu13724 P2,II,III,Argentinean sequences,Chilean sequences,False,False,False,0.0490301724137931,91,1856,0.052429316497392256,191,3643,0.0566528862348798,370,6531,False,False
ARCH14/NRC1,p136,ANDV ARCH14/NRC1,p136,II,III,Argentinean sequences,Chilean sequences,False,False,False,0.04849137931034483,90,1856,0.052429316497392256,191,3643,0.0566528862348798,370,6531,False,False
ARCH14/NRC1,p137,ANDV ARCH14/NRC1,p137,II,III,Argentinean sequences,Chilean sequences,False,False,False,0.04851752021563342,90,1855,0.052429316497392256,191,3643,0.0566528862348798,370,6531,False,False
ARCH14/NRC1,CHI-Hu13724 P1,ANDV ARCH14/NRC1,ANDV CHI-Hu13724 P1,II,III,Argentinean sequences,Chilean sequences,False,False,False,0.04841312533620226,90,1859,0.052429316497392256,191,3643,0.0566528862348798,370,6531,False,False
ARCH14/NRC1,p1059,ANDV ARCH14/NRC1,p1059,II,III,Argentinean sequences,Chilean sequences,False,True,False,0.048465266558966075,90,1857,0.05517430688992588,201,3643,0.056193538508651046,367,6531,False,False
ARCH14/NRC1,NRC-4/18,ANDV ARCH14/NRC1,ANDV NRC-4/18,II,III,Argentinean sequences,Argentinean sequences,False,True,False,0.04800431499460626,89,1854,0.052443712246018674,191,3642,0.055130168453292494,360,6530,False,False
ARCH14/NRC1,NRC-3/18,ANDV ARCH14/NRC1,ANDV NRC-3/18,II,III,Argentinean sequences,Argentinean sequences,False,True,False,0.04800431499460626,89,1854,0.052183466080747046,190,3641,0.05512172714745062,360,6531,False,False
ARCH14/NRC1,132D,ANDV ARCH14/NRC1,132D,II,III,Argentinean sequences,Chilean sequences,False,True,False,0.047027027027027025,87,1850,0.056962025316455694,207,3634,0.055776892430278883,364,6526,False,False
ARCH14/NRC1,p1239,ANDV ARCH14/NRC1,p1239,II,III,Argentinean sequences,Chilean sequences,False,True,False,0.048465266558966075,90,1857,0.05465531447404559,199,3641,0.0549686112387077,359,6531,False,False
ARCH14/NRC1,p1242,ANDV ARCH14/NRC1,p1242,II,III,Argentinean sequences,Chilean sequences,False,True,False,0.051696284329563816,96,1857,0.05572330496843261,203,3643,0.054509263512478943,356,6531,False,False
ARCH14/NRC1,p931,ANDV ARCH14/NRC1,p931,II,III,Argentinean sequences,Chilean sequences,False,True,False,0.050080775444264945,93,1857,0.05572330496843261,203,3643,0.054049915786250194,353,6531,False,False
ARCH14/NRC1,p1236,ANDV ARCH14/NRC1,p1236,II,III,Argentinean sequences,Chilean sequences,False,True,False,0.05061927840603123,94,1857,0.05188031841888553,189,3643,0.05898832684824903,379,6425,True,False
ARCH14/NRC1,cruise,ANDV ARCH14/NRC1,France-Case 9,II,III,Argentinean sequences,Cruise ship outbreak sequences,False,True,False,0.051379123850730124,95,1849,0.054365733113673806,198,3642,0.05466237942122187,357,6531,False,True
ARCH14/NRC1,cruise,ANDV ARCH14/NRC1,Spain-Case 10,II,III,Argentinean sequences,Cruise ship outbreak sequences,False,True,False,0.051490514905149054,95,1845,0.054350809772165797,198,3643,0.05466237942122187,357,6531,False,True
ARCH14/NRC1,cruise,ANDV ARCH14/NRC1,Spain-Case 12,II,III,Argentinean sequences,Cruise ship outbreak sequences,False,True,False,0.051490514905149054,95,1845,0.054350809772165797,198,3643,0.05466237942122187,357,6531,False,True
ARCH14/NRC1,Switzerland-Case 7,ANDV ARCH14/NRC1,Switzerland-Case 7,II,III,Argentinean sequences,Cruise ship outbreak sequences,False,True,False,0.051490514905149054,95,1845,0.054350809772165797,198,3643,0.05466237942122187,357,6531,False,True
ARCH14/NRC1,cruise,ANDV ARCH14/NRC1,Netherlands-Case 6,II,III,Argentinean sequences,Cruise ship outbreak sequences,False,True,False,0.05214050493962678,95,1822,0.054620689655172416,198,3625,0.055573610659733506,342,6154,False,True
ARCH14/NRC1,cruise,ANDV ARCH14/NRC1,Netherlands-Case 5,II,III,Argentinean sequences,Cruise ship outbreak sequences,False,True,False,0.05274847307051638,95,1801,0.05560235888795282,198,3561,0.05509130300216651,356,6462,False,True
ARCH14/NRC1,cruise,ANDV ARCH14/NRC1,Johannesburg-Case 2,II,III,Argentinean sequences,Cruise ship outbreak sequences,False,True,False,0.05400795906765207,95,1759,0.05478693967902601,198,3614,0.05509130300216651,356,6462,False,True
ARCH14/NRC1,cruise,ANDV ARCH14/NRC1,Johannesburg-Case 3,II,III,Argentinean sequences,Cruise ship outbreak sequences,False,True,False,0.0540386803185438,95,1758,0.05513784461152882,198,3591,0.05475460122699387,357,6520,False,True
ARCH14/NRC1,cruise,ANDV ARCH14/NRC1,Canada-Case 11_NPswab,II,III,Argentinean sequences,Cruise ship outbreak sequences,False,True,False,0.05593966059082338,89,1591,0.05548549810844893,176,3172,0.054873054873054876,335,6105,False,True
ARCH14/NRC1,cruise,ANDV ARCH14/NRC1,Canada-Case 11_blood,II,III,Argentinean sequences,Cruise ship outbreak sequences,False,True,False,0.05454545454545454,96,1760,0.0554932735426009,198,3568,0.05503458877786318,358,6505,False,True
AREB14/P2,AREB14/P3,ANDV AREB14/P2,ANDV AREB14/P3,II,II,Argentinean sequences,Argentinean sequences,False,False,True,0.0,0,1819,0.0,0,3643,0.0,0,6528,False,False
AREB14/P2,AREB14/P1,ANDV AREB14/P2,ANDV AREB14/P1,II,II,Argentinean sequences,Argentinean sequences,False,False,True,0.0,0,1850,0.0,0,3639,0.0003094059405940594,2,6464,False,False
AREB14/P2,NRC-6/18,ANDV AREB14/P2,ANDV NRC-6/18,II,II,Argentinean sequences,Argentinean sequences,False,False,True,0.010712372790573112,20,1867,0.013646288209606987,50,3664,0.012219337100962274,80,6547,False,False
AREB14/P2,ARLA17/NRC2,ANDV AREB14/P2,ANDV ARLA17/NRC2,II,II,Argentinean sequences,Argentinean sequences,False,False,True,0.012472885032537961,23,1844,0.013165112452002194,48,3646,0.012553582363747704,82,6532,False,False
AREB14/P2,Epilink/96,ANDV AREB14/P2,ANDV Epilink/96,II,II,Argentinean sequences,Argentinean sequences,False,False,True,0.011796246648793566,22,1865,0.009819967266775777,36,3666,0.009013137794072716,59,6546,False,False
AREB14/P2,Epuyen/18-19 Patient 6,ANDV AREB14/P2,ANDV Epuyen/18-19 Patient 6,II,II,Argentinean sequences,Argentinean sequences,False,False,True,0.011254019292604502,21,1866,0.011992368492777324,44,3669,0.011610143599144515,76,6546,False,False
AREB14/P2,Epuyen/18-19 Patient 26,ANDV AREB14/P2,ANDV Epuyen/18-19 Patient 26,II,II,Argentinean sequences,Argentinean sequences,False,False,True,0.011302475780409042,21,1858,0.0120415982484948,44,3654,0.011466136676349182,75,6541,False,False
AREB14/P2,Epuyen/18-19 Patient 22,ANDV AREB14/P2,ANDV Epuyen/18-19 Patient 22,II,II,Argentinean sequences,Argentinean sequences,False,False,True,0.011808910359634998,22,1863,0.012018574160065555,44,3661,0.011610143599144515,76,6546,False,False
AREB14/P2,Epuyen/18-19 Patient 7,ANDV AREB14/P2,ANDV Epuyen/18-19 Patient 7,II,II,Argentinean sequences,Argentinean sequences,False,False,True,0.011853448275862068,22,1856,0.012038303693570451,44,3655,0.011460880195599023,75,6544,False,False
AREB14/P2,Epuyen/18-19 Patient 24,ANDV AREB14/P2,ANDV Epuyen/18-19 Patient 24,II,II,Argentinean sequences,Argentinean sequences,False,False,True,0.011357490535424553,21,1849,0.012048192771084338,44,3652,0.01148193508879363,75,6532,False,False
AREB14/P2,Epuyen/18-19 Patient 4,ANDV AREB14/P2,ANDV Epuyen/18-19 Patient 4,II,II,Argentinean sequences,Argentinean sequences,False,False,True,0.011314655172413793,21,1856,0.012298442197321673,45,3659,0.011617242433506572,76,6542,False,False
AREB14/P2,Epuyen/18-19 Patient 10,ANDV AREB14/P2,ANDV Epuyen/18-19 Patient 10,II,II,Argentinean sequences,Argentinean sequences,False,False,True,0.011394465545306565,21,1843,0.012091233855454795,44,3639,0.011535463756819953,74,6415,False,False
AREB14/P2,Epuyen/18-19 Patient 15,ANDV AREB14/P2,ANDV Epuyen/18-19 Patient 15,II,II,Argentinean sequences,Argentinean sequences,False,False,True,0.011487964989059081,21,1828,0.01211120286264795,44,3633,0.011483693155718878,75,6531,False,False
AREB14/P2,Epuyen/18-19 Patient 18,ANDV AREB14/P2,ANDV Epuyen/18-19 Patient 18,II,II,Argentinean sequences,Argentinean sequences,False,False,True,0.011500547645125958,21,1826,0.01211120286264795,44,3633,0.011556240369799691,75,6490,False,False
AREB14/P2,Epuyen/18-19 Patient 23,ANDV AREB14/P2,ANDV Epuyen/18-19 Patient 23,II,II,Argentinean sequences,Argentinean sequences,False,False,True,0.012432432432432432,23,1850,0.012068019747668678,44,3646,0.011483693155718878,75,6531,False,False
AREB14/P2,Epuyen/18-19 Patient 12,ANDV AREB14/P2,ANDV Epuyen/18-19 Patient 12,II,II,Argentinean sequences,Argentinean sequences,False,False,True,0.011339092872570195,21,1852,0.012311901504787962,45,3655,0.011464383980434117,75,6542,False,False
AREB14/P2,Epuyen/18-19 Patient 25,ANDV AREB14/P2,ANDV Epuyen/18-19 Patient 25,II,II,Argentinean sequences,Argentinean sequences,False,False,True,0.011284255776464266,21,1861,0.0120415982484948,44,3654,0.011464383980434117,75,6542,False,False
AREB14/P2,Epuyen/18-19 Patient 17,ANDV AREB14/P2,ANDV Epuyen/18-19 Patient 17,II,II,Argentinean sequences,Argentinean sequences,False,False,True,0.011284255776464266,21,1861,0.012025143481825635,44,3659,0.011462631820265932,75,6543,False,False
AREB14/P2,Epuyen/18-19 Patient 3,ANDV AREB14/P2,ANDV Epuyen/18-19 Patient 3,II,II,Argentinean sequences,Argentinean sequences,False,False,True,0.011345218800648298,21,1851,0.0120415982484948,44,3654,0.011469643676403119,75,6539,False,False
AREB14/P2,Epuyen/18-19 Patient 13,ANDV AREB14/P2,ANDV Epuyen/18-19 Patient 13,II,II,Argentinean sequences,Argentinean sequences,False,False,True,0.011345218800648298,21,1851,0.012031719989062073,44,3657,0.011466136676349182,75,6541,False,False
AREB14/P2,Epuyen/18-19 Patient 1,ANDV AREB14/P2,ANDV Epuyen/18-19 Patient 1,II,II,Argentinean sequences,Argentinean sequences,False,False,True,0.011345218800648298,21,1851,0.0120415982484948,44,3654,0.011466136676349182,75,6541,False,False
AREB14/P2,Epuyen/18-19 Patient 28,ANDV AREB14/P2,ANDV Epuyen/18-19 Patient 28,II,II,Argentinean sequences,Argentinean sequences,False,False,True,0.011357490535424553,21,1849,0.012064710721140664,44,3647,0.01148193508879363,75,6532,False,False
AREB14/P2,Epuyen/18-19 Patient 16,ANDV AREB14/P2,ANDV Epuyen/18-19 Patient 16,II,II,Argentinean sequences,Argentinean sequences,False,False,True,0.011296395911780527,21,1859,0.012051492741714598,44,3651,0.011466136676349182,75,6541,False,False
AREB14/P2,Epuyen/18-19 Patient 29,ANDV AREB14/P2,ANDV Epuyen/18-19 Patient 29,II,II,Argentinean sequences,Argentinean sequences,False,False,True,0.011284255776464266,21,1861,0.012005457025920874,44,3665,0.011464383980434117,75,6542,False,False
AREB14/P2,Epuyen/18-19 Patient 19,ANDV AREB14/P2,ANDV Epuyen/18-19 Patient 19,II,II,Argentinean sequences,Argentinean sequences,False,False,True,0.011260053619302948,21,1865,0.012035010940919038,44,3656,0.01145562853215213,75,6547,False,False
AREB14/P2,Epuyen/18-19 Patient 9,ANDV AREB14/P2,ANDV Epuyen/18-19 Patient 9,II,II,Argentinean sequences,Argentinean sequences,False,False,True,0.011247991430101767,21,1867,0.012537476151539929,46,3669,0.011452130096197893,75,6549,False,False
AREB14/P2,Epuyen/18-19 Patient 20,ANDV AREB14/P2,ANDV Epuyen/18-19 Patient 20,II,II,Argentinean sequences,Argentinean sequences,False,False,True,0.011278195488721804,21,1862,0.012038303693570451,44,3655,0.011469643676403119,75,6539,False,False
AREB14/P2,Epuyen/18-19 Patient 8,ANDV AREB14/P2,ANDV Epuyen/18-19 Patient 8,II,II,Argentinean sequences,Argentinean sequences,False,False,True,0.011302475780409042,21,1858,0.0120415982484948,44,3654,0.011462631820265932,75,6543,False,False
AREB14/P2,Epuyen/18-19 Patient 14,ANDV AREB14/P2,ANDV Epuyen/18-19 Patient 14,II,II,Argentinean sequences,Argentinean sequences,False,False,True,0.011320754716981131,21,1855,0.01202843083652269,44,3658,0.011462631820265932,75,6543,False,False
AREB14/P2,Epuyen/18-19 Patient 11,ANDV AREB14/P2,ANDV Epuyen/18-19 Patient 11,II,II,Argentinean sequences,Argentinean sequences,False,False,True,0.0113882863340564,21,1844,0.012071330589849109,44,3645,0.011499540018399264,75,6522,False,False
AREB14/P2,Epuyen/18-19 Patient 27,ANDV AREB14/P2,ANDV Epuyen/18-19 Patient 27,II,II,Argentinean sequences,Argentinean sequences,False,False,True,0.011363636363636364,21,1848,0.012064710721140664,44,3647,0.011480177560079597,75,6533,False,False
AREB14/P2,Epuyen/18-19 Patient 5,ANDV AREB14/P2,ANDV Epuyen/18-19 Patient 5,II,II,Argentinean sequences,Argentinean sequences,False,False,True,0.011357490535424553,21,1849,0.012058098109070978,44,3649,0.011467889908256881,75,6540,False,False
AREB14/P2,Epuyen,ANDV AREB14/P2,ANDV Epuyen,II,II,Argentinean sequences,Argentinean sequences,False,False,True,0.012445887445887446,23,1848,0.012613106663010694,46,3647,0.011733827389223406,76,6477,False,False
AREB14/P2,p334,ANDV AREB14/P2,p334,II,I,Argentinean sequences,Chilean sequences,False,False,False,0.04833512352309345,90,1862,0.0680327868852459,249,3660,0.06578144078144078,431,6552,False,False
AREB14/P2,p1060,ANDV AREB14/P2,p1060,II,I,Argentinean sequences,Chilean sequences,False,False,False,0.04198062432723358,78,1858,0.06641158786553703,243,3659,0.07057745187901009,462,6546,False,False
AREB14/P2,p1056,ANDV AREB14/P2,p1056,II,I,Argentinean sequences,Chilean sequences,False,False,False,0.04139784946236559,77,1860,0.044001093194861986,161,3659,0.048426520012221204,317,6546,False,False
AREB14/P2,NRC-2/97,ANDV AREB14/P2,ANDV NRC-2/97,II,I,Argentinean sequences,Argentinean sequences,False,False,False,0.043243243243243246,80,1850,0.04306088864509051,157,3646,0.046636909342773585,303,6497,False,False
AREB14/P2,p115D,ANDV AREB14/P2,p115D,II,I,Argentinean sequences,Chilean sequences,False,False,False,0.03858520900321544,72,1866,0.041530054644808745,152,3660,0.08518744285278879,559,6562,False,False
AREB14/P2,p915,ANDV AREB14/P2,p915,II,I,Argentinean sequences,Chilean sequences,False,False,False,0.03972088030059045,74,1863,0.04301369863013699,157,3650,0.08484663512894858,556,6553,False,False
AREB14/P2,p201,ANDV AREB14/P2,p201,II,I,Argentinean sequences,Chilean sequences,False,False,False,0.039310716208939146,73,1857,0.04212253829321663,154,3656,0.08454143140546315,554,6553,False,False
AREB14/P2,p1064,ANDV AREB14/P2,p1064,II,I,Argentinean sequences,Chilean sequences,False,False,False,0.040948275862068964,76,1856,0.04654983570646221,170,3652,0.044851258581235696,294,6555,False,False
AREB14/P2,CHI-7913,ANDV AREB14/P2,ANDV CHI-7913,II,I,Argentinean sequences,Chilean sequences,False,False,False,0.04051054384017758,73,1802,0.04174677286459764,152,3641,0.043767398700897,283,6466,False,False
AREB14/P2,p1062,ANDV AREB14/P2,p1062,II,I,Argentinean sequences,Chilean sequences,False,False,False,0.040257648953301126,75,1863,0.03709765411893071,136,3666,0.047742525930445395,313,6556,False,False
AREB14/P2,p1058,ANDV AREB14/P2,p1058,II,I,Argentinean sequences,Chilean sequences,False,False,False,0.039100160685591856,73,1867,0.045094288056846135,165,3659,0.04763358778625954,312,6550,False,False
AREB14/P2,NRC-5/18,ANDV AREB14/P2,ANDV NRC-5/18,II,I,Argentinean sequences,Argentinean sequences,False,False,False,0.03769520732364028,70,1857,0.046027397260273974,168,3650,0.0482610694040141,315,6527,False,False
AREB14/P2,p1241,ANDV AREB14/P2,p1241,II,I,Argentinean sequences,Chilean sequences,False,False,False,0.03948772678762007,74,1874,0.044426274189152355,163,3669,0.0489254686785551,321,6561,False,False
AREB14/P2,p1313,ANDV AREB14/P2,p1313,II,I,Argentinean sequences,Chilean sequences,False,False,False,0.03490870032223416,65,1862,0.045118949958982774,165,3657,0.0516030534351145,338,6550,False,False
AREB14/P2,p126,ANDV AREB14/P2,p126,II,I,Argentinean sequences,Chilean sequences,False,False,False,0.03602150537634408,67,1860,0.04675963904840033,171,3657,0.05065608788526091,332,6554,False,False
AREB14/P2,136D,ANDV AREB14/P2,136D,II,I,Argentinean sequences,Chilean sequences,False,False,False,0.04230769230769231,77,1820,0.048291443095170854,171,3541,0.05046153846153846,328,6500,False,False
AREB14/P2,p1052,ANDV AREB14/P2,p1052,II,I,Argentinean sequences,Chilean sequences,False,False,False,0.03965702036441586,74,1866,0.04261130838568697,156,3661,0.04897772352761672,321,6554,False,False
AREB14/P2,131D,ANDV AREB14/P2,131D,II,I,Argentinean sequences,Chilean sequences,False,False,False,0.04216216216216216,78,1850,0.04283314669652855,153,3572,0.05013070890358296,326,6503,False,False
AREB14/P2,p127,ANDV AREB14/P2,p127,II,I,Argentinean sequences,Chilean sequences,False,False,False,0.0397422126745435,74,1862,0.04484550177741318,164,3657,0.049175320708613315,322,6548,False,False
AREB14/P2,p1427,ANDV AREB14/P2,p1427,II,I,Argentinean sequences,Chilean sequences,False,False,False,0.0386058981233244,72,1865,0.0412117903930131,151,3664,0.04695121951219512,308,6560,False,False
AREB14/P2,p1430,ANDV AREB14/P2,p1430,II,I,Argentinean sequences,Chilean sequences,False,False,False,0.038502673796791446,72,1870,0.04061052057781412,149,3669,0.04725609756097561,310,6560,False,False
AREB14/P2,ANDV-CH-LS-2016,ANDV AREB14/P2,ANDV-CH-LS-2016,II,I,Argentinean sequences,Chilean sequences,False,False,False,0.040156162855549356,72,1793,0.04187465335551858,151,3606,0.048615800135043886,288,5924,False,False
AREB14/P2,ANDV-CH-LS-2022,ANDV AREB14/P2,ANDV-CH-LS-2022,II,I,Argentinean sequences,Chilean sequences,False,False,False,0.040340909090909094,71,1760,0.042068361086765996,144,3423,0.04789364087778312,299,6243,False,False
AREB14/P2,ARG p19,ANDV AREB14/P2,ANDV ARG p19,II,III,Argentinean sequences,Argentinean sequences,False,False,False,0.04006410256410257,75,1872,0.03770491803278689,138,3660,0.045714285714285714,296,6475,False,False
AREB14/P2,ARG p3,ANDV AREB14/P2,ANDV ARG p3,II,III,Argentinean sequences,Argentinean sequences,False,False,False,0.03978494623655914,74,1860,0.03751369112814896,137,3652,0.04507946210268949,295,6544,False,False
AREB14/P2,ARG-M.a.,ANDV AREB14/P2,ANDV ARG-M.a.,II,III,Argentinean sequences,Argentinean sequences,False,False,False,0.04017139796464917,75,1867,0.03752396603670227,137,3651,0.04580625193438564,296,6462,False,False
AREB14/P2,ARG p9,ANDV AREB14/P2,ANDV ARG p9,II,III,Argentinean sequences,Argentinean sequences,False,False,False,0.04008551576696953,75,1871,0.03742146954384048,137,3661,0.04555984555984556,295,6475,False,False
AREB14/P2,p1316,ANDV AREB14/P2,p1316,II,III,Argentinean sequences,Chilean sequences,False,False,False,0.0381105743424584,71,1863,0.03935501503142935,144,3659,0.04440036618858712,291,6554,False,False
AREB14/P2,CHI-Hu13724 P2,ANDV AREB14/P2,ANDV CHI-Hu13724 P2,II,III,Argentinean sequences,Chilean sequences,False,False,False,0.03980634749865519,74,1859,0.04099480732440557,150,3659,0.04683447749809306,307,6555,False,False
AREB14/P2,p136,ANDV AREB14/P2,p136,II,III,Argentinean sequences,Chilean sequences,False,False,False,0.039100160685591856,73,1867,0.04101722723543889,150,3657,0.046827333740085415,307,6556,False,False
AREB14/P2,p137,ANDV AREB14/P2,p137,II,III,Argentinean sequences,Chilean sequences,False,False,False,0.039310716208939146,73,1857,0.041050903119868636,150,3654,0.04687738586043671,307,6549,False,False
AREB14/P2,CHI-Hu13724 P1,ANDV AREB14/P2,ANDV CHI-Hu13724 P1,II,III,Argentinean sequences,Chilean sequences,False,False,False,0.039100160685591856,73,1867,0.04093886462882096,150,3664,0.04678451691557452,307,6562,False,False
AREB14/P2,p1059,ANDV AREB14/P2,p1059,II,III,Argentinean sequences,Chilean sequences,False,True,False,0.03912111468381565,73,1866,0.04312227074235808,158,3664,0.04607170099160946,302,6555,False,False
AREB14/P2,NRC-4/18,ANDV AREB14/P2,ANDV NRC-4/18,II,III,Argentinean sequences,Argentinean sequences,False,True,False,0.03980634749865519,74,1859,0.04155276107162384,152,3658,0.04477383863080685,293,6544,False,False
AREB14/P2,NRC-3/18,ANDV AREB14/P2,ANDV NRC-3/18,II,III,Argentinean sequences,Argentinean sequences,False,True,False,0.03987068965517242,74,1856,0.04131326949384405,151,3655,0.044801223241590214,293,6540,False,False
AREB14/P2,132D,ANDV AREB14/P2,132D,II,III,Argentinean sequences,Chilean sequences,False,True,False,0.03891891891891892,72,1850,0.04595487066593286,167,3634,0.04713083397092578,308,6535,False,False
AREB14/P2,p1239,ANDV AREB14/P2,p1239,II,III,Argentinean sequences,Chilean sequences,False,True,False,0.03804930332261522,71,1866,0.04219178082191781,154,3650,0.04608576224629941,302,6553,False,False
AREB14/P2,p1242,ANDV AREB14/P2,p1242,II,III,Argentinean sequences,Chilean sequences,False,True,False,0.04130901287553648,77,1864,0.04271631982475356,156,3652,0.04607873054623131,302,6554,False,False
AREB14/P2,p931,ANDV AREB14/P2,p931,II,III,Argentinean sequences,Chilean sequences,False,True,False,0.0405766150560598,76,1873,0.04271631982475356,156,3652,0.045017549214100415,295,6553,False,False
AREB14/P2,p1236,ANDV AREB14/P2,p1236,II,III,Argentinean sequences,Chilean sequences,False,True,False,0.040214477211796246,75,1865,0.041050903119868636,150,3654,0.05151750972762646,331,6425,True,False
AREB14/P2,cruise,ANDV AREB14/P2,France-Case 9,II,III,Argentinean sequences,Cruise ship outbreak sequences,False,True,False,0.03993524015110631,74,1853,0.04301369863013699,157,3650,0.0453781512605042,297,6545,False,True
AREB14/P2,cruise,ANDV AREB14/P2,Spain-Case 10,II,III,Argentinean sequences,Cruise ship outbreak sequences,False,True,False,0.04006497022198159,74,1847,0.043025486434639625,157,3649,0.045419788958556355,297,6539,False,True
AREB14/P2,cruise,ANDV AREB14/P2,Spain-Case 12,II,III,Argentinean sequences,Cruise ship outbreak sequences,False,True,False,0.04006497022198159,74,1847,0.043025486434639625,157,3649,0.045419788958556355,297,6539,False,True
AREB14/P2,Switzerland-Case 7,ANDV AREB14/P2,Switzerland-Case 7,II,III,Argentinean sequences,Cruise ship outbreak sequences,False,True,False,0.04006497022198159,74,1847,0.043025486434639625,157,3649,0.04541990550221003,298,6561,False,True
AREB14/P2,cruise,ANDV AREB14/P2,Netherlands-Case 6,II,III,Argentinean sequences,Cruise ship outbreak sequences,False,True,False,0.04061470911086718,74,1822,0.04331034482758621,157,3625,0.044982137057486195,277,6158,False,True
AREB14/P2,cruise,ANDV AREB14/P2,Netherlands-Case 5,II,III,Argentinean sequences,Cruise ship outbreak sequences,False,True,False,0.041088284286507494,74,1801,0.04380791912384162,156,3561,0.04559505409582689,295,6470,False,True
AREB14/P2,cruise,ANDV AREB14/P2,Johannesburg-Case 2,II,III,Argentinean sequences,Cruise ship outbreak sequences,False,True,False,0.04206935758953951,74,1759,0.04344216934144992,157,3614,0.04595389138171128,297,6463,False,True
AREB14/P2,cruise,ANDV AREB14/P2,Johannesburg-Case 3,II,III,Argentinean sequences,Cruise ship outbreak sequences,False,True,False,0.04209328782707622,74,1758,0.04344193817878028,156,3591,0.04553817847286108,297,6522,False,True
AREB14/P2,cruise,ANDV AREB14/P2,Canada-Case 11_NPswab,II,III,Argentinean sequences,Cruise ship outbreak sequences,False,True,False,0.04085480829666876,65,1591,0.045081967213114756,143,3172,0.045536445536445536,278,6105,False,True
AREB14/P2,cruise,ANDV AREB14/P2,Canada-Case 11_blood,II,III,Argentinean sequences,Cruise ship outbreak sequences,False,True,False,0.04261363636363636,75,1760,0.043721973094170405,156,3568,0.04581091468101461,298,6505,False,True
AREB14/P3,AREB14/P1,ANDV AREB14/P3,ANDV AREB14/P1,II,II,Argentinean sequences,Argentinean sequences,False,False,True,0.0,0,1819,0.0,0,3635,0.0003094059405940594,2,6464,False,False
AREB14/P3,NRC-6/18,ANDV AREB14/P3,ANDV NRC-6/18,II,II,Argentinean sequences,Argentinean sequences,False,False,True,0.010995052226498075,20,1819,0.01372495196266813,50,3643,0.012256779531178184,80,6527,False,False
AREB14/P3,ARLA17/NRC2,ANDV AREB14/P3,ANDV ARLA17/NRC2,II,II,Argentinean sequences,Argentinean sequences,False,False,True,0.012665198237885462,23,1816,0.013175953884161406,48,3643,0.012561274509803922,82,6528,False,False
AREB14/P3,Epilink/96,ANDV AREB14/P3,ANDV Epilink/96,II,II,Argentinean sequences,Argentinean sequences,False,False,True,0.0121012101210121,22,1818,0.009881965413121054,36,3643,0.009037990196078432,59,6528,False,False
AREB14/P3,Epuyen/18-19 Patient 6,ANDV AREB14/P3,ANDV Epuyen/18-19 Patient 6,II,II,Argentinean sequences,Argentinean sequences,False,False,True,0.01154480483782298,21,1819,0.012077957727147955,44,3643,0.011642156862745098,76,6528,False,False
AREB14/P3,Epuyen/18-19 Patient 26,ANDV AREB14/P3,ANDV Epuyen/18-19 Patient 26,II,II,Argentinean sequences,Argentinean sequences,False,False,True,0.01154480483782298,21,1819,0.012077957727147955,44,3643,0.011488970588235295,75,6528,False,False
AREB14/P3,Epuyen/18-19 Patient 22,ANDV AREB14/P3,ANDV Epuyen/18-19 Patient 22,II,II,Argentinean sequences,Argentinean sequences,False,False,True,0.012094557449147883,22,1819,0.012077957727147955,44,3643,0.011642156862745098,76,6528,False,False
AREB14/P3,Epuyen/18-19 Patient 7,ANDV AREB14/P3,ANDV Epuyen/18-19 Patient 7,II,II,Argentinean sequences,Argentinean sequences,False,False,True,0.012094557449147883,22,1819,0.012077957727147955,44,3643,0.011488970588235295,75,6528,False,False
AREB14/P3,Epuyen/18-19 Patient 24,ANDV AREB14/P3,ANDV Epuyen/18-19 Patient 24,II,II,Argentinean sequences,Argentinean sequences,False,False,True,0.01154480483782298,21,1819,0.012077957727147955,44,3643,0.011488970588235295,75,6528,False,False
AREB14/P3,Epuyen/18-19 Patient 4,ANDV AREB14/P3,ANDV Epuyen/18-19 Patient 4,II,II,Argentinean sequences,Argentinean sequences,False,False,True,0.01154480483782298,21,1819,0.012352456766401317,45,3643,0.011642156862745098,76,6528,False,False
AREB14/P3,Epuyen/18-19 Patient 10,ANDV AREB14/P3,ANDV Epuyen/18-19 Patient 10,II,II,Argentinean sequences,Argentinean sequences,False,False,True,0.01154480483782298,21,1819,0.012091233855454795,44,3639,0.011539061281771401,74,6413,False,False
AREB14/P3,Epuyen/18-19 Patient 15,ANDV AREB14/P3,ANDV Epuyen/18-19 Patient 15,II,II,Argentinean sequences,Argentinean sequences,False,False,True,0.01154480483782298,21,1819,0.01211120286264795,44,3633,0.011488970588235295,75,6528,False,False
AREB14/P3,Epuyen/18-19 Patient 18,ANDV AREB14/P3,ANDV Epuyen/18-19 Patient 18,II,II,Argentinean sequences,Argentinean sequences,False,False,True,0.011570247933884297,21,1815,0.01211120286264795,44,3633,0.011561584707877293,75,6487,False,False
AREB14/P3,Epuyen/18-19 Patient 23,ANDV AREB14/P3,ANDV Epuyen/18-19 Patient 23,II,II,Argentinean sequences,Argentinean sequences,False,False,True,0.012644310060472787,23,1819,0.012077957727147955,44,3643,0.011488970588235295,75,6528,False,False
AREB14/P3,Epuyen/18-19 Patient 12,ANDV AREB14/P3,ANDV Epuyen/18-19 Patient 12,II,II,Argentinean sequences,Argentinean sequences,False,False,True,0.01154480483782298,21,1819,0.012352456766401317,45,3643,0.011488970588235295,75,6528,False,False
AREB14/P3,Epuyen/18-19 Patient 25,ANDV AREB14/P3,ANDV Epuyen/18-19 Patient 25,II,II,Argentinean sequences,Argentinean sequences,False,False,True,0.01154480483782298,21,1819,0.012077957727147955,44,3643,0.011488970588235295,75,6528,False,False
AREB14/P3,Epuyen/18-19 Patient 17,ANDV AREB14/P3,ANDV Epuyen/18-19 Patient 17,II,II,Argentinean sequences,Argentinean sequences,False,False,True,0.01154480483782298,21,1819,0.012077957727147955,44,3643,0.011488970588235295,75,6528,False,False
AREB14/P3,Epuyen/18-19 Patient 3,ANDV AREB14/P3,ANDV Epuyen/18-19 Patient 3,II,II,Argentinean sequences,Argentinean sequences,False,False,True,0.01154480483782298,21,1819,0.012077957727147955,44,3643,0.011488970588235295,75,6528,False,False
AREB14/P3,Epuyen/18-19 Patient 13,ANDV AREB14/P3,ANDV Epuyen/18-19 Patient 13,II,II,Argentinean sequences,Argentinean sequences,False,False,True,0.01154480483782298,21,1819,0.012077957727147955,44,3643,0.011488970588235295,75,6528,False,False
AREB14/P3,Epuyen/18-19 Patient 1,ANDV AREB14/P3,ANDV Epuyen/18-19 Patient 1,II,II,Argentinean sequences,Argentinean sequences,False,False,True,0.01154480483782298,21,1819,0.012077957727147955,44,3643,0.011488970588235295,75,6528,False,False
AREB14/P3,Epuyen/18-19 Patient 28,ANDV AREB14/P3,ANDV Epuyen/18-19 Patient 28,II,II,Argentinean sequences,Argentinean sequences,False,False,True,0.01154480483782298,21,1819,0.012081274025260845,44,3642,0.011488970588235295,75,6528,False,False
AREB14/P3,Epuyen/18-19 Patient 16,ANDV AREB14/P3,ANDV Epuyen/18-19 Patient 16,II,II,Argentinean sequences,Argentinean sequences,False,False,True,0.01154480483782298,21,1819,0.012077957727147955,44,3643,0.011488970588235295,75,6528,False,False
AREB14/P3,Epuyen/18-19 Patient 29,ANDV AREB14/P3,ANDV Epuyen/18-19 Patient 29,II,II,Argentinean sequences,Argentinean sequences,False,False,True,0.01154480483782298,21,1819,0.012077957727147955,44,3643,0.011488970588235295,75,6528,False,False
AREB14/P3,Epuyen/18-19 Patient 19,ANDV AREB14/P3,ANDV Epuyen/18-19 Patient 19,II,II,Argentinean sequences,Argentinean sequences,False,False,True,0.01154480483782298,21,1819,0.012077957727147955,44,3643,0.011488970588235295,75,6528,False,False
AREB14/P3,Epuyen/18-19 Patient 9,ANDV AREB14/P3,ANDV Epuyen/18-19 Patient 9,II,II,Argentinean sequences,Argentinean sequences,False,False,True,0.01154480483782298,21,1819,0.012077957727147955,44,3643,0.011488970588235295,75,6528,False,False
AREB14/P3,Epuyen/18-19 Patient 20,ANDV AREB14/P3,ANDV Epuyen/18-19 Patient 20,II,II,Argentinean sequences,Argentinean sequences,False,False,True,0.01154480483782298,21,1819,0.012077957727147955,44,3643,0.011488970588235295,75,6528,False,False
AREB14/P3,Epuyen/18-19 Patient 8,ANDV AREB14/P3,ANDV Epuyen/18-19 Patient 8,II,II,Argentinean sequences,Argentinean sequences,False,False,True,0.01154480483782298,21,1819,0.012077957727147955,44,3643,0.011488970588235295,75,6528,False,False
AREB14/P3,Epuyen/18-19 Patient 14,ANDV AREB14/P3,ANDV Epuyen/18-19 Patient 14,II,II,Argentinean sequences,Argentinean sequences,False,False,True,0.01154480483782298,21,1819,0.012077957727147955,44,3643,0.011488970588235295,75,6528,False,False
AREB14/P3,Epuyen/18-19 Patient 11,ANDV AREB14/P3,ANDV Epuyen/18-19 Patient 11,II,II,Argentinean sequences,Argentinean sequences,False,False,True,0.01154480483782298,21,1819,0.012077957727147955,44,3643,0.011501303481061187,75,6521,False,False
AREB14/P3,Epuyen/18-19 Patient 27,ANDV AREB14/P3,ANDV Epuyen/18-19 Patient 27,II,II,Argentinean sequences,Argentinean sequences,False,False,True,0.01154480483782298,21,1819,0.012077957727147955,44,3643,0.011488970588235295,75,6528,False,False
AREB14/P3,Epuyen/18-19 Patient 5,ANDV AREB14/P3,ANDV Epuyen/18-19 Patient 5,II,II,Argentinean sequences,Argentinean sequences,False,False,True,0.01154480483782298,21,1819,0.012077957727147955,44,3643,0.011488970588235295,75,6528,False,False
AREB14/P3,Epuyen,ANDV AREB14/P3,ANDV Epuyen,II,II,Argentinean sequences,Argentinean sequences,False,False,True,0.012094557449147883,22,1819,0.012352456766401317,45,3643,0.011753789050417568,76,6466,False,False
AREB14/P3,p334,ANDV AREB14/P3,p334,II,I,Argentinean sequences,Chilean sequences,False,False,False,0.04950495049504951,90,1818,0.06851953769950468,249,3634,0.06602328431372549,431,6528,False,False
AREB14/P3,p1060,ANDV AREB14/P3,p1060,II,I,Argentinean sequences,Chilean sequences,False,False,False,0.042951541850220265,78,1816,0.06685006877579092,243,3635,0.07077205882352941,462,6528,False,False
AREB14/P3,p1056,ANDV AREB14/P3,p1056,II,I,Argentinean sequences,Chilean sequences,False,False,False,0.04235423542354235,77,1818,0.044291609353507566,161,3635,0.048560049019607844,317,6528,False,False
AREB14/P3,NRC-2/97,ANDV AREB14/P3,ANDV NRC-2/97,II,I,Argentinean sequences,Argentinean sequences,False,False,False,0.04402861860209136,80,1817,0.04309634916277793,157,3643,0.04673041332510796,303,6484,False,False
AREB14/P3,p115D,ANDV AREB14/P3,p115D,II,I,Argentinean sequences,Chilean sequences,False,False,False,0.03962575674188222,72,1817,0.04181568088033012,152,3635,0.0856311274509804,559,6528,False,False
AREB14/P3,p915,ANDV AREB14/P3,p915,II,I,Argentinean sequences,Chilean sequences,False,False,False,0.04077134986225895,74,1815,0.043214973850812,157,3633,0.08517156862745098,556,6528,False,False
AREB14/P3,p201,ANDV AREB14/P3,p201,II,I,Argentinean sequences,Chilean sequences,False,False,False,0.040176114474408366,73,1817,0.04236588720770289,154,3635,0.08486519607843138,554,6528,False,False
AREB14/P3,p1064,ANDV AREB14/P3,p1064,II,I,Argentinean sequences,Chilean sequences,False,False,False,0.040154015401540157,73,1818,0.04679328378750344,170,3633,0.04488357843137255,293,6528,False,False
AREB14/P3,CHI-7913,ANDV AREB14/P3,ANDV CHI-7913,II,I,Argentinean sequences,Chilean sequences,False,False,False,0.04062326099053979,73,1797,0.04190791287565481,152,3627,0.043767398700897,283,6466,False,False
AREB14/P3,p1062,ANDV AREB14/P3,p1062,II,I,Argentinean sequences,Chilean sequences,False,False,False,0.041254125412541254,75,1818,0.03741403026134801,136,3635,0.04794730392156863,313,6528,False,False
AREB14/P3,p1058,ANDV AREB14/P3,p1058,II,I,Argentinean sequences,Chilean sequences,False,False,False,0.040176114474408366,73,1817,0.0453920220082531,165,3635,0.04779411764705882,312,6528,False,False
AREB14/P3,NRC-5/18,ANDV AREB14/P3,ANDV NRC-5/18,II,I,Argentinean sequences,Argentinean sequences,False,False,False,0.038482682792743264,70,1819,0.04611583859456492,168,3643,0.04834254143646409,315,6516,False,False
AREB14/P3,p1241,ANDV AREB14/P3,p1241,II,I,Argentinean sequences,Chilean sequences,False,False,False,0.040154015401540157,73,1818,0.04484181568088033,163,3635,0.04918032786885246,321,6527,False,False
AREB14/P3,p1313,ANDV AREB14/P3,p1313,II,I,Argentinean sequences,Chilean sequences,False,False,False,0.035753575357535754,65,1818,0.0453920220082531,165,3635,0.05177696078431373,338,6528,False,False
AREB14/P3,p126,ANDV AREB14/P3,p126,II,I,Argentinean sequences,Chilean sequences,False,False,False,0.03685368536853685,67,1818,0.04704264099037139,171,3635,0.0508578431372549,332,6528,False,False
AREB14/P3,136D,ANDV AREB14/P3,136D,II,I,Argentinean sequences,Chilean sequences,False,False,False,0.042682926829268296,77,1804,0.048291443095170854,171,3541,0.05046153846153846,328,6500,False,False
AREB14/P3,p1052,ANDV AREB14/P3,p1052,II,I,Argentinean sequences,Chilean sequences,False,False,False,0.0407040704070407,74,1818,0.04291609353507565,156,3635,0.04917279411764706,321,6528,False,False
AREB14/P3,131D,ANDV AREB14/P3,131D,II,I,Argentinean sequences,Chilean sequences,False,False,False,0.0429042904290429,78,1818,0.04283314669652855,153,3572,0.050138418948015996,326,6502,False,False
AREB14/P3,p127,ANDV AREB14/P3,p127,II,I,Argentinean sequences,Chilean sequences,False,False,False,0.0407040704070407,74,1818,0.045116918844566714,164,3635,0.04932598039215686,322,6528,False,False
AREB14/P3,p1427,ANDV AREB14/P3,p1427,II,I,Argentinean sequences,Chilean sequences,False,False,False,0.03962575674188222,72,1817,0.04154057771664374,151,3635,0.04718137254901961,308,6528,False,False
AREB14/P3,p1430,ANDV AREB14/P3,p1430,II,I,Argentinean sequences,Chilean sequences,False,False,False,0.039603960396039604,72,1818,0.040990371389270974,149,3635,0.047487745098039214,310,6528,False,False
AREB14/P3,ANDV-CH-LS-2016,ANDV AREB14/P3,ANDV-CH-LS-2016,II,I,Argentinean sequences,Chilean sequences,False,False,False,0.040268456375838924,72,1788,0.04187465335551858,151,3606,0.048615800135043886,288,5924,False,False
AREB14/P3,ANDV-CH-LS-2022,ANDV AREB14/P3,ANDV-CH-LS-2022,II,I,Argentinean sequences,Chilean sequences,False,False,False,0.040455840455840456,71,1755,0.042068361086765996,144,3423,0.04789364087778312,299,6243,False,False
AREB14/P3,ARG p19,ANDV AREB14/P3,ANDV ARG p19,II,III,Argentinean sequences,Argentinean sequences,False,False,False,0.04123144584936778,75,1819,0.03796423658872077,138,3635,0.045714285714285714,296,6475,False,False
AREB14/P3,ARG p3,ANDV AREB14/P3,ANDV ARG p3,II,III,Argentinean sequences,Argentinean sequences,False,False,False,0.04068169323804288,74,1819,0.03768913342503439,137,3635,0.045189950980392156,295,6528,False,False
AREB14/P3,ARG-M.a.,ANDV AREB14/P3,ANDV ARG-M.a.,II,III,Argentinean sequences,Argentinean sequences,False,False,False,0.04123144584936778,75,1819,0.03768913342503439,137,3635,0.04580625193438564,296,6462,False,False
AREB14/P3,ARG p9,ANDV AREB14/P3,ANDV ARG p9,II,III,Argentinean sequences,Argentinean sequences,False,False,False,0.04123144584936778,75,1819,0.03768913342503439,137,3635,0.04555984555984556,295,6475,False,False
AREB14/P3,p1316,ANDV AREB14/P3,p1316,II,III,Argentinean sequences,Chilean sequences,False,False,False,0.03903243540406817,71,1819,0.03961485557083907,144,3635,0.04457720588235294,291,6528,False,False
AREB14/P3,CHI-Hu13724 P2,ANDV AREB14/P3,ANDV CHI-Hu13724 P2,II,III,Argentinean sequences,Chilean sequences,False,False,False,0.04068169323804288,74,1819,0.04126547455295736,150,3635,0.0470281862745098,307,6528,False,False
AREB14/P3,p136,ANDV AREB14/P3,p136,II,III,Argentinean sequences,Chilean sequences,False,False,False,0.040131940626717974,73,1819,0.04126547455295736,150,3635,0.0470281862745098,307,6528,False,False
AREB14/P3,p137,ANDV AREB14/P3,p137,II,III,Argentinean sequences,Chilean sequences,False,False,False,0.040131940626717974,73,1819,0.04126547455295736,150,3635,0.0470281862745098,307,6528,False,False
AREB14/P3,CHI-Hu13724 P1,ANDV AREB14/P3,ANDV CHI-Hu13724 P1,II,III,Argentinean sequences,Chilean sequences,False,False,False,0.040131940626717974,73,1819,0.04126547455295736,150,3635,0.0470281862745098,307,6528,False,False
AREB14/P3,p1059,ANDV AREB14/P3,p1059,II,III,Argentinean sequences,Chilean sequences,False,True,False,0.040154015401540157,73,1818,0.04346629986244842,158,3635,0.046262254901960786,302,6528,False,False
AREB14/P3,NRC-4/18,ANDV AREB14/P3,ANDV NRC-4/18,II,III,Argentinean sequences,Argentinean sequences,False,True,False,0.0407040704070407,74,1818,0.04172385396651112,152,3643,0.0448904550329401,293,6527,False,False
AREB14/P3,NRC-3/18,ANDV AREB14/P3,ANDV NRC-3/18,II,III,Argentinean sequences,Argentinean sequences,False,True,False,0.0407040704070407,74,1818,0.04144935492725776,151,3643,0.04488357843137255,293,6528,False,False
AREB14/P3,132D,ANDV AREB14/P3,132D,II,III,Argentinean sequences,Chilean sequences,False,True,False,0.03962575674188222,72,1817,0.046030871003307605,167,3628,0.047203065134099616,308,6525,False,False
AREB14/P3,p1239,ANDV AREB14/P3,p1239,II,III,Argentinean sequences,Chilean sequences,False,True,False,0.03905390539053905,71,1818,0.04238921001926782,154,3633,0.046262254901960786,302,6528,False,False
AREB14/P3,p1242,ANDV AREB14/P3,p1242,II,III,Argentinean sequences,Chilean sequences,False,True,False,0.04235423542354235,77,1818,0.04291609353507565,156,3635,0.046262254901960786,302,6528,False,False
AREB14/P3,p931,ANDV AREB14/P3,p931,II,III,Argentinean sequences,Chilean sequences,False,True,False,0.041804180418041806,76,1818,0.04291609353507565,156,3635,0.045189950980392156,295,6528,False,False
AREB14/P3,p1236,ANDV AREB14/P3,p1236,II,III,Argentinean sequences,Chilean sequences,False,True,False,0.0407040704070407,74,1818,0.04126547455295736,150,3635,0.05151750972762646,331,6425,True,False
AREB14/P3,cruise,ANDV AREB14/P3,France-Case 9,II,III,Argentinean sequences,Cruise ship outbreak sequences,False,True,False,0.04083885209713024,74,1812,0.043191196698762035,157,3635,0.04549632352941176,297,6528,False,True
AREB14/P3,cruise,ANDV AREB14/P3,Spain-Case 10,II,III,Argentinean sequences,Cruise ship outbreak sequences,False,True,False,0.04083885209713024,74,1812,0.043191196698762035,157,3635,0.04549632352941176,297,6528,False,True
AREB14/P3,cruise,ANDV AREB14/P3,Spain-Case 12,II,III,Argentinean sequences,Cruise ship outbreak sequences,False,True,False,0.04083885209713024,74,1812,0.043191196698762035,157,3635,0.04549632352941176,297,6528,False,True
AREB14/P3,Switzerland-Case 7,ANDV AREB14/P3,Switzerland-Case 7,II,III,Argentinean sequences,Cruise ship outbreak sequences,False,True,False,0.04083885209713024,74,1812,0.043191196698762035,157,3635,0.045649509803921566,298,6528,False,True
AREB14/P3,cruise,ANDV AREB14/P3,Netherlands-Case 6,II,III,Argentinean sequences,Cruise ship outbreak sequences,False,True,False,0.04092920353982301,74,1808,0.04331034482758621,157,3625,0.04501869006988461,277,6153,False,True
AREB14/P3,cruise,ANDV AREB14/P3,Netherlands-Case 5,II,III,Argentinean sequences,Cruise ship outbreak sequences,False,True,False,0.041088284286507494,74,1801,0.04380791912384162,156,3561,0.04565856678532735,295,6461,False,True
AREB14/P3,cruise,ANDV AREB14/P3,Johannesburg-Case 2,II,III,Argentinean sequences,Cruise ship outbreak sequences,False,True,False,0.04206935758953951,74,1759,0.043454193191253807,157,3613,0.045820433436532505,296,6460,False,True
AREB14/P3,cruise,ANDV AREB14/P3,Johannesburg-Case 3,II,III,Argentinean sequences,Cruise ship outbreak sequences,False,True,False,0.04209328782707622,74,1758,0.043454038997214485,156,3590,0.04555913483663138,297,6519,False,True
AREB14/P3,cruise,ANDV AREB14/P3,Canada-Case 11_NPswab,II,III,Argentinean sequences,Cruise ship outbreak sequences,False,True,False,0.04085480829666876,65,1591,0.045081967213114756,143,3172,0.045536445536445536,278,6105,False,True
AREB14/P3,cruise,ANDV AREB14/P3,Canada-Case 11_blood,II,III,Argentinean sequences,Cruise ship outbreak sequences,False,True,False,0.04261363636363636,75,1760,0.043721973094170405,156,3568,0.04581091468101461,298,6505,False,True
AREB14/P1,NRC-6/18,ANDV AREB14/P1,ANDV NRC-6/18,II,II,Argentinean sequences,Argentinean sequences,False,False,True,0.010810810810810811,20,1850,0.013740038472107722,50,3639,0.012068698746712053,78,6463,False,False
AREB14/P1,ARLA17/NRC2,ANDV AREB14/P1,ANDV ARLA17/NRC2,II,II,Argentinean sequences,Argentinean sequences,False,False,True,0.012472885032537961,23,1844,0.013204951856946355,48,3635,0.012376237623762377,80,6464,False,False
AREB14/P1,Epilink/96,ANDV AREB14/P1,ANDV Epilink/96,II,II,Argentinean sequences,Argentinean sequences,False,False,True,0.011898323418063819,22,1849,0.00989282769991756,36,3639,0.008818069306930692,57,6464,False,False
AREB14/P1,Epuyen/18-19 Patient 6,ANDV AREB14/P1,ANDV Epuyen/18-19 Patient 6,II,II,Argentinean sequences,Argentinean sequences,False,False,True,0.011351351351351352,21,1850,0.012091233855454795,44,3639,0.011448019801980198,74,6464,False,False
AREB14/P1,Epuyen/18-19 Patient 26,ANDV AREB14/P1,ANDV Epuyen/18-19 Patient 26,II,II,Argentinean sequences,Argentinean sequences,False,False,True,0.011351351351351352,21,1850,0.012091233855454795,44,3639,0.011293316831683168,73,6464,False,False
AREB14/P1,Epuyen/18-19 Patient 22,ANDV AREB14/P1,ANDV Epuyen/18-19 Patient 22,II,II,Argentinean sequences,Argentinean sequences,False,False,True,0.011891891891891892,22,1850,0.012091233855454795,44,3639,0.011448019801980198,74,6464,False,False
AREB14/P1,Epuyen/18-19 Patient 7,ANDV AREB14/P1,ANDV Epuyen/18-19 Patient 7,II,II,Argentinean sequences,Argentinean sequences,False,False,True,0.011891891891891892,22,1850,0.012091233855454795,44,3639,0.011293316831683168,73,6464,False,False
AREB14/P1,Epuyen/18-19 Patient 24,ANDV AREB14/P1,ANDV Epuyen/18-19 Patient 24,II,II,Argentinean sequences,Argentinean sequences,False,False,True,0.011363636363636364,21,1848,0.012097882870497663,44,3637,0.011293316831683168,73,6464,False,False
AREB14/P1,Epuyen/18-19 Patient 4,ANDV AREB14/P1,ANDV Epuyen/18-19 Patient 4,II,II,Argentinean sequences,Argentinean sequences,False,False,True,0.011357490535424553,21,1849,0.01236603462489695,45,3639,0.011448019801980198,74,6464,False,False
AREB14/P1,Epuyen/18-19 Patient 10,ANDV AREB14/P1,ANDV Epuyen/18-19 Patient 10,II,II,Argentinean sequences,Argentinean sequences,False,False,True,0.011400651465798045,21,1842,0.01211120286264795,44,3633,0.011336797354747285,72,6351,False,False
AREB14/P1,Epuyen/18-19 Patient 15,ANDV AREB14/P1,ANDV Epuyen/18-19 Patient 15,II,II,Argentinean sequences,Argentinean sequences,False,False,True,0.011487964989059081,21,1828,0.012114537444933921,44,3632,0.011293316831683168,73,6464,False,False
AREB14/P1,Epuyen/18-19 Patient 18,ANDV AREB14/P1,ANDV Epuyen/18-19 Patient 18,II,II,Argentinean sequences,Argentinean sequences,False,False,True,0.011500547645125958,21,1826,0.012114537444933921,44,3632,0.011365405573719446,73,6423,False,False
AREB14/P1,Epuyen/18-19 Patient 23,ANDV AREB14/P1,ANDV Epuyen/18-19 Patient 23,II,II,Argentinean sequences,Argentinean sequences,False,False,True,0.012432432432432432,23,1850,0.012097882870497663,44,3637,0.011293316831683168,73,6464,False,False
AREB14/P1,Epuyen/18-19 Patient 12,ANDV AREB14/P1,ANDV Epuyen/18-19 Patient 12,II,II,Argentinean sequences,Argentinean sequences,False,False,True,0.011351351351351352,21,1850,0.01236603462489695,45,3639,0.011293316831683168,73,6464,False,False
AREB14/P1,Epuyen/18-19 Patient 25,ANDV AREB14/P1,ANDV Epuyen/18-19 Patient 25,II,II,Argentinean sequences,Argentinean sequences,False,False,True,0.011351351351351352,21,1850,0.012091233855454795,44,3639,0.011293316831683168,73,6464,False,False
AREB14/P1,Epuyen/18-19 Patient 17,ANDV AREB14/P1,ANDV Epuyen/18-19 Patient 17,II,II,Argentinean sequences,Argentinean sequences,False,False,True,0.011351351351351352,21,1850,0.012091233855454795,44,3639,0.011293316831683168,73,6464,False,False
AREB14/P1,Epuyen/18-19 Patient 3,ANDV AREB14/P1,ANDV Epuyen/18-19 Patient 3,II,II,Argentinean sequences,Argentinean sequences,False,False,True,0.011351351351351352,21,1850,0.012091233855454795,44,3639,0.011293316831683168,73,6464,False,False
AREB14/P1,Epuyen/18-19 Patient 13,ANDV AREB14/P1,ANDV Epuyen/18-19 Patient 13,II,II,Argentinean sequences,Argentinean sequences,False,False,True,0.011351351351351352,21,1850,0.012091233855454795,44,3639,0.011293316831683168,73,6464,False,False
AREB14/P1,Epuyen/18-19 Patient 1,ANDV AREB14/P1,ANDV Epuyen/18-19 Patient 1,II,II,Argentinean sequences,Argentinean sequences,False,False,True,0.011351351351351352,21,1850,0.012091233855454795,44,3639,0.011293316831683168,73,6464,False,False
AREB14/P1,Epuyen/18-19 Patient 28,ANDV AREB14/P1,ANDV Epuyen/18-19 Patient 28,II,II,Argentinean sequences,Argentinean sequences,False,False,True,0.011357490535424553,21,1849,0.012091233855454795,44,3639,0.011293316831683168,73,6464,False,False
AREB14/P1,Epuyen/18-19 Patient 16,ANDV AREB14/P1,ANDV Epuyen/18-19 Patient 16,II,II,Argentinean sequences,Argentinean sequences,False,False,True,0.011351351351351352,21,1850,0.012104539202200825,44,3635,0.011293316831683168,73,6464,False,False
AREB14/P1,Epuyen/18-19 Patient 29,ANDV AREB14/P1,ANDV Epuyen/18-19 Patient 29,II,II,Argentinean sequences,Argentinean sequences,False,False,True,0.011351351351351352,21,1850,0.012091233855454795,44,3639,0.011293316831683168,73,6464,False,False
AREB14/P1,Epuyen/18-19 Patient 19,ANDV AREB14/P1,ANDV Epuyen/18-19 Patient 19,II,II,Argentinean sequences,Argentinean sequences,False,False,True,0.011351351351351352,21,1850,0.012091233855454795,44,3639,0.011293316831683168,73,6464,False,False
AREB14/P1,Epuyen/18-19 Patient 9,ANDV AREB14/P1,ANDV Epuyen/18-19 Patient 9,II,II,Argentinean sequences,Argentinean sequences,False,False,True,0.011351351351351352,21,1850,0.012091233855454795,44,3639,0.011293316831683168,73,6464,False,False
AREB14/P1,Epuyen/18-19 Patient 20,ANDV AREB14/P1,ANDV Epuyen/18-19 Patient 20,II,II,Argentinean sequences,Argentinean sequences,False,False,True,0.011351351351351352,21,1850,0.012091233855454795,44,3639,0.011293316831683168,73,6464,False,False
AREB14/P1,Epuyen/18-19 Patient 8,ANDV AREB14/P1,ANDV Epuyen/18-19 Patient 8,II,II,Argentinean sequences,Argentinean sequences,False,False,True,0.011351351351351352,21,1850,0.012091233855454795,44,3639,0.011293316831683168,73,6464,False,False
AREB14/P1,Epuyen/18-19 Patient 14,ANDV AREB14/P1,ANDV Epuyen/18-19 Patient 14,II,II,Argentinean sequences,Argentinean sequences,False,False,True,0.011351351351351352,21,1850,0.012091233855454795,44,3639,0.011293316831683168,73,6464,False,False
AREB14/P1,Epuyen/18-19 Patient 11,ANDV AREB14/P1,ANDV Epuyen/18-19 Patient 11,II,II,Argentinean sequences,Argentinean sequences,False,False,True,0.0113882863340564,21,1844,0.012104539202200825,44,3635,0.011305559857518972,73,6457,False,False
AREB14/P1,Epuyen/18-19 Patient 27,ANDV AREB14/P1,ANDV Epuyen/18-19 Patient 27,II,II,Argentinean sequences,Argentinean sequences,False,False,True,0.011363636363636364,21,1848,0.012094557449147883,44,3638,0.011293316831683168,73,6464,False,False
AREB14/P1,Epuyen/18-19 Patient 5,ANDV AREB14/P1,ANDV Epuyen/18-19 Patient 5,II,II,Argentinean sequences,Argentinean sequences,False,False,True,0.011363636363636364,21,1848,0.012104539202200825,44,3635,0.011293316831683168,73,6464,False,False
AREB14/P1,Epuyen,ANDV AREB14/P1,ANDV Epuyen,II,II,Argentinean sequences,Argentinean sequences,False,False,True,0.011995637949836423,22,1834,0.0121012101210121,44,3636,0.01148176881303336,74,6445,False,False
AREB14/P1,p334,ANDV AREB14/P1,p334,II,I,Argentinean sequences,Chilean sequences,False,False,False,0.048674959437533805,90,1849,0.06859504132231405,249,3630,0.06605816831683169,427,6464,False,False
AREB14/P1,p1060,ANDV AREB14/P1,p1060,II,I,Argentinean sequences,Chilean sequences,False,False,False,0.04223064428803465,78,1847,0.06692371247590195,243,3631,0.07116336633663366,460,6464,False,False
AREB14/P1,p1056,ANDV AREB14/P1,p1056,II,I,Argentinean sequences,Chilean sequences,False,False,False,0.04164413196322336,77,1849,0.04406499586890664,160,3631,0.04888613861386139,316,6464,False,False
AREB14/P1,NRC-2/97,ANDV AREB14/P1,ANDV NRC-2/97,II,I,Argentinean sequences,Argentinean sequences,False,False,False,0.04329004329004329,80,1848,0.043167445697003023,157,3637,0.04719626168224299,303,6420,False,False
AREB14/P1,p115D,ANDV AREB14/P1,p115D,II,I,Argentinean sequences,Chilean sequences,False,False,False,0.03896103896103896,72,1848,0.04190791287565481,152,3627,0.08616955445544554,557,6464,False,False
AREB14/P1,p915,ANDV AREB14/P1,p915,II,I,Argentinean sequences,Chilean sequences,False,False,False,0.04008667388949079,74,1846,0.04331034482758621,157,3625,0.08570544554455446,554,6464,False,False
AREB14/P1,p201,ANDV AREB14/P1,p201,II,I,Argentinean sequences,Chilean sequences,False,False,False,0.039502164502164504,73,1848,0.04243593276384679,154,3629,0.08524133663366337,551,6464,False,False
AREB14/P1,p1064,ANDV AREB14/P1,p1064,II,I,Argentinean sequences,Chilean sequences,False,False,False,0.0411032990805841,76,1849,0.04689655172413793,170,3625,0.0453279702970297,293,6464,False,False
AREB14/P1,CHI-7913,ANDV AREB14/P1,ANDV CHI-7913,II,I,Argentinean sequences,Chilean sequences,False,False,False,0.04051054384017758,73,1802,0.04200055263885051,152,3619,0.043808049535603716,283,6460,False,False
AREB14/P1,p1062,ANDV AREB14/P1,p1062,II,I,Argentinean sequences,Chilean sequences,False,False,False,0.04056246619794483,75,1849,0.037179840264389974,135,3631,0.0484220297029703,313,6464,False,False
AREB14/P1,p1058,ANDV AREB14/P1,p1058,II,I,Argentinean sequences,Chilean sequences,False,False,False,0.039502164502164504,73,1848,0.04544202698980997,165,3631,0.04826732673267327,312,6464,False,False
AREB14/P1,NRC-5/18,ANDV AREB14/P1,ANDV NRC-5/18,II,I,Argentinean sequences,Argentinean sequences,False,False,False,0.03783783783783784,70,1850,0.04619191641462744,168,3637,0.04882207067575946,315,6452,False,False
AREB14/P1,p1241,ANDV AREB14/P1,p1241,II,I,Argentinean sequences,Chilean sequences,False,False,False,0.03948080043266631,73,1849,0.044891214541448635,163,3631,0.049512610242921244,320,6463,False,False
AREB14/P1,p1313,ANDV AREB14/P1,p1313,II,I,Argentinean sequences,Chilean sequences,False,False,False,0.035154137371552194,65,1849,0.045454545454545456,165,3630,0.05228960396039604,338,6464,False,False
AREB14/P1,p126,ANDV AREB14/P1,p126,II,I,Argentinean sequences,Chilean sequences,False,False,False,0.03623580313683072,67,1849,0.047107438016528926,171,3630,0.05136138613861386,332,6464,False,False
AREB14/P1,136D,ANDV AREB14/P1,136D,II,I,Argentinean sequences,Chilean sequences,False,False,False,0.04230769230769231,77,1820,0.048291443095170854,171,3541,0.05062703204830469,327,6459,False,False
AREB14/P1,p1052,ANDV AREB14/P1,p1052,II,I,Argentinean sequences,Chilean sequences,False,False,False,0.04002163331530557,74,1849,0.04296337097218397,156,3631,0.04965965346534654,321,6464,False,False
AREB14/P1,131D,ANDV AREB14/P1,131D,II,I,Argentinean sequences,Chilean sequences,False,False,False,0.04223064428803465,78,1847,0.04283314669652855,153,3572,0.050472209320328226,326,6459,False,False
AREB14/P1,p127,ANDV AREB14/P1,p127,II,I,Argentinean sequences,Chilean sequences,False,False,False,0.04002163331530557,74,1849,0.045179063360881545,164,3630,0.04981435643564357,322,6464,False,False
AREB14/P1,p1427,ANDV AREB14/P1,p1427,II,I,Argentinean sequences,Chilean sequences,False,False,False,0.03896103896103896,72,1848,0.04159779614325069,151,3630,0.04764851485148515,308,6464,False,False
AREB14/P1,p1430,ANDV AREB14/P1,p1430,II,I,Argentinean sequences,Chilean sequences,False,False,False,0.038939967550027044,72,1849,0.041035527402919304,149,3631,0.04795792079207921,310,6464,False,False
AREB14/P1,ANDV-CH-LS-2016,ANDV AREB14/P1,ANDV-CH-LS-2016,II,I,Argentinean sequences,Chilean sequences,False,False,False,0.040156162855549356,72,1793,0.04187465335551858,151,3606,0.048615800135043886,288,5924,False,False
AREB14/P1,ANDV-CH-LS-2022,ANDV AREB14/P1,ANDV-CH-LS-2022,II,I,Argentinean sequences,Chilean sequences,False,False,False,0.040340909090909094,71,1760,0.042068361086765996,144,3423,0.04789364087778312,299,6243,False,False
AREB14/P1,ARG p19,ANDV AREB14/P1,ANDV ARG p19,II,III,Argentinean sequences,Argentinean sequences,False,False,False,0.04054054054054054,75,1850,0.03800605893693197,138,3631,0.045820433436532505,296,6460,False,False
AREB14/P1,ARG p3,ANDV AREB14/P1,ANDV ARG p3,II,III,Argentinean sequences,Argentinean sequences,False,False,False,0.04,74,1850,0.037730652712751306,137,3631,0.04563737623762376,295,6464,False,False
AREB14/P1,ARG-M.a.,ANDV AREB14/P1,ANDV ARG-M.a.,II,III,Argentinean sequences,Argentinean sequences,False,False,False,0.04054054054054054,75,1850,0.037772263578715194,137,3627,0.045693928128872366,295,6456,False,False
AREB14/P1,ARG p9,ANDV AREB14/P1,ANDV ARG p9,II,III,Argentinean sequences,Argentinean sequences,False,False,False,0.04054054054054054,75,1850,0.037730652712751306,137,3631,0.0456656346749226,295,6460,False,False
AREB14/P1,p1316,ANDV AREB14/P1,p1316,II,III,Argentinean sequences,Chilean sequences,False,False,False,0.038378378378378375,71,1850,0.039658496282015974,144,3631,0.04501856435643564,291,6464,False,False
AREB14/P1,CHI-Hu13724 P2,ANDV AREB14/P1,ANDV CHI-Hu13724 P2,II,III,Argentinean sequences,Chilean sequences,False,False,False,0.04,74,1850,0.04131093362709997,150,3631,0.04749381188118812,307,6464,False,False
AREB14/P1,p136,ANDV AREB14/P1,p136,II,III,Argentinean sequences,Chilean sequences,False,False,False,0.03945945945945946,73,1850,0.04132231404958678,150,3630,0.04749381188118812,307,6464,False,False
AREB14/P1,p137,ANDV AREB14/P1,p137,II,III,Argentinean sequences,Chilean sequences,False,False,False,0.03945945945945946,73,1850,0.041333700744006614,150,3629,0.04749381188118812,307,6464,False,False
AREB14/P1,CHI-Hu13724 P1,ANDV AREB14/P1,ANDV CHI-Hu13724 P1,II,III,Argentinean sequences,Chilean sequences,False,False,False,0.03945945945945946,73,1850,0.04132231404958678,150,3630,0.04749381188118812,307,6464,False,False
AREB14/P1,p1059,ANDV AREB14/P1,p1059,II,III,Argentinean sequences,Chilean sequences,False,True,False,0.03948080043266631,73,1849,0.04352617079889807,158,3630,0.04656559405940594,301,6464,False,False
AREB14/P1,NRC-4/18,ANDV AREB14/P1,ANDV NRC-4/18,II,III,Argentinean sequences,Argentinean sequences,False,True,False,0.04002163331530557,74,1849,0.041769716955207474,152,3639,0.045180256846665635,292,6463,False,False
AREB14/P1,NRC-3/18,ANDV AREB14/P1,ANDV NRC-3/18,II,III,Argentinean sequences,Argentinean sequences,False,True,False,0.04002163331530557,74,1849,0.04149491618576532,151,3639,0.04517326732673267,292,6464,False,False
AREB14/P1,132D,ANDV AREB14/P1,132D,II,III,Argentinean sequences,Chilean sequences,False,True,False,0.0390032502708559,72,1846,0.04613259668508287,167,3620,0.04764851485148515,308,6464,False,False
AREB14/P1,p1239,ANDV AREB14/P1,p1239,II,III,Argentinean sequences,Chilean sequences,False,True,False,0.03839913466738778,71,1849,0.042482758620689655,154,3625,0.04672029702970297,302,6464,False,False
AREB14/P1,p1242,ANDV AREB14/P1,p1242,II,III,Argentinean sequences,Chilean sequences,False,True,False,0.04164413196322336,77,1849,0.043010752688172046,156,3627,0.04672029702970297,302,6464,False,False
AREB14/P1,p931,ANDV AREB14/P1,p931,II,III,Argentinean sequences,Chilean sequences,False,True,False,0.0411032990805841,76,1849,0.043010752688172046,156,3627,0.04563737623762376,295,6464,False,False
AREB14/P1,p1236,ANDV AREB14/P1,p1236,II,III,Argentinean sequences,Chilean sequences,False,True,False,0.04002163331530557,74,1849,0.041333700744006614,150,3629,0.05151750972762646,331,6425,True,False
AREB14/P1,cruise,ANDV AREB14/P1,France-Case 9,II,III,Argentinean sequences,Cruise ship outbreak sequences,False,True,False,0.040151926207270754,74,1843,0.04323877719636464,157,3631,0.04594678217821782,297,6464,False,True
AREB14/P1,cruise,ANDV AREB14/P1,Spain-Case 10,II,III,Argentinean sequences,Cruise ship outbreak sequences,False,True,False,0.040195545898967955,74,1841,0.043262606778726925,157,3629,0.04594678217821782,297,6464,False,True
AREB14/P1,cruise,ANDV AREB14/P1,Spain-Case 12,II,III,Argentinean sequences,Cruise ship outbreak sequences,False,True,False,0.040195545898967955,74,1841,0.043262606778726925,157,3629,0.04594678217821782,297,6464,False,True
AREB14/P1,Switzerland-Case 7,ANDV AREB14/P1,Switzerland-Case 7,II,III,Argentinean sequences,Cruise ship outbreak sequences,False,True,False,0.040195545898967955,74,1841,0.043262606778726925,157,3629,0.04610148514851485,298,6464,False,True
AREB14/P1,cruise,ANDV AREB14/P1,Netherlands-Case 6,II,III,Argentinean sequences,Cruise ship outbreak sequences,False,True,False,0.04061470911086718,74,1822,0.04333425338117582,157,3623,0.0453355155482815,277,6110,False,True
AREB14/P1,cruise,ANDV AREB14/P1,Netherlands-Case 5,II,III,Argentinean sequences,Cruise ship outbreak sequences,False,True,False,0.041088284286507494,74,1801,0.04380791912384162,156,3561,0.04596447491430352,295,6418,False,True
AREB14/P1,cruise,ANDV AREB14/P1,Johannesburg-Case 2,II,III,Argentinean sequences,Cruise ship outbreak sequences,False,True,False,0.04206935758953951,74,1759,0.043550624133148405,157,3605,0.04596273291925466,296,6440,False,True
AREB14/P1,cruise,ANDV AREB14/P1,Johannesburg-Case 3,II,III,Argentinean sequences,Cruise ship outbreak sequences,False,True,False,0.04209328782707622,74,1758,0.04355108877721943,156,3582,0.045968116390651605,297,6461,False,True
AREB14/P1,cruise,ANDV AREB14/P1,Canada-Case 11_NPswab,II,III,Argentinean sequences,Cruise ship outbreak sequences,False,True,False,0.04085480829666876,65,1591,0.045081967213114756,143,3172,0.04582921200131883,278,6066,False,True
AREB14/P1,cruise,ANDV AREB14/P1,Canada-Case 11_blood,II,III,Argentinean sequences,Cruise ship outbreak sequences,False,True,False,0.04261363636363636,75,1760,0.043721973094170405,156,3568,0.04610148514851485,298,6464,False,True
NRC-6/18,ARLA17/NRC2,ANDV NRC-6/18,ANDV ARLA17/NRC2,II,II,Argentinean sequences,Argentinean sequences,False,False,True,0.009219088937093275,17,1844,0.012616566099835436,46,3646,0.011943040881947635,78,6531,False,False
NRC-6/18,Epilink/96,ANDV NRC-6/18,ANDV Epilink/96,II,II,Argentinean sequences,Argentinean sequences,False,False,True,0.008602150537634409,16,1860,0.007644007644007644,28,3663,0.006875477463712758,45,6545,False,False
NRC-6/18,Epuyen/18-19 Patient 6,ANDV NRC-6/18,ANDV Epuyen/18-19 Patient 6,II,II,Argentinean sequences,Argentinean sequences,False,False,True,0.008068854222700376,15,1859,0.009279475982532752,34,3664,0.006417112299465241,42,6545,False,False
NRC-6/18,Epuyen/18-19 Patient 26,ANDV NRC-6/18,ANDV Epuyen/18-19 Patient 26,II,II,Argentinean sequences,Argentinean sequences,False,False,True,0.008077544426494346,15,1857,0.009304871373836891,34,3654,0.006269113149847095,41,6540,False,False
NRC-6/18,Epuyen/18-19 Patient 22,ANDV NRC-6/18,ANDV Epuyen/18-19 Patient 22,II,II,Argentinean sequences,Argentinean sequences,False,False,True,0.008606777837547068,16,1859,0.009294696555494806,34,3658,0.006418092909535452,42,6544,False,False
NRC-6/18,Epuyen/18-19 Patient 7,ANDV NRC-6/18,ANDV Epuyen/18-19 Patient 7,II,II,Argentinean sequences,Argentinean sequences,False,False,True,0.008620689655172414,16,1856,0.009304871373836891,34,3654,0.006266238728412044,41,6543,False,False
NRC-6/18,Epuyen/18-19 Patient 24,ANDV NRC-6/18,ANDV Epuyen/18-19 Patient 24,II,II,Argentinean sequences,Argentinean sequences,False,False,True,0.008112493239588967,15,1849,0.009309967141292442,34,3652,0.006277752258459654,41,6531,False,False
NRC-6/18,Epuyen/18-19 Patient 4,ANDV NRC-6/18,ANDV Epuyen/18-19 Patient 4,II,II,Argentinean sequences,Argentinean sequences,False,False,True,0.008081896551724138,15,1856,0.009568069983597594,35,3658,0.006421036538755542,42,6541,False,False
NRC-6/18,Epuyen/18-19 Patient 10,ANDV NRC-6/18,ANDV Epuyen/18-19 Patient 10,II,II,Argentinean sequences,Argentinean sequences,False,False,True,0.008138903960933261,15,1843,0.00934322616103325,34,3639,0.006392266916120985,41,6414,False,False
NRC-6/18,Epuyen/18-19 Patient 15,ANDV NRC-6/18,ANDV Epuyen/18-19 Patient 15,II,II,Argentinean sequences,Argentinean sequences,False,False,True,0.008205689277899343,15,1828,0.009358656757500689,34,3633,0.0062787136294027565,41,6530,False,False
NRC-6/18,Epuyen/18-19 Patient 18,ANDV NRC-6/18,ANDV Epuyen/18-19 Patient 18,II,II,Argentinean sequences,Argentinean sequences,False,False,True,0.008214676889375685,15,1826,0.009358656757500689,34,3633,0.006164278008938203,40,6489,False,False
NRC-6/18,Epuyen/18-19 Patient 23,ANDV NRC-6/18,ANDV Epuyen/18-19 Patient 23,II,II,Argentinean sequences,Argentinean sequences,False,False,True,0.009189189189189189,17,1850,0.009325287986834888,34,3646,0.0062787136294027565,41,6530,False,False
NRC-6/18,Epuyen/18-19 Patient 12,ANDV NRC-6/18,ANDV Epuyen/18-19 Patient 12,II,II,Argentinean sequences,Argentinean sequences,False,False,True,0.008099352051835854,15,1852,0.009578544061302681,35,3654,0.0062681547164042195,41,6541,False,False
NRC-6/18,Epuyen/18-19 Patient 25,ANDV NRC-6/18,ANDV Epuyen/18-19 Patient 25,II,II,Argentinean sequences,Argentinean sequences,False,False,True,0.008060182697474477,15,1861,0.0093074185600876,34,3653,0.0062681547164042195,41,6541,False,False
NRC-6/18,Epuyen/18-19 Patient 17,ANDV NRC-6/18,ANDV Epuyen/18-19 Patient 17,II,II,Argentinean sequences,Argentinean sequences,False,False,True,0.008060182697474477,15,1861,0.009299781181619256,34,3656,0.006267196575970651,41,6542,False,False
NRC-6/18,Epuyen/18-19 Patient 3,ANDV NRC-6/18,ANDV Epuyen/18-19 Patient 3,II,II,Argentinean sequences,Argentinean sequences,False,False,True,0.008103727714748784,15,1851,0.0093074185600876,34,3653,0.006271030896298563,41,6538,False,False
NRC-6/18,Epuyen/18-19 Patient 13,ANDV NRC-6/18,ANDV Epuyen/18-19 Patient 13,II,II,Argentinean sequences,Argentinean sequences,False,False,True,0.008103727714748784,15,1851,0.009304871373836891,34,3654,0.006269113149847095,41,6540,False,False
NRC-6/18,Epuyen/18-19 Patient 1,ANDV NRC-6/18,ANDV Epuyen/18-19 Patient 1,II,II,Argentinean sequences,Argentinean sequences,False,False,True,0.008103727714748784,15,1851,0.009304871373836891,34,3654,0.006269113149847095,41,6540,False,False
NRC-6/18,Epuyen/18-19 Patient 28,ANDV NRC-6/18,ANDV Epuyen/18-19 Patient 28,II,II,Argentinean sequences,Argentinean sequences,False,False,True,0.008112493239588967,15,1849,0.009322731011790512,34,3647,0.006277752258459654,41,6531,False,False
NRC-6/18,Epuyen/18-19 Patient 16,ANDV NRC-6/18,ANDV Epuyen/18-19 Patient 16,II,II,Argentinean sequences,Argentinean sequences,False,False,True,0.008068854222700376,15,1859,0.009312517118597645,34,3651,0.006269113149847095,41,6540,False,False
NRC-6/18,Epuyen/18-19 Patient 29,ANDV NRC-6/18,ANDV Epuyen/18-19 Patient 29,II,II,Argentinean sequences,Argentinean sequences,False,False,True,0.008060182697474477,15,1861,0.009279475982532752,34,3664,0.0062681547164042195,41,6541,False,False
NRC-6/18,Epuyen/18-19 Patient 19,ANDV NRC-6/18,ANDV Epuyen/18-19 Patient 19,II,II,Argentinean sequences,Argentinean sequences,False,False,True,0.00804289544235925,15,1865,0.009304871373836891,34,3654,0.006263366941643752,41,6546,False,False
NRC-6/18,Epuyen/18-19 Patient 9,ANDV NRC-6/18,ANDV Epuyen/18-19 Patient 9,II,II,Argentinean sequences,Argentinean sequences,False,False,True,0.008047210300429184,15,1864,0.009279475982532752,34,3664,0.0062643239113827345,41,6545,False,False
NRC-6/18,Epuyen/18-19 Patient 20,ANDV NRC-6/18,ANDV Epuyen/18-19 Patient 20,II,II,Argentinean sequences,Argentinean sequences,False,False,True,0.008055853920515575,15,1862,0.0093074185600876,34,3653,0.006271030896298563,41,6538,False,False
NRC-6/18,Epuyen/18-19 Patient 8,ANDV NRC-6/18,ANDV Epuyen/18-19 Patient 8,II,II,Argentinean sequences,Argentinean sequences,False,False,True,0.008073196986006458,15,1858,0.009304871373836891,34,3654,0.006267196575970651,41,6542,False,False
NRC-6/18,Epuyen/18-19 Patient 14,ANDV NRC-6/18,ANDV Epuyen/18-19 Patient 14,II,II,Argentinean sequences,Argentinean sequences,False,False,True,0.008086253369272238,15,1855,0.009299781181619256,34,3656,0.006267196575970651,41,6542,False,False
NRC-6/18,Epuyen/18-19 Patient 11,ANDV NRC-6/18,ANDV Epuyen/18-19 Patient 11,II,II,Argentinean sequences,Argentinean sequences,False,False,True,0.008134490238611713,15,1844,0.009327846364883402,34,3645,0.006287379236313449,41,6521,False,False
NRC-6/18,Epuyen/18-19 Patient 27,ANDV NRC-6/18,ANDV Epuyen/18-19 Patient 27,II,II,Argentinean sequences,Argentinean sequences,False,False,True,0.008116883116883116,15,1848,0.009322731011790512,34,3647,0.006276791181873852,41,6532,False,False
NRC-6/18,Epuyen/18-19 Patient 5,ANDV NRC-6/18,ANDV Epuyen/18-19 Patient 5,II,II,Argentinean sequences,Argentinean sequences,False,False,True,0.008112493239588967,15,1849,0.009317621266100301,34,3649,0.0062700718764337054,41,6539,False,False
NRC-6/18,Epuyen,ANDV NRC-6/18,ANDV Epuyen,II,II,Argentinean sequences,Argentinean sequences,False,False,True,0.008690928843020097,16,1841,0.009871126953660542,36,3647,0.006333024405313562,41,6474,False,False
NRC-6/18,p334,ANDV NRC-6/18,p334,II,I,Argentinean sequences,Chilean sequences,False,False,False,0.04843918191603875,90,1858,0.07058823529411765,258,3655,0.0666157372039725,436,6545,False,False
NRC-6/18,p1060,ANDV NRC-6/18,p1060,II,I,Argentinean sequences,Chilean sequences,False,False,False,0.04202586206896552,78,1856,0.06810722100656455,249,3656,0.0716796576493963,469,6543,False,False
NRC-6/18,p1056,ANDV NRC-6/18,p1056,II,I,Argentinean sequences,Chilean sequences,False,False,False,0.042518837459634015,79,1858,0.048960612691466086,179,3656,0.048448723826990676,317,6543,False,False
NRC-6/18,NRC-2/97,ANDV NRC-6/18,ANDV NRC-2/97,II,I,Argentinean sequences,Argentinean sequences,False,False,False,0.04162162162162162,77,1850,0.04690071311025781,171,3646,0.04710591133004926,306,6496,False,False
NRC-6/18,p115D,ANDV NRC-6/18,p115D,II,I,Argentinean sequences,Chilean sequences,False,False,False,0.03759398496240601,70,1862,0.04491920021911805,164,3651,0.08568810142049794,561,6547,False,False
NRC-6/18,p915,ANDV NRC-6/18,p915,II,I,Argentinean sequences,Chilean sequences,False,False,False,0.03868887694787748,72,1861,0.046862154014798575,171,3649,0.08530805687203792,558,6541,False,False
NRC-6/18,p201,ANDV NRC-6/18,p201,II,I,Argentinean sequences,Chilean sequences,False,False,False,0.03827493261455526,71,1855,0.04598959759102108,168,3653,0.08469652958263263,554,6541,False,False
NRC-6/18,p1064,ANDV NRC-6/18,p1064,II,I,Argentinean sequences,Chilean sequences,False,False,False,0.03987068965517242,74,1856,0.049876678542066316,182,3649,0.0453920220082531,297,6543,False,False
NRC-6/18,CHI-7913,ANDV NRC-6/18,ANDV CHI-7913,II,I,Argentinean sequences,Chilean sequences,False,False,False,0.04051054384017758,73,1802,0.04559187036528426,166,3641,0.04408352668213457,285,6465,False,False
NRC-6/18,p1062,ANDV NRC-6/18,p1062,II,I,Argentinean sequences,Chilean sequences,False,False,False,0.0392684238838085,73,1859,0.04157549234135667,152,3656,0.04843391902215432,317,6545,False,False
NRC-6/18,p1058,ANDV NRC-6/18,p1058,II,I,Argentinean sequences,Chilean sequences,False,False,False,0.0381105743424584,71,1863,0.048960612691466086,179,3656,0.047990218554180036,314,6543,False,False
NRC-6/18,NRC-5/18,ANDV NRC-6/18,ANDV NRC-5/18,II,I,Argentinean sequences,Argentinean sequences,False,False,False,0.0366182014001077,68,1857,0.04986301369863014,182,3650,0.049494330370824395,323,6526,False,False
NRC-6/18,p1241,ANDV NRC-6/18,p1241,II,I,Argentinean sequences,Chilean sequences,False,False,False,0.0386058981233244,72,1865,0.04950765864332604,181,3656,0.04934311029636419,323,6546,False,False
NRC-6/18,p1313,ANDV NRC-6/18,p1313,II,I,Argentinean sequences,Chilean sequences,False,False,False,0.03390742734122713,63,1858,0.049534756431308155,181,3654,0.051505425645728256,337,6543,False,False
NRC-6/18,p126,ANDV NRC-6/18,p126,II,I,Argentinean sequences,Chilean sequences,False,False,False,0.03390742734122713,63,1858,0.0511767925561029,187,3654,0.05089408528198074,333,6543,False,False
NRC-6/18,136D,ANDV NRC-6/18,136D,II,I,Argentinean sequences,Chilean sequences,False,False,False,0.04010989010989011,73,1820,0.05168031629483197,183,3541,0.050315433143560545,327,6499,False,False
NRC-6/18,p1052,ANDV NRC-6/18,p1052,II,I,Argentinean sequences,Chilean sequences,False,False,False,0.03866809881847476,72,1862,0.047045951859956234,172,3656,0.04951856946354883,324,6543,False,False
NRC-6/18,131D,ANDV NRC-6/18,131D,II,I,Argentinean sequences,Chilean sequences,False,False,False,0.04108108108108108,76,1850,0.04759238521836506,170,3572,0.05059981544140264,329,6502,False,False
NRC-6/18,p127,ANDV NRC-6/18,p127,II,I,Argentinean sequences,Chilean sequences,False,False,False,0.03982777179763186,74,1858,0.04926108374384237,180,3654,0.04950343773873186,324,6545,False,False
NRC-6/18,p1427,ANDV NRC-6/18,p1427,II,I,Argentinean sequences,Chilean sequences,False,False,False,0.03771551724137931,70,1856,0.0451559934318555,165,3654,0.04719718955246678,309,6547,False,False
NRC-6/18,p1430,ANDV NRC-6/18,p1430,II,I,Argentinean sequences,Chilean sequences,False,False,False,0.037614185921547555,70,1861,0.04513129102844639,165,3656,0.04765541469375286,312,6547,False,False
NRC-6/18,ANDV-CH-LS-2016,ANDV NRC-6/18,ANDV-CH-LS-2016,II,I,Argentinean sequences,Chilean sequences,False,False,False,0.03904071388733965,70,1793,0.046311702717692735,167,3606,0.048455174742529125,287,5923,False,False
NRC-6/18,ANDV-CH-LS-2022,ANDV NRC-6/18,ANDV-CH-LS-2022,II,I,Argentinean sequences,Chilean sequences,False,False,False,0.038636363636363635,68,1760,0.04674262342974,160,3423,0.04806151874399231,300,6242,False,False
NRC-6/18,ARG p19,ANDV NRC-6/18,ANDV ARG p19,II,III,Argentinean sequences,Argentinean sequences,False,False,False,0.04128686327077748,77,1865,0.04048140043763676,148,3656,0.04633920296570899,300,6474,False,False
NRC-6/18,ARG p3,ANDV NRC-6/18,ANDV ARG p3,II,III,Argentinean sequences,Argentinean sequences,False,False,False,0.04086021505376344,76,1860,0.040273972602739724,147,3650,0.04569769219012685,299,6543,False,False
NRC-6/18,ARG-M.a.,ANDV NRC-6/18,ANDV ARG-M.a.,II,III,Argentinean sequences,Argentinean sequences,False,False,False,0.04126473740621651,77,1866,0.04026294165981923,147,3651,0.04627766599597585,299,6461,False,False
NRC-6/18,ARG p9,ANDV NRC-6/18,ANDV ARG p9,II,III,Argentinean sequences,Argentinean sequences,False,False,False,0.04124263524370648,77,1867,0.04020787746170678,147,3656,0.04618473895582329,299,6474,False,False
NRC-6/18,p1316,ANDV NRC-6/18,p1316,II,III,Argentinean sequences,Chilean sequences,False,False,False,0.0392684238838085,73,1859,0.04212253829321663,154,3656,0.045704677468664016,299,6542,False,False
NRC-6/18,CHI-Hu13724 P2,ANDV NRC-6/18,ANDV CHI-Hu13724 P2,II,III,Argentinean sequences,Chilean sequences,False,False,False,0.04088219472834857,76,1859,0.04349015317286652,159,3656,0.04783738346324316,313,6543,False,False
NRC-6/18,p136,ANDV NRC-6/18,p136,II,III,Argentinean sequences,Chilean sequences,False,False,False,0.04034427111350188,75,1859,0.04351395730706076,159,3654,0.047822765469824294,313,6545,False,False
NRC-6/18,p137,ANDV NRC-6/18,p137,II,III,Argentinean sequences,Chilean sequences,False,False,False,0.04038772213247173,75,1857,0.04352586914864495,159,3653,0.047844695811678384,313,6542,False,False
NRC-6/18,CHI-Hu13724 P1,ANDV NRC-6/18,ANDV CHI-Hu13724 P1,II,III,Argentinean sequences,Chilean sequences,False,False,False,0.040214477211796246,75,1865,0.04351395730706076,159,3654,0.047808156407514894,313,6547,False,False
NRC-6/18,p1059,ANDV NRC-6/18,p1059,II,III,Argentinean sequences,Chilean sequences,False,True,False,0.040279269602577876,75,1862,0.047619047619047616,174,3654,0.04707320800855876,308,6543,False,False
NRC-6/18,NRC-4/18,ANDV NRC-6/18,ANDV NRC-4/18,II,III,Argentinean sequences,Argentinean sequences,False,True,False,0.04090419806243272,76,1858,0.0454172366621067,166,3655,0.04569769219012685,299,6543,False,False
NRC-6/18,NRC-3/18,ANDV NRC-6/18,ANDV NRC-3/18,II,III,Argentinean sequences,Argentinean sequences,False,True,False,0.040948275862068964,76,1856,0.0451559934318555,165,3654,0.04572564612326044,299,6539,False,False
NRC-6/18,132D,ANDV NRC-6/18,132D,II,III,Argentinean sequences,Chilean sequences,False,True,False,0.03891891891891892,72,1850,0.05035773252614199,183,3634,0.04836241199877563,316,6534,False,False
NRC-6/18,p1239,ANDV NRC-6/18,p1239,II,III,Argentinean sequences,Chilean sequences,False,True,False,0.038090128755364806,71,1864,0.046588106330501505,170,3649,0.04739336492890995,310,6541,False,False
NRC-6/18,p1242,ANDV NRC-6/18,p1242,II,III,Argentinean sequences,Chilean sequences,False,True,False,0.04130901287553648,77,1864,0.047658175842235,174,3651,0.047233261999388564,309,6542,False,False
NRC-6/18,p931,ANDV NRC-6/18,p931,II,III,Argentinean sequences,Chilean sequences,False,True,False,0.0407725321888412,76,1864,0.047658175842235,174,3651,0.04617031035009937,302,6541,False,False
NRC-6/18,p1236,ANDV NRC-6/18,p1236,II,III,Argentinean sequences,Chilean sequences,False,True,False,0.04128686327077748,77,1865,0.04544210238160416,166,3653,0.052303860523038606,336,6424,True,False
NRC-6/18,cruise,ANDV NRC-6/18,France-Case 9,II,III,Argentinean sequences,Cruise ship outbreak sequences,False,True,False,0.04103671706263499,76,1852,0.04743624897175761,173,3647,0.04691320293398533,307,6544,False,True
NRC-6/18,cruise,ANDV NRC-6/18,Spain-Case 10,II,III,Argentinean sequences,Cruise ship outbreak sequences,False,True,False,0.04114780725500812,76,1847,0.04741024938339271,173,3649,0.04695625573569899,307,6538,False,True
NRC-6/18,cruise,ANDV NRC-6/18,Spain-Case 12,II,III,Argentinean sequences,Cruise ship outbreak sequences,False,True,False,0.04114780725500812,76,1847,0.04741024938339271,173,3649,0.04695625573569899,307,6538,False,True
NRC-6/18,Switzerland-Case 7,ANDV NRC-6/18,Switzerland-Case 7,II,III,Argentinean sequences,Cruise ship outbreak sequences,False,True,False,0.04114780725500812,76,1847,0.04741024938339271,173,3649,0.04704444783870475,308,6547,False,True
NRC-6/18,cruise,ANDV NRC-6/18,Netherlands-Case 6,II,III,Argentinean sequences,Cruise ship outbreak sequences,False,True,False,0.04171240395170143,76,1822,0.047724137931034485,173,3625,0.04677602728601592,288,6157,False,True
NRC-6/18,cruise,ANDV NRC-6/18,Netherlands-Case 5,II,III,Argentinean sequences,Cruise ship outbreak sequences,False,True,False,0.0421987784564131,76,1801,0.04802021903959562,171,3561,0.04714793631164013,305,6469,False,True
NRC-6/18,cruise,ANDV NRC-6/18,Johannesburg-Case 2,II,III,Argentinean sequences,Cruise ship outbreak sequences,False,True,False,0.04320636725412166,76,1759,0.0478693967902601,173,3614,0.04735376044568245,306,6462,False,True
NRC-6/18,cruise,ANDV NRC-6/18,Johannesburg-Case 3,II,III,Argentinean sequences,Cruise ship outbreak sequences,False,True,False,0.04323094425483504,76,1758,0.047619047619047616,171,3591,0.04707866891581046,307,6521,False,True
NRC-6/18,cruise,ANDV NRC-6/18,Canada-Case 11_NPswab,II,III,Argentinean sequences,Cruise ship outbreak sequences,False,True,False,0.04274041483343809,68,1591,0.04823455233291299,153,3172,0.04685452162516383,286,6104,False,True
NRC-6/18,cruise,ANDV NRC-6/18,Canada-Case 11_blood,II,III,Argentinean sequences,Cruise ship outbreak sequences,False,True,False,0.04375,77,1760,0.047926008968609865,171,3568,0.047355473554735544,308,6504,False,True
ARLA17/NRC2,Epilink/96,ANDV ARLA17/NRC2,ANDV Epilink/96,II,II,Argentinean sequences,Argentinean sequences,False,False,True,0.008138903960933261,15,1843,0.007679648930334613,28,3646,0.008113900796080833,53,6532,False,False
ARLA17/NRC2,Epuyen/18-19 Patient 6,ANDV ARLA17/NRC2,ANDV Epuyen/18-19 Patient 6,II,II,Argentinean sequences,Argentinean sequences,False,False,True,0.010845986984815618,20,1844,0.01151947339550192,42,3646,0.01132884262094305,74,6532,False,False
ARLA17/NRC2,Epuyen/18-19 Patient 26,ANDV ARLA17/NRC2,ANDV Epuyen/18-19 Patient 26,II,II,Argentinean sequences,Argentinean sequences,False,False,True,0.010845986984815618,20,1844,0.01151947339550192,42,3646,0.011175750153092467,73,6532,False,False
ARLA17/NRC2,Epuyen/18-19 Patient 22,ANDV ARLA17/NRC2,ANDV Epuyen/18-19 Patient 22,II,II,Argentinean sequences,Argentinean sequences,False,False,True,0.0113882863340564,21,1844,0.01151947339550192,42,3646,0.011022657685241886,72,6532,False,False
ARLA17/NRC2,Epuyen/18-19 Patient 7,ANDV ARLA17/NRC2,ANDV Epuyen/18-19 Patient 7,II,II,Argentinean sequences,Argentinean sequences,False,False,True,0.0113882863340564,21,1844,0.01151947339550192,42,3646,0.011175750153092467,73,6532,False,False
ARLA17/NRC2,Epuyen/18-19 Patient 24,ANDV ARLA17/NRC2,ANDV Epuyen/18-19 Patient 24,II,II,Argentinean sequences,Argentinean sequences,False,False,True,0.010845986984815618,20,1844,0.01151947339550192,42,3646,0.011175750153092467,73,6532,False,False
ARLA17/NRC2,Epuyen/18-19 Patient 4,ANDV ARLA17/NRC2,ANDV Epuyen/18-19 Patient 4,II,II,Argentinean sequences,Argentinean sequences,False,False,True,0.010851871947911014,20,1843,0.011245200219418541,41,3646,0.01132884262094305,74,6532,False,False
ARLA17/NRC2,Epuyen/18-19 Patient 10,ANDV ARLA17/NRC2,ANDV Epuyen/18-19 Patient 10,II,II,Argentinean sequences,Argentinean sequences,False,False,True,0.010893246187363835,20,1836,0.011541632316570486,42,3639,0.010911925175370226,70,6415,False,False
ARLA17/NRC2,Epuyen/18-19 Patient 15,ANDV ARLA17/NRC2,ANDV Epuyen/18-19 Patient 15,II,II,Argentinean sequences,Argentinean sequences,False,False,True,0.010958904109589041,20,1825,0.011560693641618497,42,3633,0.011177461338233042,73,6531,False,False
ARLA17/NRC2,Epuyen/18-19 Patient 18,ANDV ARLA17/NRC2,ANDV Epuyen/18-19 Patient 18,II,II,Argentinean sequences,Argentinean sequences,False,False,True,0.010970927043335162,20,1823,0.011560693641618497,42,3633,0.011248073959938367,73,6490,False,False
ARLA17/NRC2,Epuyen/18-19 Patient 23,ANDV ARLA17/NRC2,ANDV Epuyen/18-19 Patient 23,II,II,Argentinean sequences,Argentinean sequences,False,False,True,0.01193058568329718,22,1844,0.011525795828759604,42,3644,0.011177461338233042,73,6531,False,False
ARLA17/NRC2,Epuyen/18-19 Patient 12,ANDV ARLA17/NRC2,ANDV Epuyen/18-19 Patient 12,II,II,Argentinean sequences,Argentinean sequences,False,False,True,0.010845986984815618,20,1844,0.011793746571585299,43,3646,0.011175750153092467,73,6532,False,False
ARLA17/NRC2,Epuyen/18-19 Patient 25,ANDV ARLA17/NRC2,ANDV Epuyen/18-19 Patient 25,II,II,Argentinean sequences,Argentinean sequences,False,False,True,0.010845986984815618,20,1844,0.01151947339550192,42,3646,0.011175750153092467,73,6532,False,False
ARLA17/NRC2,Epuyen/18-19 Patient 17,ANDV ARLA17/NRC2,ANDV Epuyen/18-19 Patient 17,II,II,Argentinean sequences,Argentinean sequences,False,False,True,0.010845986984815618,20,1844,0.01151947339550192,42,3646,0.011175750153092467,73,6532,False,False
ARLA17/NRC2,Epuyen/18-19 Patient 3,ANDV ARLA17/NRC2,ANDV Epuyen/18-19 Patient 3,II,II,Argentinean sequences,Argentinean sequences,False,False,True,0.010845986984815618,20,1844,0.01151947339550192,42,3646,0.011175750153092467,73,6532,False,False
ARLA17/NRC2,Epuyen/18-19 Patient 13,ANDV ARLA17/NRC2,ANDV Epuyen/18-19 Patient 13,II,II,Argentinean sequences,Argentinean sequences,False,False,True,0.010845986984815618,20,1844,0.01151947339550192,42,3646,0.011175750153092467,73,6532,False,False
ARLA17/NRC2,Epuyen/18-19 Patient 1,ANDV ARLA17/NRC2,ANDV Epuyen/18-19 Patient 1,II,II,Argentinean sequences,Argentinean sequences,False,False,True,0.010845986984815618,20,1844,0.01151947339550192,42,3646,0.011175750153092467,73,6532,False,False
ARLA17/NRC2,Epuyen/18-19 Patient 28,ANDV ARLA17/NRC2,ANDV Epuyen/18-19 Patient 28,II,II,Argentinean sequences,Argentinean sequences,False,False,True,0.010851871947911014,20,1843,0.011532125205930808,42,3642,0.011175750153092467,73,6532,False,False
ARLA17/NRC2,Epuyen/18-19 Patient 16,ANDV ARLA17/NRC2,ANDV Epuyen/18-19 Patient 16,II,II,Argentinean sequences,Argentinean sequences,False,False,True,0.010845986984815618,20,1844,0.01151947339550192,42,3646,0.011175750153092467,73,6532,False,False
ARLA17/NRC2,Epuyen/18-19 Patient 29,ANDV ARLA17/NRC2,ANDV Epuyen/18-19 Patient 29,II,II,Argentinean sequences,Argentinean sequences,False,False,True,0.010845986984815618,20,1844,0.01151947339550192,42,3646,0.011175750153092467,73,6532,False,False
ARLA17/NRC2,Epuyen/18-19 Patient 19,ANDV ARLA17/NRC2,ANDV Epuyen/18-19 Patient 19,II,II,Argentinean sequences,Argentinean sequences,False,False,True,0.010845986984815618,20,1844,0.01151947339550192,42,3646,0.011175750153092467,73,6532,False,False
ARLA17/NRC2,Epuyen/18-19 Patient 9,ANDV ARLA17/NRC2,ANDV Epuyen/18-19 Patient 9,II,II,Argentinean sequences,Argentinean sequences,False,False,True,0.010845986984815618,20,1844,0.01151947339550192,42,3646,0.011175750153092467,73,6532,False,False
ARLA17/NRC2,Epuyen/18-19 Patient 20,ANDV ARLA17/NRC2,ANDV Epuyen/18-19 Patient 20,II,II,Argentinean sequences,Argentinean sequences,False,False,True,0.010845986984815618,20,1844,0.01151947339550192,42,3646,0.011175750153092467,73,6532,False,False
ARLA17/NRC2,Epuyen/18-19 Patient 8,ANDV ARLA17/NRC2,ANDV Epuyen/18-19 Patient 8,II,II,Argentinean sequences,Argentinean sequences,False,False,True,0.010845986984815618,20,1844,0.01151947339550192,42,3646,0.011175750153092467,73,6532,False,False
ARLA17/NRC2,Epuyen/18-19 Patient 14,ANDV ARLA17/NRC2,ANDV Epuyen/18-19 Patient 14,II,II,Argentinean sequences,Argentinean sequences,False,False,True,0.010845986984815618,20,1844,0.01151947339550192,42,3646,0.011175750153092467,73,6532,False,False
ARLA17/NRC2,Epuyen/18-19 Patient 11,ANDV ARLA17/NRC2,ANDV Epuyen/18-19 Patient 11,II,II,Argentinean sequences,Argentinean sequences,False,False,True,0.010869565217391304,20,1840,0.011522633744855968,42,3645,0.011192885617908616,73,6522,False,False
ARLA17/NRC2,Epuyen/18-19 Patient 27,ANDV ARLA17/NRC2,ANDV Epuyen/18-19 Patient 27,II,II,Argentinean sequences,Argentinean sequences,False,False,True,0.010845986984815618,20,1844,0.011525795828759604,42,3644,0.011175750153092467,73,6532,False,False
ARLA17/NRC2,Epuyen/18-19 Patient 5,ANDV ARLA17/NRC2,ANDV Epuyen/18-19 Patient 5,II,II,Argentinean sequences,Argentinean sequences,False,False,True,0.010857763300760043,20,1842,0.01151947339550192,42,3646,0.011175750153092467,73,6532,False,False
ARLA17/NRC2,Epuyen,ANDV ARLA17/NRC2,ANDV Epuyen,II,II,Argentinean sequences,Argentinean sequences,False,False,True,0.011487964989059081,21,1828,0.012068019747668678,44,3646,0.011440940012368584,74,6468,False,False
ARLA17/NRC2,p334,ANDV ARLA17/NRC2,p334,II,I,Argentinean sequences,Chilean sequences,False,False,False,0.04720564297341291,87,1843,0.06901292273852076,251,3637,0.06567666870789957,429,6532,False,False
ARLA17/NRC2,p1060,ANDV ARLA17/NRC2,p1060,II,I,Argentinean sequences,Chilean sequences,False,False,False,0.042368278109722976,78,1841,0.06624518966465091,241,3638,0.07134109001837109,466,6532,False,False
ARLA17/NRC2,p1056,ANDV ARLA17/NRC2,p1056,II,I,Argentinean sequences,Chilean sequences,False,False,False,0.04286489419424851,79,1843,0.04617921935129192,168,3638,0.04914268218003674,321,6532,False,False
ARLA17/NRC2,NRC-2/97,ANDV ARLA17/NRC2,ANDV NRC-2/97,II,I,Argentinean sequences,Argentinean sequences,False,False,False,0.043973941368078175,81,1842,0.045554335894621295,166,3644,0.04793464858199754,311,6488,False,False
ARLA17/NRC2,p115D,ANDV ARLA17/NRC2,p115D,II,I,Argentinean sequences,Chilean sequences,False,False,False,0.039630836047774155,73,1842,0.04480483782297966,163,3638,0.08511941212492345,556,6532,False,False
ARLA17/NRC2,p915,ANDV ARLA17/NRC2,p915,II,I,Argentinean sequences,Chilean sequences,False,False,False,0.04076086956521739,75,1840,0.0462046204620462,168,3636,0.0848132271892223,554,6532,False,False
ARLA17/NRC2,p201,ANDV ARLA17/NRC2,p201,II,I,Argentinean sequences,Chilean sequences,False,False,False,0.04017372421281216,74,1842,0.045354590434304565,165,3638,0.08420085731781997,550,6532,False,False
ARLA17/NRC2,p1064,ANDV ARLA17/NRC2,p1064,II,I,Argentinean sequences,Chilean sequences,False,False,False,0.041779706999457406,77,1843,0.04867986798679868,177,3636,0.04562155541947336,298,6532,False,False
ARLA17/NRC2,CHI-7913,ANDV ARLA17/NRC2,ANDV CHI-7913,II,I,Argentinean sequences,Chilean sequences,False,False,False,0.042245692051139525,76,1799,0.043801652892561986,159,3630,0.04423136405815033,286,6466,False,False
ARLA17/NRC2,p1062,ANDV ARLA17/NRC2,p1062,II,I,Argentinean sequences,Chilean sequences,False,False,False,0.040151926207270754,74,1843,0.03985706432105553,145,3638,0.04837721984078383,316,6532,False,False
ARLA17/NRC2,p1058,ANDV ARLA17/NRC2,p1058,II,I,Argentinean sequences,Chilean sequences,False,False,False,0.04017372421281216,74,1842,0.04782847718526663,174,3638,0.047764849969381504,312,6532,False,False
ARLA17/NRC2,NRC-5/18,ANDV ARLA17/NRC2,ANDV NRC-5/18,II,I,Argentinean sequences,Argentinean sequences,False,False,False,0.03850325379609545,71,1844,0.04827207899067471,176,3646,0.04923312883435583,321,6520,False,False
ARLA17/NRC2,p1241,ANDV ARLA17/NRC2,p1241,II,I,Argentinean sequences,Chilean sequences,False,False,False,0.03906673901247965,72,1843,0.047003848268279275,171,3638,0.050068902158934316,327,6531,False,False
ARLA17/NRC2,p1313,ANDV ARLA17/NRC2,p1313,II,I,Argentinean sequences,Chilean sequences,False,False,False,0.03472599023331525,64,1843,0.04727872457394173,172,3638,0.052204531537048376,341,6532,False,False
ARLA17/NRC2,p126,ANDV ARLA17/NRC2,p126,II,I,Argentinean sequences,Chilean sequences,False,False,False,0.03472599023331525,64,1843,0.04892798240791644,178,3638,0.05159216166564605,337,6532,False,False
ARLA17/NRC2,136D,ANDV ARLA17/NRC2,136D,II,I,Argentinean sequences,Chilean sequences,False,False,False,0.041827187671986794,76,1817,0.05055069189494493,179,3541,0.05184615384615385,337,6500,False,False
ARLA17/NRC2,p1052,ANDV ARLA17/NRC2,p1052,II,I,Argentinean sequences,Chilean sequences,False,False,False,0.040694519804666304,75,1843,0.045354590434304565,165,3638,0.04914268218003674,321,6532,False,False
ARLA17/NRC2,131D,ANDV ARLA17/NRC2,131D,II,I,Argentinean sequences,Chilean sequences,False,False,False,0.042911461162411735,79,1841,0.04591265397536394,164,3572,0.05013070890358296,326,6503,False,False
ARLA17/NRC2,p127,ANDV ARLA17/NRC2,p127,II,I,Argentinean sequences,Chilean sequences,False,False,False,0.041779706999457406,77,1843,0.047003848268279275,171,3638,0.04914268218003674,321,6532,False,False
ARLA17/NRC2,p1427,ANDV ARLA17/NRC2,p1427,II,I,Argentinean sequences,Chilean sequences,False,False,False,0.03908794788273615,72,1842,0.0439802089059923,160,3638,0.047611757501530926,311,6532,False,False
ARLA17/NRC2,p1430,ANDV ARLA17/NRC2,p1430,II,I,Argentinean sequences,Chilean sequences,False,False,False,0.03906673901247965,72,1843,0.0434304562946674,158,3638,0.04822412737293325,315,6532,False,False
ARLA17/NRC2,ANDV-CH-LS-2016,ANDV ARLA17/NRC2,ANDV-CH-LS-2016,II,I,Argentinean sequences,Chilean sequences,False,False,False,0.04022346368715084,72,1790,0.044370493621741544,160,3606,0.049966239027684,296,5924,False,False
ARLA17/NRC2,ANDV-CH-LS-2022,ANDV ARLA17/NRC2,ANDV-CH-LS-2022,II,I,Argentinean sequences,Chilean sequences,False,False,False,0.0398406374501992,70,1757,0.04382120946538125,150,3423,0.049175076085215444,307,6243,False,False
ARLA17/NRC2,ARG p19,ANDV ARLA17/NRC2,ANDV ARG p19,II,III,Argentinean sequences,Argentinean sequences,False,False,False,0.04338394793926247,80,1844,0.04040681693238043,147,3638,0.04633204633204633,300,6475,False,False
ARLA17/NRC2,ARG p3,ANDV ARLA17/NRC2,ANDV ARG p3,II,III,Argentinean sequences,Argentinean sequences,False,False,False,0.042841648590021694,79,1844,0.040131940626717974,146,3638,0.045774647887323945,299,6532,False,False
ARLA17/NRC2,ARG-M.a.,ANDV ARLA17/NRC2,ANDV ARG-M.a.,II,III,Argentinean sequences,Argentinean sequences,False,False,False,0.04338394793926247,80,1844,0.040131940626717974,146,3638,0.04642525533890436,300,6462,False,False
ARLA17/NRC2,ARG p9,ANDV ARLA17/NRC2,ANDV ARG p9,II,III,Argentinean sequences,Argentinean sequences,False,False,False,0.04338394793926247,80,1844,0.040131940626717974,146,3638,0.046177606177606176,299,6475,False,False
ARLA17/NRC2,p1316,ANDV ARLA17/NRC2,p1316,II,III,Argentinean sequences,Chilean sequences,False,False,False,0.04121475054229935,76,1844,0.04205607476635514,153,3638,0.044856093080220455,293,6532,False,False
ARLA17/NRC2,CHI-Hu13724 P2,ANDV ARLA17/NRC2,ANDV CHI-Hu13724 P2,II,III,Argentinean sequences,Chilean sequences,False,False,False,0.042841648590021694,79,1844,0.043705332600329855,159,3638,0.046693202694427435,305,6532,False,False
ARLA17/NRC2,p136,ANDV ARLA17/NRC2,p136,II,III,Argentinean sequences,Chilean sequences,False,False,False,0.04229934924078091,78,1844,0.043705332600329855,159,3638,0.046693202694427435,305,6532,False,False
ARLA17/NRC2,p137,ANDV ARLA17/NRC2,p137,II,III,Argentinean sequences,Chilean sequences,False,False,False,0.04229934924078091,78,1844,0.043705332600329855,159,3638,0.046693202694427435,305,6532,False,False
ARLA17/NRC2,CHI-Hu13724 P1,ANDV ARLA17/NRC2,ANDV CHI-Hu13724 P1,II,III,Argentinean sequences,Chilean sequences,False,False,False,0.04229934924078091,78,1844,0.043705332600329855,159,3638,0.046693202694427435,305,6532,False,False
ARLA17/NRC2,p1059,ANDV ARLA17/NRC2,p1059,II,III,Argentinean sequences,Chilean sequences,False,True,False,0.040151926207270754,74,1843,0.045904343045629466,167,3638,0.046846295162278014,306,6532,False,False
ARLA17/NRC2,NRC-4/18,ANDV ARLA17/NRC2,ANDV NRC-4/18,II,III,Argentinean sequences,Argentinean sequences,False,True,False,0.040694519804666304,75,1843,0.044432254525507406,162,3646,0.045475424896646764,297,6531,False,False
ARLA17/NRC2,NRC-3/18,ANDV ARLA17/NRC2,ANDV NRC-3/18,II,III,Argentinean sequences,Argentinean sequences,False,True,False,0.040694519804666304,75,1843,0.04415798134942402,161,3646,0.04546846295162278,297,6532,False,False
ARLA17/NRC2,132D,ANDV ARLA17/NRC2,132D,II,III,Argentinean sequences,Chilean sequences,False,True,False,0.04076086956521739,75,1840,0.0484714954557973,176,3631,0.048107859659874366,314,6527,False,False
ARLA17/NRC2,p1239,ANDV ARLA17/NRC2,p1239,II,III,Argentinean sequences,Chilean sequences,False,True,False,0.040151926207270754,74,1843,0.04482948294829483,163,3636,0.046846295162278014,306,6532,False,False
ARLA17/NRC2,p1242,ANDV ARLA17/NRC2,p1242,II,III,Argentinean sequences,Chilean sequences,False,True,False,0.04340748779164406,80,1843,0.045904343045629466,167,3638,0.046693202694427435,305,6532,False,False
ARLA17/NRC2,p931,ANDV ARLA17/NRC2,p931,II,III,Argentinean sequences,Chilean sequences,False,True,False,0.04286489419424851,79,1843,0.045904343045629466,167,3638,0.04562155541947336,298,6532,False,False
ARLA17/NRC2,p1236,ANDV ARLA17/NRC2,p1236,II,III,Argentinean sequences,Chilean sequences,False,True,False,0.041779706999457406,77,1843,0.043705332600329855,159,3638,0.05245136186770428,337,6425,True,False
ARLA17/NRC2,cruise,ANDV ARLA17/NRC2,France-Case 9,II,III,Argentinean sequences,Cruise ship outbreak sequences,False,True,False,0.041916167664670656,77,1837,0.04562946673996701,166,3638,0.04638701775872627,303,6532,False,True
ARLA17/NRC2,cruise,ANDV ARLA17/NRC2,Spain-Case 10,II,III,Argentinean sequences,Cruise ship outbreak sequences,False,True,False,0.041961852861035424,77,1835,0.04562946673996701,166,3638,0.04638701775872627,303,6532,False,True
ARLA17/NRC2,cruise,ANDV ARLA17/NRC2,Spain-Case 12,II,III,Argentinean sequences,Cruise ship outbreak sequences,False,True,False,0.041961852861035424,77,1835,0.04562946673996701,166,3638,0.04638701775872627,303,6532,False,True
ARLA17/NRC2,Switzerland-Case 7,ANDV ARLA17/NRC2,Switzerland-Case 7,II,III,Argentinean sequences,Cruise ship outbreak sequences,False,True,False,0.041961852861035424,77,1835,0.04562946673996701,166,3638,0.04654011022657685,304,6532,False,True
ARLA17/NRC2,cruise,ANDV ARLA17/NRC2,Netherlands-Case 6,II,III,Argentinean sequences,Cruise ship outbreak sequences,False,True,False,0.04233095107201759,77,1819,0.04579310344827586,166,3625,0.04646628757108042,286,6155,False,True
ARLA17/NRC2,cruise,ANDV ARLA17/NRC2,Netherlands-Case 5,II,III,Argentinean sequences,Cruise ship outbreak sequences,False,True,False,0.04282536151279199,77,1798,0.046054479078910415,164,3561,0.0465727990097478,301,6463,False,True
ARLA17/NRC2,cruise,ANDV ARLA17/NRC2,Johannesburg-Case 2,II,III,Argentinean sequences,Cruise ship outbreak sequences,False,True,False,0.043849658314350795,77,1756,0.045932484781405644,166,3614,0.046580006190034044,301,6462,False,True
ARLA17/NRC2,cruise,ANDV ARLA17/NRC2,Johannesburg-Case 3,II,III,Argentinean sequences,Cruise ship outbreak sequences,False,True,False,0.043874643874643876,77,1755,0.045669729880256194,164,3591,0.04647239263803681,303,6520,False,True
ARLA17/NRC2,cruise,ANDV ARLA17/NRC2,Canada-Case 11_NPswab,II,III,Argentinean sequences,Cruise ship outbreak sequences,False,True,False,0.042821158690176324,68,1588,0.047604035308953345,151,3172,0.04651924651924652,284,6105,False,True
ARLA17/NRC2,cruise,ANDV ARLA17/NRC2,Canada-Case 11_blood,II,III,Argentinean sequences,Cruise ship outbreak sequences,False,True,False,0.0443938531587934,78,1757,0.04596412556053812,164,3568,0.04673328209069946,304,6505,False,True
Epilink/96,Epuyen/18-19 Patient 6,ANDV Epilink/96,ANDV Epuyen/18-19 Patient 6,II,II,Argentinean sequences,Argentinean sequences,False,False,True,0.00912506709608159,17,1863,0.008183306055646482,30,3666,0.008097784568372804,53,6545,False,False
Epilink/96,Epuyen/18-19 Patient 26,ANDV Epilink/96,ANDV Epuyen/18-19 Patient 26,II,II,Argentinean sequences,Argentinean sequences,False,False,True,0.009154550350026925,17,1857,0.008210180623973728,30,3654,0.007949854762268766,52,6541,False,False
Epilink/96,Epuyen/18-19 Patient 22,ANDV Epilink/96,ANDV Epuyen/18-19 Patient 22,II,II,Argentinean sequences,Argentinean sequences,False,False,True,0.00966702470461869,18,1862,0.00819448238186288,30,3661,0.008097784568372804,53,6545,False,False
Epilink/96,Epuyen/18-19 Patient 7,ANDV Epilink/96,ANDV Epuyen/18-19 Patient 7,II,II,Argentinean sequences,Argentinean sequences,False,False,True,0.009703504043126684,18,1855,0.008207934336525308,30,3655,0.007947424728717714,52,6543,False,False
Epilink/96,Epuyen/18-19 Patient 24,ANDV Epilink/96,ANDV Epuyen/18-19 Patient 24,II,II,Argentinean sequences,Argentinean sequences,False,False,True,0.0091991341991342,17,1848,0.008214676889375685,30,3652,0.007960808328230252,52,6532,False,False
Epilink/96,Epuyen/18-19 Patient 4,ANDV Epilink/96,ANDV Epuyen/18-19 Patient 4,II,II,Argentinean sequences,Argentinean sequences,False,False,True,0.009164420485175202,17,1855,0.008472260180377153,31,3659,0.00810149801284011,53,6542,False,False
Epilink/96,Epuyen/18-19 Patient 10,ANDV Epilink/96,ANDV Epuyen/18-19 Patient 10,II,II,Argentinean sequences,Argentinean sequences,False,False,True,0.009229098805646038,17,1842,0.008244023083264633,30,3639,0.00779423226812159,50,6415,False,False
Epilink/96,Epuyen/18-19 Patient 15,ANDV Epilink/96,ANDV Epuyen/18-19 Patient 15,II,II,Argentinean sequences,Argentinean sequences,False,False,True,0.009304871373836891,17,1827,0.008257638315441783,30,3633,0.007962027254631757,52,6531,False,False
Epilink/96,Epuyen/18-19 Patient 18,ANDV Epilink/96,ANDV Epuyen/18-19 Patient 18,II,II,Argentinean sequences,Argentinean sequences,False,False,True,0.009315068493150684,17,1825,0.008257638315441783,30,3633,0.008012326656394453,52,6490,False,False
Epilink/96,Epuyen/18-19 Patient 23,ANDV Epilink/96,ANDV Epuyen/18-19 Patient 23,II,II,Argentinean sequences,Argentinean sequences,False,False,True,0.010275824770146024,19,1849,0.008228195282501372,30,3646,0.007962027254631757,52,6531,False,False
Epilink/96,Epuyen/18-19 Patient 12,ANDV Epilink/96,ANDV Epuyen/18-19 Patient 12,II,II,Argentinean sequences,Argentinean sequences,False,False,True,0.009184224743381956,17,1851,0.007934336525307797,29,3655,0.007948639559767655,52,6542,False,False
Epilink/96,Epuyen/18-19 Patient 25,ANDV Epilink/96,ANDV Epuyen/18-19 Patient 25,II,II,Argentinean sequences,Argentinean sequences,False,False,True,0.00913978494623656,17,1860,0.008210180623973728,30,3654,0.007948639559767655,52,6542,False,False
Epilink/96,Epuyen/18-19 Patient 17,ANDV Epilink/96,ANDV Epuyen/18-19 Patient 17,II,II,Argentinean sequences,Argentinean sequences,False,False,True,0.00913978494623656,17,1860,0.008198961464881116,30,3659,0.007947424728717714,52,6543,False,False
Epilink/96,Epuyen/18-19 Patient 3,ANDV Epilink/96,ANDV Epuyen/18-19 Patient 3,II,II,Argentinean sequences,Argentinean sequences,False,False,True,0.009189189189189189,17,1850,0.008210180623973728,30,3654,0.007952286282306162,52,6539,False,False
Epilink/96,Epuyen/18-19 Patient 13,ANDV Epilink/96,ANDV Epuyen/18-19 Patient 13,II,II,Argentinean sequences,Argentinean sequences,False,False,True,0.009189189189189189,17,1850,0.008203445447087777,30,3657,0.007949854762268766,52,6541,False,False
Epilink/96,Epuyen/18-19 Patient 1,ANDV Epilink/96,ANDV Epuyen/18-19 Patient 1,II,II,Argentinean sequences,Argentinean sequences,False,False,True,0.009189189189189189,17,1850,0.008210180623973728,30,3654,0.007949854762268766,52,6541,False,False
Epilink/96,Epuyen/18-19 Patient 28,ANDV Epilink/96,ANDV Epuyen/18-19 Patient 28,II,II,Argentinean sequences,Argentinean sequences,False,False,True,0.0091991341991342,17,1848,0.008225939128050452,30,3647,0.007960808328230252,52,6532,False,False
Epilink/96,Epuyen/18-19 Patient 16,ANDV Epilink/96,ANDV Epuyen/18-19 Patient 16,II,II,Argentinean sequences,Argentinean sequences,False,False,True,0.009159482758620689,17,1856,0.008216926869350863,30,3651,0.007949854762268766,52,6541,False,False
Epilink/96,Epuyen/18-19 Patient 29,ANDV Epilink/96,ANDV Epuyen/18-19 Patient 29,II,II,Argentinean sequences,Argentinean sequences,False,False,True,0.009159482758620689,17,1856,0.008187772925764192,30,3664,0.007948639559767655,52,6542,False,False
Epilink/96,Epuyen/18-19 Patient 19,ANDV Epilink/96,ANDV Epuyen/18-19 Patient 19,II,II,Argentinean sequences,Argentinean sequences,False,False,True,0.00913978494623656,17,1860,0.008205689277899343,30,3656,0.007944996180290298,52,6545,False,False
Epilink/96,Epuyen/18-19 Patient 9,ANDV Epilink/96,ANDV Epuyen/18-19 Patient 9,II,II,Argentinean sequences,Argentinean sequences,False,False,True,0.00912506709608159,17,1863,0.00845608292416803,31,3666,0.007943782462572564,52,6546,False,False
Epilink/96,Epuyen/18-19 Patient 20,ANDV Epilink/96,ANDV Epuyen/18-19 Patient 20,II,II,Argentinean sequences,Argentinean sequences,False,False,True,0.00913978494623656,17,1860,0.008207934336525308,30,3655,0.007952286282306162,52,6539,False,False
Epilink/96,Epuyen/18-19 Patient 8,ANDV Epilink/96,ANDV Epuyen/18-19 Patient 8,II,II,Argentinean sequences,Argentinean sequences,False,False,True,0.009154550350026925,17,1857,0.008210180623973728,30,3654,0.007947424728717714,52,6543,False,False
Epilink/96,Epuyen/18-19 Patient 14,ANDV Epilink/96,ANDV Epuyen/18-19 Patient 14,II,II,Argentinean sequences,Argentinean sequences,False,False,True,0.009169363538295576,17,1854,0.008201202843083653,30,3658,0.007947424728717714,52,6543,False,False
Epilink/96,Epuyen/18-19 Patient 11,ANDV Epilink/96,ANDV Epuyen/18-19 Patient 11,II,II,Argentinean sequences,Argentinean sequences,False,False,True,0.009224091155724362,17,1843,0.00823045267489712,30,3645,0.007973014412756822,52,6522,False,False
Epilink/96,Epuyen/18-19 Patient 27,ANDV Epilink/96,ANDV Epuyen/18-19 Patient 27,II,II,Argentinean sequences,Argentinean sequences,False,False,True,0.009204114780725501,17,1847,0.008225939128050452,30,3647,0.007959589774988519,52,6533,False,False
Epilink/96,Epuyen/18-19 Patient 5,ANDV Epilink/96,ANDV Epuyen/18-19 Patient 5,II,II,Argentinean sequences,Argentinean sequences,False,False,True,0.0091991341991342,17,1848,0.00822143052891203,30,3649,0.007951070336391437,52,6540,False,False
Epilink/96,Epuyen,ANDV Epilink/96,ANDV Epuyen,II,II,Argentinean sequences,Argentinean sequences,False,False,True,0.00975609756097561,18,1845,0.008774335069920482,32,3647,0.008185328185328185,53,6475,False,False
Epilink/96,p334,ANDV Epilink/96,p334,II,I,Argentinean sequences,Chilean sequences,False,False,False,0.046211714132187,86,1861,0.06759715380405036,247,3654,0.0640281173594132,419,6544,False,False
Epilink/96,p1060,ANDV Epilink/96,p1060,II,I,Argentinean sequences,Chilean sequences,False,False,False,0.041464728056004305,77,1857,0.06593707250341997,241,3655,0.06939773769489453,454,6542,False,False
Epilink/96,p1056,ANDV Epilink/96,p1056,II,I,Argentinean sequences,Chilean sequences,False,False,False,0.04142011834319527,77,1859,0.04459644322845417,163,3655,0.04662182818709874,305,6542,False,False
Epilink/96,NRC-2/97,ANDV Epilink/96,ANDV NRC-2/97,II,I,Argentinean sequences,Argentinean sequences,False,False,False,0.04218496484586263,78,1849,0.04415798134942402,161,3646,0.04509773741726951,293,6497,False,False
Epilink/96,p115D,ANDV Epilink/96,p115D,II,I,Argentinean sequences,Chilean sequences,False,False,False,0.03759398496240601,70,1862,0.041643835616438356,152,3650,0.08463183623586923,554,6546,False,False
Epilink/96,p915,ANDV Epilink/96,p915,II,I,Argentinean sequences,Chilean sequences,False,False,False,0.037654653039268425,70,1859,0.04358552631578947,159,3648,0.08425076452599388,551,6540,False,False
Epilink/96,p201,ANDV Epilink/96,p201,II,I,Argentinean sequences,Chilean sequences,False,False,False,0.03825431034482758,71,1856,0.04271631982475356,156,3652,0.08363914373088685,547,6540,False,False
Epilink/96,p1064,ANDV Epilink/96,p1064,II,I,Argentinean sequences,Chilean sequences,False,False,False,0.039892183288409704,74,1855,0.04550438596491228,166,3648,0.043258942219504735,283,6542,False,False
Epilink/96,CHI-7913,ANDV Epilink/96,ANDV CHI-7913,II,I,Argentinean sequences,Chilean sequences,False,False,False,0.04053303720155469,73,1801,0.04065934065934066,148,3640,0.0419115372718837,271,6466,False,False
Epilink/96,p1062,ANDV Epilink/96,p1062,II,I,Argentinean sequences,Chilean sequences,False,False,False,0.03920515574650913,73,1862,0.037756497948016415,138,3655,0.04630195599022005,303,6544,False,False
Epilink/96,p1058,ANDV Epilink/96,p1058,II,I,Argentinean sequences,Chilean sequences,False,False,False,0.038131041890440386,71,1862,0.04459644322845417,163,3655,0.04585753592173647,300,6542,False,False
Epilink/96,NRC-5/18,ANDV Epilink/96,ANDV NRC-5/18,II,I,Argentinean sequences,Argentinean sequences,False,False,False,0.036677454153182305,68,1854,0.046027397260273974,168,3650,0.0465757622184771,304,6527,False,False
Epilink/96,p1241,ANDV Epilink/96,p1241,II,I,Argentinean sequences,Chilean sequences,False,False,False,0.03701716738197425,69,1864,0.045106615636960085,165,3658,0.04736440030557677,310,6545,False,False
Epilink/96,p1313,ANDV Epilink/96,p1313,II,I,Argentinean sequences,Chilean sequences,False,False,False,0.03277807630306287,61,1861,0.04571584998631262,167,3653,0.04937328034240294,323,6542,False,False
Epilink/96,p126,ANDV Epilink/96,p126,II,I,Argentinean sequences,Chilean sequences,False,False,False,0.0328133405056482,61,1859,0.047358335614563374,173,3653,0.049067563436258024,321,6542,False,False
Epilink/96,136D,ANDV Epilink/96,136D,II,I,Argentinean sequences,Chilean sequences,False,False,False,0.04123144584936778,75,1819,0.04857384919514261,172,3541,0.04923076923076923,320,6500,False,False
Epilink/96,p1052,ANDV Epilink/96,p1052,II,I,Argentinean sequences,Chilean sequences,False,False,False,0.03864734299516908,72,1863,0.04322845417236662,158,3655,0.047233261999388564,309,6542,False,False
Epilink/96,131D,ANDV Epilink/96,131D,II,I,Argentinean sequences,Chilean sequences,False,False,False,0.0411032990805841,76,1849,0.043952967525195966,157,3572,0.04828540673535291,314,6503,False,False
Epilink/96,p127,ANDV Epilink/96,p127,II,I,Argentinean sequences,Chilean sequences,False,False,False,0.039763567974207416,74,1861,0.04544210238160416,166,3653,0.04752444987775061,311,6544,False,False
Epilink/96,p1427,ANDV Epilink/96,p1427,II,I,Argentinean sequences,Chilean sequences,False,False,False,0.03655913978494624,68,1860,0.041883383520394196,153,3653,0.04521845401772075,296,6546,False,False
Epilink/96,p1430,ANDV Epilink/96,p1430,II,I,Argentinean sequences,Chilean sequences,False,False,False,0.03648068669527897,68,1864,0.04127938764352105,151,3658,0.045829514207149404,300,6546,False,False
Epilink/96,ANDV-CH-LS-2016,ANDV Epilink/96,ANDV-CH-LS-2016,II,I,Argentinean sequences,Chilean sequences,False,False,False,0.03794642857142857,68,1792,0.042429284525790346,153,3606,0.04726536124240378,280,5924,False,False
Epilink/96,ANDV-CH-LS-2022,ANDV Epilink/96,ANDV-CH-LS-2022,II,I,Argentinean sequences,Chilean sequences,False,False,False,0.03752131893121091,66,1759,0.04265264387963774,146,3423,0.04645202626942175,290,6243,False,False
Epilink/96,ARG p19,ANDV Epilink/96,ANDV ARG p19,II,III,Argentinean sequences,Argentinean sequences,False,False,False,0.04128686327077748,77,1865,0.03718895269346459,136,3657,0.04432432432432432,287,6475,False,False
Epilink/96,ARG p3,ANDV Epilink/96,ANDV ARG p3,II,III,Argentinean sequences,Argentinean sequences,False,False,False,0.04097035040431267,76,1855,0.03696604600219058,135,3652,0.043704156479217604,286,6544,False,False
Epilink/96,ARG-M.a.,ANDV Epilink/96,ANDV ARG-M.a.,II,III,Argentinean sequences,Argentinean sequences,False,False,False,0.04137560451370231,77,1861,0.036986301369863014,135,3650,0.04441349427421851,287,6462,False,False
Epilink/96,ARG p9,ANDV Epilink/96,ANDV ARG p9,II,III,Argentinean sequences,Argentinean sequences,False,False,False,0.04130901287553648,77,1864,0.03691550451189499,135,3657,0.04416988416988417,286,6475,False,False
Epilink/96,p1316,ANDV Epilink/96,p1316,II,III,Argentinean sequences,Chilean sequences,False,False,False,0.03920515574650913,73,1862,0.038850889192886456,142,3655,0.04341843754777557,284,6541,False,False
Epilink/96,CHI-Hu13724 P2,ANDV Epilink/96,ANDV CHI-Hu13724 P2,II,III,Argentinean sequences,Chilean sequences,False,False,False,0.04090419806243272,76,1858,0.04049247606019152,148,3655,0.04585753592173647,300,6542,False,False
Epilink/96,p136,ANDV Epilink/96,p136,II,III,Argentinean sequences,Chilean sequences,False,False,False,0.040257648953301126,75,1863,0.0405146454968519,148,3653,0.04584352078239609,300,6544,False,False
Epilink/96,p137,ANDV Epilink/96,p137,II,III,Argentinean sequences,Chilean sequences,False,False,False,0.04040948275862069,75,1856,0.040525739320920046,148,3652,0.045864546705396726,300,6541,False,False
Epilink/96,CHI-Hu13724 P1,ANDV Epilink/96,ANDV CHI-Hu13724 P1,II,III,Argentinean sequences,Chilean sequences,False,False,False,0.040279269602577876,75,1862,0.0405146454968519,148,3653,0.045829514207149404,300,6546,False,False
Epilink/96,p1059,ANDV Epilink/96,p1059,II,III,Argentinean sequences,Chilean sequences,False,True,False,0.0381105743424584,71,1863,0.04325212154393649,158,3653,0.04539896056251911,297,6542,False,False
Epilink/96,NRC-4/18,ANDV Epilink/96,ANDV NRC-4/18,II,III,Argentinean sequences,Argentinean sequences,False,True,False,0.038751345532831,72,1858,0.04155276107162384,152,3658,0.04371083600794742,286,6543,False,False
Epilink/96,NRC-3/18,ANDV Epilink/96,ANDV NRC-3/18,II,III,Argentinean sequences,Argentinean sequences,False,True,False,0.038855909336211546,72,1853,0.04131326949384405,151,3655,0.0437308868501529,286,6540,False,False
Epilink/96,132D,ANDV Epilink/96,132D,II,III,Argentinean sequences,Chilean sequences,False,True,False,0.03783783783783784,70,1850,0.04595487066593286,167,3634,0.0460667278849097,301,6534,False,False
Epilink/96,p1239,ANDV Epilink/96,p1239,II,III,Argentinean sequences,Chilean sequences,False,True,False,0.03707684040838259,69,1861,0.042214912280701754,154,3648,0.04510703363914373,295,6540,False,False
Epilink/96,p1242,ANDV Epilink/96,p1242,II,III,Argentinean sequences,Chilean sequences,False,True,False,0.04034427111350188,75,1859,0.04328767123287671,158,3650,0.04464149212658615,292,6541,False,False
Epilink/96,p931,ANDV Epilink/96,p931,II,III,Argentinean sequences,Chilean sequences,False,True,False,0.03969957081545064,74,1864,0.04328767123287671,158,3650,0.04357798165137615,285,6540,False,False
Epilink/96,p1236,ANDV Epilink/96,p1236,II,III,Argentinean sequences,Chilean sequences,False,True,False,0.038730500268961805,72,1859,0.0416210295728368,152,3652,0.05073929961089494,326,6425,True,False
Epilink/96,cruise,ANDV Epilink/96,France-Case 9,II,III,Argentinean sequences,Cruise ship outbreak sequences,False,True,False,0.038855909336211546,72,1853,0.04356164383561644,159,3650,0.04523227383863081,296,6544,False,True
Epilink/96,cruise,ANDV Epilink/96,Spain-Case 10,II,III,Argentinean sequences,Cruise ship outbreak sequences,False,True,False,0.03898213318895506,72,1847,0.043573581803233764,159,3649,0.04526686037620431,296,6539,False,True
Epilink/96,cruise,ANDV Epilink/96,Spain-Case 12,II,III,Argentinean sequences,Cruise ship outbreak sequences,False,True,False,0.03898213318895506,72,1847,0.043573581803233764,159,3649,0.04526686037620431,296,6539,False,True
Epilink/96,Switzerland-Case 7,ANDV Epilink/96,Switzerland-Case 7,II,III,Argentinean sequences,Cruise ship outbreak sequences,False,True,False,0.03898213318895506,72,1847,0.043573581803233764,159,3649,0.04537121906507791,297,6546,False,True
Epilink/96,cruise,ANDV Epilink/96,Netherlands-Case 6,II,III,Argentinean sequences,Cruise ship outbreak sequences,False,True,False,0.03951701427003293,72,1822,0.04386206896551724,159,3625,0.044982137057486195,277,6158,False,True
Epilink/96,cruise,ANDV Epilink/96,Netherlands-Case 5,II,III,Argentinean sequences,Cruise ship outbreak sequences,False,True,False,0.03997779011660189,72,1801,0.04436955911260882,158,3561,0.04544049459041731,294,6470,False,True
Epilink/96,cruise,ANDV Epilink/96,Johannesburg-Case 2,II,III,Argentinean sequences,Cruise ship outbreak sequences,False,True,False,0.04093234792495736,72,1759,0.043995572772551186,159,3614,0.04579916447470215,296,6463,False,True
Epilink/96,cruise,ANDV Epilink/96,Johannesburg-Case 3,II,III,Argentinean sequences,Cruise ship outbreak sequences,False,True,False,0.040955631399317405,72,1758,0.04399888610414926,158,3591,0.04538485127261576,296,6522,False,True
Epilink/96,cruise,ANDV Epilink/96,Canada-Case 11_NPswab,II,III,Argentinean sequences,Cruise ship outbreak sequences,False,True,False,0.04022627278441232,64,1591,0.045081967213114756,143,3172,0.045536445536445536,278,6105,False,True
Epilink/96,cruise,ANDV Epilink/96,Canada-Case 11_blood,II,III,Argentinean sequences,Cruise ship outbreak sequences,False,True,False,0.04147727272727273,73,1760,0.044282511210762335,158,3568,0.04565718677940046,297,6505,False,True
Epuyen/18-19 Patient 6,Epuyen/18-19 Patient 26,ANDV Epuyen/18-19 Patient 6,ANDV Epuyen/18-19 Patient 26,II,II,Argentinean sequences,Argentinean sequences,False,False,True,0.0,0,1858,0.0,0,3654,0.00015288182235132243,1,6541,False,False
Epuyen/18-19 Patient 6,Epuyen/18-19 Patient 22,ANDV Epuyen/18-19 Patient 6,ANDV Epuyen/18-19 Patient 22,II,II,Argentinean sequences,Argentinean sequences,False,False,True,0.0005367686527106817,1,1863,0.0,0,3661,0.0003056234718826406,2,6544,False,False
Epuyen/18-19 Patient 6,Epuyen/18-19 Patient 7,ANDV Epuyen/18-19 Patient 6,ANDV Epuyen/18-19 Patient 7,II,II,Argentinean sequences,Argentinean sequences,False,False,True,0.0005387931034482759,1,1856,0.0,0,3655,0.0001528350909368791,1,6543,False,False
Epuyen/18-19 Patient 6,Epuyen/18-19 Patient 24,ANDV Epuyen/18-19 Patient 6,ANDV Epuyen/18-19 Patient 24,II,II,Argentinean sequences,Argentinean sequences,False,False,True,0.0,0,1849,0.0,0,3652,0.00015309246785058175,1,6532,False,False
Epuyen/18-19 Patient 6,Epuyen/18-19 Patient 4,ANDV Epuyen/18-19 Patient 6,ANDV Epuyen/18-19 Patient 4,II,II,Argentinean sequences,Argentinean sequences,False,False,True,0.0,0,1856,0.00027329871549603714,1,3659,0.0003057169061449098,2,6542,False,False
Epuyen/18-19 Patient 6,Epuyen/18-19 Patient 10,ANDV Epuyen/18-19 Patient 6,ANDV Epuyen/18-19 Patient 10,II,II,Argentinean sequences,Argentinean sequences,False,False,True,0.0,0,1843,0.0,0,3639,0.0001558846453624318,1,6415,False,False
Epuyen/18-19 Patient 6,Epuyen/18-19 Patient 15,ANDV Epuyen/18-19 Patient 6,ANDV Epuyen/18-19 Patient 15,II,II,Argentinean sequences,Argentinean sequences,False,False,True,0.0,0,1828,0.0,0,3633,0.0001531159087429184,1,6531,False,False
Epuyen/18-19 Patient 6,Epuyen/18-19 Patient 18,ANDV Epuyen/18-19 Patient 6,ANDV Epuyen/18-19 Patient 18,II,II,Argentinean sequences,Argentinean sequences,False,False,True,0.0,0,1826,0.0,0,3633,0.00015408320493066256,1,6490,False,False
Epuyen/18-19 Patient 6,Epuyen/18-19 Patient 23,ANDV Epuyen/18-19 Patient 6,ANDV Epuyen/18-19 Patient 23,II,II,Argentinean sequences,Argentinean sequences,False,False,True,0.001081081081081081,2,1850,0.0,0,3646,0.0001531159087429184,1,6531,False,False
Epuyen/18-19 Patient 6,Epuyen/18-19 Patient 12,ANDV Epuyen/18-19 Patient 6,ANDV Epuyen/18-19 Patient 12,II,II,Argentinean sequences,Argentinean sequences,False,False,True,0.0,0,1852,0.00027359781121751026,1,3655,0.0001528584530724549,1,6542,False,False
Epuyen/18-19 Patient 6,Epuyen/18-19 Patient 25,ANDV Epuyen/18-19 Patient 6,ANDV Epuyen/18-19 Patient 25,II,II,Argentinean sequences,Argentinean sequences,False,False,True,0.0,0,1859,0.0,0,3654,0.0001528584530724549,1,6542,False,False
Epuyen/18-19 Patient 6,Epuyen/18-19 Patient 17,ANDV Epuyen/18-19 Patient 6,ANDV Epuyen/18-19 Patient 17,II,II,Argentinean sequences,Argentinean sequences,False,False,True,0.0,0,1859,0.0,0,3659,0.0001528350909368791,1,6543,False,False
Epuyen/18-19 Patient 6,Epuyen/18-19 Patient 3,ANDV Epuyen/18-19 Patient 6,ANDV Epuyen/18-19 Patient 3,II,II,Argentinean sequences,Argentinean sequences,False,False,True,0.0,0,1851,0.0,0,3654,0.0001529285823520416,1,6539,False,False
Epuyen/18-19 Patient 6,Epuyen/18-19 Patient 13,ANDV Epuyen/18-19 Patient 6,ANDV Epuyen/18-19 Patient 13,II,II,Argentinean sequences,Argentinean sequences,False,False,True,0.0,0,1851,0.0,0,3657,0.00015288182235132243,1,6541,False,False
Epuyen/18-19 Patient 6,Epuyen/18-19 Patient 1,ANDV Epuyen/18-19 Patient 6,ANDV Epuyen/18-19 Patient 1,II,II,Argentinean sequences,Argentinean sequences,False,False,True,0.0,0,1851,0.0,0,3654,0.00015288182235132243,1,6541,False,False
Epuyen/18-19 Patient 6,Epuyen/18-19 Patient 28,ANDV Epuyen/18-19 Patient 6,ANDV Epuyen/18-19 Patient 28,II,II,Argentinean sequences,Argentinean sequences,False,False,True,0.0,0,1849,0.0,0,3647,0.00015309246785058175,1,6532,False,False
Epuyen/18-19 Patient 6,Epuyen/18-19 Patient 16,ANDV Epuyen/18-19 Patient 6,ANDV Epuyen/18-19 Patient 16,II,II,Argentinean sequences,Argentinean sequences,False,False,True,0.0,0,1855,0.0,0,3651,0.00015288182235132243,1,6541,False,False
Epuyen/18-19 Patient 6,Epuyen/18-19 Patient 29,ANDV Epuyen/18-19 Patient 6,ANDV Epuyen/18-19 Patient 29,II,II,Argentinean sequences,Argentinean sequences,False,False,True,0.0,0,1855,0.0,0,3665,0.0001528584530724549,1,6542,False,False
Epuyen/18-19 Patient 6,Epuyen/18-19 Patient 19,ANDV Epuyen/18-19 Patient 6,ANDV Epuyen/18-19 Patient 19,II,II,Argentinean sequences,Argentinean sequences,False,False,True,0.0,0,1859,0.0,0,3656,0.00015276504735716468,1,6546,False,False
Epuyen/18-19 Patient 6,Epuyen/18-19 Patient 9,ANDV Epuyen/18-19 Patient 6,ANDV Epuyen/18-19 Patient 9,II,II,Argentinean sequences,Argentinean sequences,False,False,True,0.0,0,1862,0.0005451076587626056,2,3669,0.00015278838808250572,1,6545,False,False
Epuyen/18-19 Patient 6,Epuyen/18-19 Patient 20,ANDV Epuyen/18-19 Patient 6,ANDV Epuyen/18-19 Patient 20,II,II,Argentinean sequences,Argentinean sequences,False,False,True,0.0,0,1859,0.0,0,3655,0.0001529285823520416,1,6539,False,False
Epuyen/18-19 Patient 6,Epuyen/18-19 Patient 8,ANDV Epuyen/18-19 Patient 6,ANDV Epuyen/18-19 Patient 8,II,II,Argentinean sequences,Argentinean sequences,False,False,True,0.0,0,1858,0.0,0,3654,0.0001528350909368791,1,6543,False,False
Epuyen/18-19 Patient 6,Epuyen/18-19 Patient 14,ANDV Epuyen/18-19 Patient 6,ANDV Epuyen/18-19 Patient 14,II,II,Argentinean sequences,Argentinean sequences,False,False,True,0.0,0,1855,0.0,0,3658,0.0001528350909368791,1,6543,False,False
Epuyen/18-19 Patient 6,Epuyen/18-19 Patient 11,ANDV Epuyen/18-19 Patient 6,ANDV Epuyen/18-19 Patient 11,II,II,Argentinean sequences,Argentinean sequences,False,False,True,0.0,0,1844,0.0,0,3645,0.00015332720024532353,1,6522,False,False
Epuyen/18-19 Patient 6,Epuyen/18-19 Patient 27,ANDV Epuyen/18-19 Patient 6,ANDV Epuyen/18-19 Patient 27,II,II,Argentinean sequences,Argentinean sequences,False,False,True,0.0,0,1848,0.0,0,3647,0.00015306903413439462,1,6533,False,False
Epuyen/18-19 Patient 6,Epuyen/18-19 Patient 5,ANDV Epuyen/18-19 Patient 6,ANDV Epuyen/18-19 Patient 5,II,II,Argentinean sequences,Argentinean sequences,False,False,True,0.0,0,1849,0.0,0,3649,0.0001529051987767584,1,6540,False,False
Epuyen/18-19 Patient 6,Epuyen,ANDV Epuyen/18-19 Patient 6,ANDV Epuyen,II,II,Argentinean sequences,Argentinean sequences,False,False,True,0.0010822510822510823,2,1848,0.0005483959418700301,2,3647,0.00030892801977139327,2,6474,False,False
Epuyen/18-19 Patient 6,p334,ANDV Epuyen/18-19 Patient 6,p334,II,I,Argentinean sequences,Chilean sequences,False,False,False,0.04779806659505908,89,1862,0.06867305061559507,251,3655,0.06554621848739496,429,6545,False,False
Epuyen/18-19 Patient 6,p1060,ANDV Epuyen/18-19 Patient 6,p1060,II,I,Argentinean sequences,Chilean sequences,False,False,False,0.042518837459634015,79,1858,0.06591903719912473,241,3656,0.0709154821947119,464,6543,False,False
Epuyen/18-19 Patient 6,p1056,ANDV Epuyen/18-19 Patient 6,p1056,II,I,Argentinean sequences,Chilean sequences,False,False,False,0.043010752688172046,80,1860,0.04567833698030634,167,3656,0.04707320800855876,308,6543,False,False
Epuyen/18-19 Patient 6,NRC-2/97,ANDV Epuyen/18-19 Patient 6,ANDV NRC-2/97,II,I,Argentinean sequences,Argentinean sequences,False,False,False,0.04162162162162162,77,1850,0.04470652770159078,163,3646,0.04632907495767277,301,6497,False,False
Epuyen/18-19 Patient 6,p115D,ANDV Epuyen/18-19 Patient 6,p115D,II,I,Argentinean sequences,Chilean sequences,False,False,False,0.03707684040838259,69,1861,0.043823609969871266,160,3651,0.08509013137794073,557,6546,False,False
Epuyen/18-19 Patient 6,p915,ANDV Epuyen/18-19 Patient 6,p915,II,I,Argentinean sequences,Chilean sequences,False,False,False,0.03823371028540657,71,1857,0.04521786790901617,165,3649,0.08500229322733527,556,6541,False,False
Epuyen/18-19 Patient 6,p201,ANDV Epuyen/18-19 Patient 6,p201,II,I,Argentinean sequences,Chilean sequences,False,False,False,0.03769520732364028,70,1857,0.04434711196277032,162,3653,0.08469652958263263,554,6541,False,False
Epuyen/18-19 Patient 6,p1064,ANDV Epuyen/18-19 Patient 6,p1064,II,I,Argentinean sequences,Chilean sequences,False,False,False,0.03933189655172414,73,1856,0.04768429706768978,174,3649,0.04401650618982118,288,6543,False,False
Epuyen/18-19 Patient 6,CHI-7913,ANDV Epuyen/18-19 Patient 6,ANDV CHI-7913,II,I,Argentinean sequences,Chilean sequences,False,False,False,0.03995560488346282,72,1802,0.04229607250755287,154,3641,0.04283946798639035,277,6466,False,False
Epuyen/18-19 Patient 6,p1062,ANDV Epuyen/18-19 Patient 6,p1062,II,I,Argentinean sequences,Chilean sequences,False,False,False,0.03866809881847476,72,1862,0.03774617067833698,138,3656,0.047058823529411764,308,6545,False,False
Epuyen/18-19 Patient 6,p1058,ANDV Epuyen/18-19 Patient 6,p1058,II,I,Argentinean sequences,Chilean sequences,False,False,False,0.037614185921547555,70,1861,0.04567833698030634,167,3656,0.04630903255387437,303,6543,False,False
Epuyen/18-19 Patient 6,NRC-5/18,ANDV Epuyen/18-19 Patient 6,ANDV NRC-5/18,II,I,Argentinean sequences,Argentinean sequences,False,False,False,0.0372369131138694,69,1853,0.047123287671232875,172,3650,0.04749502068331546,310,6527,False,False
Epuyen/18-19 Patient 6,p1241,ANDV Epuyen/18-19 Patient 6,p1241,II,I,Argentinean sequences,Chilean sequences,False,False,False,0.03753351206434316,70,1865,0.045640885487838206,167,3659,0.048586707410236823,318,6545,False,False
Epuyen/18-19 Patient 6,p1313,ANDV Epuyen/18-19 Patient 6,p1313,II,I,Argentinean sequences,Chilean sequences,False,False,False,0.03329752953813104,62,1862,0.0451559934318555,165,3654,0.05058841510010698,331,6543,False,False
Epuyen/18-19 Patient 6,p126,ANDV Epuyen/18-19 Patient 6,p126,II,I,Argentinean sequences,Chilean sequences,False,False,False,0.03333333333333333,62,1860,0.046798029556650245,171,3654,0.04997707473635947,327,6543,False,False
Epuyen/18-19 Patient 6,136D,ANDV Epuyen/18-19 Patient 6,136D,II,I,Argentinean sequences,Chilean sequences,False,False,False,0.04065934065934066,74,1820,0.04857384919514261,172,3541,0.048769230769230766,317,6500,False,False
Epuyen/18-19 Patient 6,p1052,ANDV Epuyen/18-19 Patient 6,p1052,II,I,Argentinean sequences,Chilean sequences,False,False,False,0.038131041890440386,71,1862,0.04321663019693654,158,3656,0.047990218554180036,314,6543,False,False
Epuyen/18-19 Patient 6,131D,ANDV Epuyen/18-19 Patient 6,131D,II,I,Argentinean sequences,Chilean sequences,False,False,False,0.04054054054054054,75,1850,0.043952967525195966,157,3572,0.0490542826387821,319,6503,False,False
Epuyen/18-19 Patient 6,p127,ANDV Epuyen/18-19 Patient 6,p127,II,I,Argentinean sequences,Chilean sequences,False,False,False,0.03920515574650913,73,1862,0.04488232074438971,164,3654,0.048586707410236823,318,6545,False,False
Epuyen/18-19 Patient 6,p1427,ANDV Epuyen/18-19 Patient 6,p1427,II,I,Argentinean sequences,Chilean sequences,False,False,False,0.037037037037037035,69,1863,0.04187192118226601,153,3654,0.04598227925450657,301,6546,False,False
Epuyen/18-19 Patient 6,p1430,ANDV Epuyen/18-19 Patient 6,p1430,II,I,Argentinean sequences,Chilean sequences,False,False,False,0.036997319034852545,69,1865,0.041268106039901616,151,3659,0.046593339443935226,305,6546,False,False
Epuyen/18-19 Patient 6,ANDV-CH-LS-2016,ANDV Epuyen/18-19 Patient 6,ANDV-CH-LS-2016,II,I,Argentinean sequences,Chilean sequences,False,False,False,0.0384829894032348,69,1793,0.042429284525790346,153,3606,0.047434166103983794,281,5924,False,False
Epuyen/18-19 Patient 6,ANDV-CH-LS-2022,ANDV Epuyen/18-19 Patient 6,ANDV-CH-LS-2022,II,I,Argentinean sequences,Chilean sequences,False,False,False,0.03806818181818182,67,1760,0.04265264387963774,146,3423,0.04693256447220887,293,6243,False,False
Epuyen/18-19 Patient 6,ARG p19,ANDV Epuyen/18-19 Patient 6,ANDV ARG p19,II,III,Argentinean sequences,Argentinean sequences,False,False,False,0.04072883172561629,76,1866,0.038819026790595956,142,3658,0.04540540540540541,294,6475,False,False
Epuyen/18-19 Patient 6,ARG p3,ANDV Epuyen/18-19 Patient 6,ANDV ARG p3,II,III,Argentinean sequences,Argentinean sequences,False,False,False,0.040453074433656956,75,1854,0.038608981380065716,141,3652,0.04478068164450558,293,6543,False,False
Epuyen/18-19 Patient 6,ARG-M.a.,ANDV Epuyen/18-19 Patient 6,ANDV ARG-M.a.,II,III,Argentinean sequences,Argentinean sequences,False,False,False,0.04086021505376344,76,1860,0.038619556285949055,141,3651,0.04549675023212628,294,6462,False,False
Epuyen/18-19 Patient 6,ARG p9,ANDV Epuyen/18-19 Patient 6,ANDV ARG p9,II,III,Argentinean sequences,Argentinean sequences,False,False,False,0.04079441760601181,76,1863,0.03854565336249317,141,3658,0.04525096525096525,293,6475,False,False
Epuyen/18-19 Patient 6,p1316,ANDV Epuyen/18-19 Patient 6,p1316,II,III,Argentinean sequences,Chilean sequences,False,False,False,0.03864734299516908,72,1863,0.04048140043763676,148,3656,0.044481809844084376,291,6542,False,False
Epuyen/18-19 Patient 6,CHI-Hu13724 P2,ANDV Epuyen/18-19 Patient 6,ANDV CHI-Hu13724 P2,II,III,Argentinean sequences,Chilean sequences,False,False,False,0.04034427111350188,75,1859,0.04212253829321663,154,3656,0.04661470273574813,305,6543,False,False
Epuyen/18-19 Patient 6,p136,ANDV Epuyen/18-19 Patient 6,p136,II,III,Argentinean sequences,Chilean sequences,False,False,False,0.03965702036441586,74,1866,0.0421455938697318,154,3654,0.04660045836516425,305,6545,False,False
Epuyen/18-19 Patient 6,p137,ANDV Epuyen/18-19 Patient 6,p137,II,III,Argentinean sequences,Chilean sequences,False,False,False,0.03984921917070544,74,1857,0.04215713112510266,154,3653,0.04662182818709874,305,6542,False,False
Epuyen/18-19 Patient 6,CHI-Hu13724 P1,ANDV Epuyen/18-19 Patient 6,ANDV CHI-Hu13724 P1,II,III,Argentinean sequences,Chilean sequences,False,False,False,0.039763567974207416,74,1861,0.0421455938697318,154,3654,0.046593339443935226,305,6546,False,False
Epuyen/18-19 Patient 6,p1059,ANDV Epuyen/18-19 Patient 6,p1059,II,III,Argentinean sequences,Chilean sequences,False,True,False,0.0397422126745435,74,1862,0.044061302681992334,161,3654,0.04615619746293749,302,6543,False,False
Epuyen/18-19 Patient 6,NRC-4/18,ANDV Epuyen/18-19 Patient 6,ANDV NRC-4/18,II,III,Argentinean sequences,Argentinean sequences,False,True,False,0.04034427111350188,75,1859,0.04291962821213778,157,3658,0.04477383863080685,293,6544,False,False
Epuyen/18-19 Patient 6,NRC-3/18,ANDV Epuyen/18-19 Patient 6,ANDV NRC-3/18,II,III,Argentinean sequences,Argentinean sequences,False,True,False,0.04049676025917927,75,1852,0.0426812585499316,156,3655,0.044801223241590214,293,6540,False,False
Epuyen/18-19 Patient 6,132D,ANDV Epuyen/18-19 Patient 6,132D,II,III,Argentinean sequences,Chilean sequences,False,True,False,0.03891891891891892,72,1850,0.04678040726472207,170,3634,0.04713083397092578,308,6535,False,False
Epuyen/18-19 Patient 6,p1239,ANDV Epuyen/18-19 Patient 6,p1239,II,III,Argentinean sequences,Chilean sequences,False,True,False,0.038172043010752686,71,1860,0.043025486434639625,157,3649,0.04647607399480202,304,6541,False,False
Epuyen/18-19 Patient 6,p1242,ANDV Epuyen/18-19 Patient 6,p1242,II,III,Argentinean sequences,Chilean sequences,False,True,False,0.041442411194833155,77,1858,0.044097507532182965,161,3651,0.04631611128095384,303,6542,False,False
Epuyen/18-19 Patient 6,p931,ANDV Epuyen/18-19 Patient 6,p931,II,III,Argentinean sequences,Chilean sequences,False,True,False,0.04075067024128686,76,1865,0.044097507532182965,161,3651,0.04525301941599144,296,6541,False,False
Epuyen/18-19 Patient 6,p1236,ANDV Epuyen/18-19 Patient 6,p1236,II,III,Argentinean sequences,Chilean sequences,False,True,False,0.039289558665231435,73,1858,0.04243087872981111,155,3653,0.05089494163424124,327,6425,True,False
Epuyen/18-19 Patient 6,cruise,ANDV Epuyen/18-19 Patient 6,France-Case 9,II,III,Argentinean sequences,Cruise ship outbreak sequences,False,True,False,0.03939557474365893,73,1853,0.04438356164383562,162,3650,0.0453781512605042,297,6545,False,True
Epuyen/18-19 Patient 6,cruise,ANDV Epuyen/18-19 Patient 6,Spain-Case 10,II,III,Argentinean sequences,Cruise ship outbreak sequences,False,True,False,0.03952355170546833,73,1847,0.04439572485612497,162,3649,0.045419788958556355,297,6539,False,True
Epuyen/18-19 Patient 6,cruise,ANDV Epuyen/18-19 Patient 6,Spain-Case 12,II,III,Argentinean sequences,Cruise ship outbreak sequences,False,True,False,0.03952355170546833,73,1847,0.04439572485612497,162,3649,0.045419788958556355,297,6539,False,True
Epuyen/18-19 Patient 6,Switzerland-Case 7,ANDV Epuyen/18-19 Patient 6,Switzerland-Case 7,II,III,Argentinean sequences,Cruise ship outbreak sequences,False,True,False,0.03952355170546833,73,1847,0.04439572485612497,162,3649,0.04552398411243507,298,6546,False,True
Epuyen/18-19 Patient 6,cruise,ANDV Epuyen/18-19 Patient 6,Netherlands-Case 6,II,III,Argentinean sequences,Cruise ship outbreak sequences,False,True,False,0.04006586169045005,73,1822,0.04468965517241379,162,3625,0.044982137057486195,277,6158,False,True
Epuyen/18-19 Patient 6,cruise,ANDV Epuyen/18-19 Patient 6,Netherlands-Case 5,II,III,Argentinean sequences,Cruise ship outbreak sequences,False,True,False,0.04053303720155469,73,1801,0.045212019095759615,161,3561,0.04559505409582689,295,6470,False,True
Epuyen/18-19 Patient 6,cruise,ANDV Epuyen/18-19 Patient 6,Johannesburg-Case 2,II,III,Argentinean sequences,Cruise ship outbreak sequences,False,True,False,0.041500852757248435,73,1759,0.0448256779192031,162,3614,0.04595389138171128,297,6463,False,True
Epuyen/18-19 Patient 6,cruise,ANDV Epuyen/18-19 Patient 6,Johannesburg-Case 3,II,III,Argentinean sequences,Cruise ship outbreak sequences,False,True,False,0.04152445961319681,73,1758,0.04483430799220273,161,3591,0.04553817847286108,297,6522,False,True
Epuyen/18-19 Patient 6,cruise,ANDV Epuyen/18-19 Patient 6,Canada-Case 11_NPswab,II,III,Argentinean sequences,Cruise ship outbreak sequences,False,True,False,0.039597737272155875,63,1591,0.04665825977301387,148,3172,0.0457002457002457,279,6105,False,True
Epuyen/18-19 Patient 6,cruise,ANDV Epuyen/18-19 Patient 6,Canada-Case 11_blood,II,III,Argentinean sequences,Cruise ship outbreak sequences,False,True,False,0.042045454545454546,74,1760,0.04512331838565022,161,3568,0.04581091468101461,298,6505,False,True
Epuyen/18-19 Patient 26,Epuyen/18-19 Patient 22,ANDV Epuyen/18-19 Patient 26,ANDV Epuyen/18-19 Patient 22,II,II,Argentinean sequences,Argentinean sequences,False,False,True,0.0005382131324004305,1,1858,0.0,0,3654,0.00015288182235132243,1,6541,False,False
Epuyen/18-19 Patient 26,Epuyen/18-19 Patient 7,ANDV Epuyen/18-19 Patient 26,ANDV Epuyen/18-19 Patient 7,II,II,Argentinean sequences,Argentinean sequences,False,False,True,0.0005387931034482759,1,1856,0.0,0,3654,0.0,0,6541,False,False
Epuyen/18-19 Patient 26,Epuyen/18-19 Patient 24,ANDV Epuyen/18-19 Patient 26,ANDV Epuyen/18-19 Patient 24,II,II,Argentinean sequences,Argentinean sequences,False,False,True,0.0,0,1848,0.0,0,3651,0.0,0,6532,False,False
Epuyen/18-19 Patient 26,Epuyen/18-19 Patient 4,ANDV Epuyen/18-19 Patient 26,ANDV Epuyen/18-19 Patient 4,II,II,Argentinean sequences,Argentinean sequences,False,False,True,0.0,0,1856,0.0002736726874657909,1,3654,0.00015288182235132243,1,6541,False,False
Epuyen/18-19 Patient 26,Epuyen/18-19 Patient 10,ANDV Epuyen/18-19 Patient 26,ANDV Epuyen/18-19 Patient 10,II,II,Argentinean sequences,Argentinean sequences,False,False,True,0.0,0,1843,0.0,0,3639,0.0,0,6415,False,False
Epuyen/18-19 Patient 26,Epuyen/18-19 Patient 15,ANDV Epuyen/18-19 Patient 26,ANDV Epuyen/18-19 Patient 15,II,II,Argentinean sequences,Argentinean sequences,False,False,True,0.0,0,1828,0.0,0,3633,0.0,0,6531,False,False
Epuyen/18-19 Patient 26,Epuyen/18-19 Patient 18,ANDV Epuyen/18-19 Patient 26,ANDV Epuyen/18-19 Patient 18,II,II,Argentinean sequences,Argentinean sequences,False,False,True,0.0,0,1826,0.0,0,3633,0.0,0,6490,False,False
Epuyen/18-19 Patient 26,Epuyen/18-19 Patient 23,ANDV Epuyen/18-19 Patient 26,ANDV Epuyen/18-19 Patient 23,II,II,Argentinean sequences,Argentinean sequences,False,False,True,0.001081081081081081,2,1850,0.0,0,3646,0.0,0,6531,False,False
Epuyen/18-19 Patient 26,Epuyen/18-19 Patient 12,ANDV Epuyen/18-19 Patient 26,ANDV Epuyen/18-19 Patient 12,II,II,Argentinean sequences,Argentinean sequences,False,False,True,0.0,0,1852,0.0002736726874657909,1,3654,0.0,0,6541,False,False
Epuyen/18-19 Patient 26,Epuyen/18-19 Patient 25,ANDV Epuyen/18-19 Patient 26,ANDV Epuyen/18-19 Patient 25,II,II,Argentinean sequences,Argentinean sequences,False,False,True,0.0,0,1857,0.0,0,3653,0.0,0,6541,False,False
Epuyen/18-19 Patient 26,Epuyen/18-19 Patient 17,ANDV Epuyen/18-19 Patient 26,ANDV Epuyen/18-19 Patient 17,II,II,Argentinean sequences,Argentinean sequences,False,False,True,0.0,0,1857,0.0,0,3654,0.0,0,6541,False,False
Epuyen/18-19 Patient 26,Epuyen/18-19 Patient 3,ANDV Epuyen/18-19 Patient 26,ANDV Epuyen/18-19 Patient 3,II,II,Argentinean sequences,Argentinean sequences,False,False,True,0.0,0,1851,0.0,0,3653,0.0,0,6539,False,False
Epuyen/18-19 Patient 26,Epuyen/18-19 Patient 13,ANDV Epuyen/18-19 Patient 26,ANDV Epuyen/18-19 Patient 13,II,II,Argentinean sequences,Argentinean sequences,False,False,True,0.0,0,1851,0.0,0,3654,0.0,0,6541,False,False
Epuyen/18-19 Patient 26,Epuyen/18-19 Patient 1,ANDV Epuyen/18-19 Patient 26,ANDV Epuyen/18-19 Patient 1,II,II,Argentinean sequences,Argentinean sequences,False,False,True,0.0,0,1851,0.0,0,3654,0.0,0,6541,False,False
Epuyen/18-19 Patient 26,Epuyen/18-19 Patient 28,ANDV Epuyen/18-19 Patient 26,ANDV Epuyen/18-19 Patient 28,II,II,Argentinean sequences,Argentinean sequences,False,False,True,0.0,0,1849,0.0,0,3647,0.0,0,6532,False,False
Epuyen/18-19 Patient 26,Epuyen/18-19 Patient 16,ANDV Epuyen/18-19 Patient 26,ANDV Epuyen/18-19 Patient 16,II,II,Argentinean sequences,Argentinean sequences,False,False,True,0.0,0,1853,0.0,0,3649,0.0,0,6541,False,False
Epuyen/18-19 Patient 26,Epuyen/18-19 Patient 29,ANDV Epuyen/18-19 Patient 26,ANDV Epuyen/18-19 Patient 29,II,II,Argentinean sequences,Argentinean sequences,False,False,True,0.0,0,1853,0.0,0,3654,0.0,0,6541,False,False
Epuyen/18-19 Patient 26,Epuyen/18-19 Patient 19,ANDV Epuyen/18-19 Patient 26,ANDV Epuyen/18-19 Patient 19,II,II,Argentinean sequences,Argentinean sequences,False,False,True,0.0,0,1857,0.0,0,3654,0.0,0,6541,False,False
Epuyen/18-19 Patient 26,Epuyen/18-19 Patient 9,ANDV Epuyen/18-19 Patient 26,ANDV Epuyen/18-19 Patient 9,II,II,Argentinean sequences,Argentinean sequences,False,False,True,0.0,0,1858,0.0,0,3654,0.0,0,6541,False,False
Epuyen/18-19 Patient 26,Epuyen/18-19 Patient 20,ANDV Epuyen/18-19 Patient 26,ANDV Epuyen/18-19 Patient 20,II,II,Argentinean sequences,Argentinean sequences,False,False,True,0.0,0,1857,0.0,0,3653,0.0,0,6538,False,False
Epuyen/18-19 Patient 26,Epuyen/18-19 Patient 8,ANDV Epuyen/18-19 Patient 26,ANDV Epuyen/18-19 Patient 8,II,II,Argentinean sequences,Argentinean sequences,False,False,True,0.0,0,1857,0.0,0,3654,0.0,0,6541,False,False
Epuyen/18-19 Patient 26,Epuyen/18-19 Patient 14,ANDV Epuyen/18-19 Patient 26,ANDV Epuyen/18-19 Patient 14,II,II,Argentinean sequences,Argentinean sequences,False,False,True,0.0,0,1854,0.0,0,3654,0.0,0,6541,False,False
Epuyen/18-19 Patient 26,Epuyen/18-19 Patient 11,ANDV Epuyen/18-19 Patient 26,ANDV Epuyen/18-19 Patient 11,II,II,Argentinean sequences,Argentinean sequences,False,False,True,0.0,0,1844,0.0,0,3645,0.0,0,6522,False,False
Epuyen/18-19 Patient 26,Epuyen/18-19 Patient 27,ANDV Epuyen/18-19 Patient 26,ANDV Epuyen/18-19 Patient 27,II,II,Argentinean sequences,Argentinean sequences,False,False,True,0.0,0,1848,0.0,0,3647,0.0,0,6533,False,False
Epuyen/18-19 Patient 26,Epuyen/18-19 Patient 5,ANDV Epuyen/18-19 Patient 26,ANDV Epuyen/18-19 Patient 5,II,II,Argentinean sequences,Argentinean sequences,False,False,True,0.0,0,1849,0.0,0,3649,0.0,0,6539,False,False
Epuyen/18-19 Patient 26,Epuyen,ANDV Epuyen/18-19 Patient 26,ANDV Epuyen,II,II,Argentinean sequences,Argentinean sequences,False,False,True,0.0005428881650380022,1,1842,0.0005483959418700301,2,3647,0.0001544878727019929,1,6473,False,False
Epuyen/18-19 Patient 26,p334,ANDV Epuyen/18-19 Patient 26,p334,II,I,Argentinean sequences,Chilean sequences,False,False,False,0.04792676359719979,89,1857,0.06886145404663924,251,3645,0.065433419966366,428,6541,False,False
Epuyen/18-19 Patient 26,p1060,ANDV Epuyen/18-19 Patient 26,p1060,II,I,Argentinean sequences,Chilean sequences,False,False,False,0.042587601078167114,79,1855,0.06609983543609435,241,3646,0.07111179079369934,465,6539,False,False
Epuyen/18-19 Patient 26,p1056,ANDV Epuyen/18-19 Patient 26,p1056,II,I,Argentinean sequences,Chilean sequences,False,False,False,0.043080236941303175,80,1857,0.0458036204059243,167,3646,0.047254931946780855,309,6539,False,False
Epuyen/18-19 Patient 26,NRC-2/97,ANDV Epuyen/18-19 Patient 26,ANDV NRC-2/97,II,I,Argentinean sequences,Argentinean sequences,False,False,False,0.04162162162162162,77,1850,0.04470652770159078,163,3646,0.04649014778325123,302,6496,False,False
Epuyen/18-19 Patient 26,p115D,ANDV Epuyen/18-19 Patient 26,p115D,II,I,Argentinean sequences,Chilean sequences,False,False,False,0.037176724137931036,69,1856,0.043943971436418566,160,3641,0.08500229322733527,556,6541,False,False
Epuyen/18-19 Patient 26,p915,ANDV Epuyen/18-19 Patient 26,p915,II,I,Argentinean sequences,Chilean sequences,False,False,False,0.038295577130528585,71,1854,0.04534212695795548,165,3639,0.08490133088572739,555,6537,False,False
Epuyen/18-19 Patient 26,p201,ANDV Epuyen/18-19 Patient 26,p201,II,I,Argentinean sequences,Chilean sequences,False,False,False,0.03771551724137931,70,1856,0.044468844359044746,162,3643,0.08459538014379685,553,6537,False,False
Epuyen/18-19 Patient 26,p1064,ANDV Epuyen/18-19 Patient 26,p1064,II,I,Argentinean sequences,Chilean sequences,False,False,False,0.03933189655172414,73,1856,0.04781533388293487,174,3639,0.04419636029974002,289,6539,False,False
Epuyen/18-19 Patient 26,CHI-7913,ANDV Epuyen/18-19 Patient 26,ANDV CHI-7913,II,I,Argentinean sequences,Chilean sequences,False,False,False,0.03995560488346282,72,1802,0.04238921001926782,154,3633,0.04299412310547479,278,6466,False,False
Epuyen/18-19 Patient 26,p1062,ANDV Epuyen/18-19 Patient 26,p1062,II,I,Argentinean sequences,Chilean sequences,False,False,False,0.03877221324717286,72,1857,0.03784969829950631,138,3646,0.04724048310655863,309,6541,False,False
Epuyen/18-19 Patient 26,p1058,ANDV Epuyen/18-19 Patient 26,p1058,II,I,Argentinean sequences,Chilean sequences,False,False,False,0.03771551724137931,70,1856,0.0458036204059243,167,3646,0.04649028903502064,304,6539,False,False
Epuyen/18-19 Patient 26,NRC-5/18,ANDV Epuyen/18-19 Patient 26,ANDV NRC-5/18,II,I,Argentinean sequences,Argentinean sequences,False,False,False,0.03727714748784441,69,1851,0.047123287671232875,172,3650,0.04764823042745519,311,6527,False,False
Epuyen/18-19 Patient 26,p1241,ANDV Epuyen/18-19 Patient 26,p1241,II,I,Argentinean sequences,Chilean sequences,False,False,False,0.03769520732364028,70,1857,0.0458036204059243,167,3646,0.04877675840978593,319,6540,False,False
Epuyen/18-19 Patient 26,p1313,ANDV Epuyen/18-19 Patient 26,p1313,II,I,Argentinean sequences,Chilean sequences,False,False,False,0.03338718362950996,62,1857,0.045279912184412734,165,3644,0.05077228934087781,332,6539,False,False
Epuyen/18-19 Patient 26,p126,ANDV Epuyen/18-19 Patient 26,p126,II,I,Argentinean sequences,Chilean sequences,False,False,False,0.03338718362950996,62,1857,0.0469264544456641,171,3644,0.050160575011469644,328,6539,False,False
Epuyen/18-19 Patient 26,136D,ANDV Epuyen/18-19 Patient 26,136D,II,I,Argentinean sequences,Chilean sequences,False,False,False,0.04065934065934066,74,1820,0.04857384919514261,172,3541,0.04892307692307692,318,6500,False,False
Epuyen/18-19 Patient 26,p1052,ANDV Epuyen/18-19 Patient 26,p1052,II,I,Argentinean sequences,Chilean sequences,False,False,False,0.03823371028540657,71,1857,0.04333516182117389,158,3646,0.048172503440893105,315,6539,False,False
Epuyen/18-19 Patient 26,131D,ANDV Epuyen/18-19 Patient 26,131D,II,I,Argentinean sequences,Chilean sequences,False,False,False,0.04054054054054054,75,1850,0.043952967525195966,157,3572,0.04920805781946794,320,6503,False,False
Epuyen/18-19 Patient 26,p127,ANDV Epuyen/18-19 Patient 26,p127,II,I,Argentinean sequences,Chilean sequences,False,False,False,0.039310716208939146,73,1857,0.04500548847420417,164,3644,0.04876930133007185,319,6541,False,False
Epuyen/18-19 Patient 26,p1427,ANDV Epuyen/18-19 Patient 26,p1427,II,I,Argentinean sequences,Chilean sequences,False,False,False,0.037176724137931036,69,1856,0.04198682766190999,153,3644,0.04617031035009937,302,6541,False,False
Epuyen/18-19 Patient 26,p1430,ANDV Epuyen/18-19 Patient 26,p1430,II,I,Argentinean sequences,Chilean sequences,False,False,False,0.03715670436187399,69,1857,0.04141524958859023,151,3646,0.046781837639504664,306,6541,False,False
Epuyen/18-19 Patient 26,ANDV-CH-LS-2016,ANDV Epuyen/18-19 Patient 26,ANDV-CH-LS-2016,II,I,Argentinean sequences,Chilean sequences,False,False,False,0.0384829894032348,69,1793,0.042429284525790346,153,3606,0.04760297096556381,282,5924,False,False
Epuyen/18-19 Patient 26,ANDV-CH-LS-2022,ANDV Epuyen/18-19 Patient 26,ANDV-CH-LS-2022,II,I,Argentinean sequences,Chilean sequences,False,False,False,0.03806818181818182,67,1760,0.04265264387963774,146,3423,0.047092743873137916,294,6243,False,False
Epuyen/18-19 Patient 26,ARG p19,ANDV Epuyen/18-19 Patient 26,ANDV ARG p19,II,III,Argentinean sequences,Argentinean sequences,False,False,False,0.04090419806243272,76,1858,0.038946791003839826,142,3646,0.04555984555984556,295,6475,False,False
Epuyen/18-19 Patient 26,ARG p3,ANDV Epuyen/18-19 Patient 26,ANDV ARG p3,II,III,Argentinean sequences,Argentinean sequences,False,False,False,0.04049676025917927,75,1852,0.03867251782775644,141,3646,0.044947255771288795,294,6541,False,False
Epuyen/18-19 Patient 26,ARG-M.a.,ANDV Epuyen/18-19 Patient 26,ANDV ARG-M.a.,II,III,Argentinean sequences,Argentinean sequences,False,False,False,0.04090419806243272,76,1858,0.03872562482834386,141,3641,0.045651501083255955,295,6462,False,False
Epuyen/18-19 Patient 26,ARG p9,ANDV Epuyen/18-19 Patient 26,ANDV ARG p9,II,III,Argentinean sequences,Argentinean sequences,False,False,False,0.04090419806243272,76,1858,0.03867251782775644,141,3646,0.04540540540540541,294,6475,False,False
Epuyen/18-19 Patient 26,p1316,ANDV Epuyen/18-19 Patient 26,p1316,II,III,Argentinean sequences,Chilean sequences,False,False,False,0.038751345532831,72,1858,0.0405924300603401,148,3646,0.0446619761394922,292,6538,False,False
Epuyen/18-19 Patient 26,CHI-Hu13724 P2,ANDV Epuyen/18-19 Patient 26,ANDV CHI-Hu13724 P2,II,III,Argentinean sequences,Chilean sequences,False,False,False,0.04038772213247173,75,1857,0.042238069116840374,154,3646,0.04679614619972473,306,6539,False,False
Epuyen/18-19 Patient 26,p136,ANDV Epuyen/18-19 Patient 26,p136,II,III,Argentinean sequences,Chilean sequences,False,False,False,0.03982777179763186,74,1858,0.04226125137211855,154,3644,0.046781837639504664,306,6541,False,False
Epuyen/18-19 Patient 26,p137,ANDV Epuyen/18-19 Patient 26,p137,II,III,Argentinean sequences,Chilean sequences,False,False,False,0.03987068965517242,74,1856,0.04227285204501784,154,3643,0.046803303762618535,306,6538,False,False
Epuyen/18-19 Patient 26,CHI-Hu13724 P1,ANDV Epuyen/18-19 Patient 26,ANDV CHI-Hu13724 P1,II,III,Argentinean sequences,Chilean sequences,False,False,False,0.03982777179763186,74,1858,0.04226125137211855,154,3644,0.046781837639504664,306,6541,False,False
Epuyen/18-19 Patient 26,p1059,ANDV Epuyen/18-19 Patient 26,p1059,II,III,Argentinean sequences,Chilean sequences,False,True,False,0.03984921917070544,74,1857,0.04418221734357849,161,3644,0.046337360452668605,303,6539,False,False
Epuyen/18-19 Patient 26,NRC-4/18,ANDV Epuyen/18-19 Patient 26,ANDV NRC-4/18,II,III,Argentinean sequences,Argentinean sequences,False,True,False,0.04038772213247173,75,1857,0.042966611932129174,157,3654,0.044954128440366975,294,6540,False,False
Epuyen/18-19 Patient 26,NRC-3/18,ANDV Epuyen/18-19 Patient 26,ANDV NRC-3/18,II,III,Argentinean sequences,Argentinean sequences,False,True,False,0.04054054054054054,75,1850,0.042692939244663386,156,3654,0.044961003211500226,294,6539,False,False
Epuyen/18-19 Patient 26,132D,ANDV Epuyen/18-19 Patient 26,132D,II,III,Argentinean sequences,Chilean sequences,False,True,False,0.03891891891891892,72,1850,0.04678040726472207,170,3634,0.04731281580156178,309,6531,False,False
Epuyen/18-19 Patient 26,p1239,ANDV Epuyen/18-19 Patient 26,p1239,II,III,Argentinean sequences,Chilean sequences,False,True,False,0.03823371028540657,71,1857,0.043143720802418246,157,3639,0.04665748814440875,305,6537,False,False
Epuyen/18-19 Patient 26,p1242,ANDV Epuyen/18-19 Patient 26,p1242,II,III,Argentinean sequences,Chilean sequences,False,True,False,0.041487068965517244,77,1856,0.04421862125789618,161,3641,0.04649739981645763,304,6538,False,False
Epuyen/18-19 Patient 26,p931,ANDV Epuyen/18-19 Patient 26,p931,II,III,Argentinean sequences,Chilean sequences,False,True,False,0.04092622509423802,76,1857,0.04421862125789618,161,3641,0.045433685176686556,297,6537,False,False
Epuyen/18-19 Patient 26,p1236,ANDV Epuyen/18-19 Patient 26,p1236,II,III,Argentinean sequences,Chilean sequences,False,True,False,0.03933189655172414,73,1856,0.042547351084271205,155,3643,0.05105058365758755,328,6425,True,False
Epuyen/18-19 Patient 26,cruise,ANDV Epuyen/18-19 Patient 26,France-Case 9,II,III,Argentinean sequences,Cruise ship outbreak sequences,False,True,False,0.03943814154511075,73,1851,0.044432254525507406,162,3646,0.04555878306069408,298,6541,False,True
Epuyen/18-19 Patient 26,cruise,ANDV Epuyen/18-19 Patient 26,Spain-Case 10,II,III,Argentinean sequences,Cruise ship outbreak sequences,False,True,False,0.03952355170546833,73,1847,0.044468844359044746,162,3643,0.045593635250917995,298,6536,False,True
Epuyen/18-19 Patient 26,cruise,ANDV Epuyen/18-19 Patient 26,Spain-Case 12,II,III,Argentinean sequences,Cruise ship outbreak sequences,False,True,False,0.03952355170546833,73,1847,0.044468844359044746,162,3643,0.045593635250917995,298,6536,False,True
Epuyen/18-19 Patient 26,Switzerland-Case 7,ANDV Epuyen/18-19 Patient 26,Switzerland-Case 7,II,III,Argentinean sequences,Cruise ship outbreak sequences,False,True,False,0.03952355170546833,73,1847,0.044468844359044746,162,3643,0.04571166488304541,299,6541,False,True
Epuyen/18-19 Patient 26,cruise,ANDV Epuyen/18-19 Patient 26,Netherlands-Case 6,II,III,Argentinean sequences,Cruise ship outbreak sequences,False,True,False,0.04006586169045005,73,1822,0.04468965517241379,162,3625,0.04514452744397532,278,6158,False,True
Epuyen/18-19 Patient 26,cruise,ANDV Epuyen/18-19 Patient 26,Netherlands-Case 5,II,III,Argentinean sequences,Cruise ship outbreak sequences,False,True,False,0.04053303720155469,73,1801,0.045212019095759615,161,3561,0.045770836554816764,296,6467,False,True
Epuyen/18-19 Patient 26,cruise,ANDV Epuyen/18-19 Patient 26,Johannesburg-Case 2,II,III,Argentinean sequences,Cruise ship outbreak sequences,False,True,False,0.041500852757248435,73,1759,0.0448256779192031,162,3614,0.046108618288720406,298,6463,False,True
Epuyen/18-19 Patient 26,cruise,ANDV Epuyen/18-19 Patient 26,Johannesburg-Case 3,II,III,Argentinean sequences,Cruise ship outbreak sequences,False,True,False,0.04152445961319681,73,1758,0.04483430799220273,161,3591,0.04569150567310641,298,6522,False,True
Epuyen/18-19 Patient 26,cruise,ANDV Epuyen/18-19 Patient 26,Canada-Case 11_NPswab,II,III,Argentinean sequences,Cruise ship outbreak sequences,False,True,False,0.039597737272155875,63,1591,0.04665825977301387,148,3172,0.04586404586404586,280,6105,False,True
Epuyen/18-19 Patient 26,cruise,ANDV Epuyen/18-19 Patient 26,Canada-Case 11_blood,II,III,Argentinean sequences,Cruise ship outbreak sequences,False,True,False,0.042045454545454546,74,1760,0.04512331838565022,161,3568,0.045964642582628744,299,6505,False,True
Epuyen/18-19 Patient 22,Epuyen/18-19 Patient 7,ANDV Epuyen/18-19 Patient 22,ANDV Epuyen/18-19 Patient 7,II,II,Argentinean sequences,Argentinean sequences,False,False,True,0.0010775862068965517,2,1856,0.0,0,3655,0.0001528584530724549,1,6542,False,False
Epuyen/18-19 Patient 22,Epuyen/18-19 Patient 24,ANDV Epuyen/18-19 Patient 22,ANDV Epuyen/18-19 Patient 24,II,II,Argentinean sequences,Argentinean sequences,False,False,True,0.0005408328826392645,1,1849,0.0,0,3652,0.00015309246785058175,1,6532,False,False
Epuyen/18-19 Patient 22,Epuyen/18-19 Patient 4,ANDV Epuyen/18-19 Patient 22,ANDV Epuyen/18-19 Patient 4,II,II,Argentinean sequences,Argentinean sequences,False,False,True,0.0005387931034482759,1,1856,0.00027329871549603714,1,3659,0.0003057169061449098,2,6542,False,False
Epuyen/18-19 Patient 22,Epuyen/18-19 Patient 10,ANDV Epuyen/18-19 Patient 22,ANDV Epuyen/18-19 Patient 10,II,II,Argentinean sequences,Argentinean sequences,False,False,True,0.0005425935973955507,1,1843,0.0,0,3639,0.0001558846453624318,1,6415,False,False
Epuyen/18-19 Patient 22,Epuyen/18-19 Patient 15,ANDV Epuyen/18-19 Patient 22,ANDV Epuyen/18-19 Patient 15,II,II,Argentinean sequences,Argentinean sequences,False,False,True,0.0005470459518599562,1,1828,0.0,0,3633,0.0001531159087429184,1,6531,False,False
Epuyen/18-19 Patient 22,Epuyen/18-19 Patient 18,ANDV Epuyen/18-19 Patient 22,ANDV Epuyen/18-19 Patient 18,II,II,Argentinean sequences,Argentinean sequences,False,False,True,0.000547645125958379,1,1826,0.0,0,3633,0.00015408320493066256,1,6490,False,False
Epuyen/18-19 Patient 22,Epuyen/18-19 Patient 23,ANDV Epuyen/18-19 Patient 22,ANDV Epuyen/18-19 Patient 23,II,II,Argentinean sequences,Argentinean sequences,False,False,True,0.0016216216216216215,3,1850,0.0,0,3646,0.0001531159087429184,1,6531,False,False
Epuyen/18-19 Patient 22,Epuyen/18-19 Patient 12,ANDV Epuyen/18-19 Patient 22,ANDV Epuyen/18-19 Patient 12,II,II,Argentinean sequences,Argentinean sequences,False,False,True,0.0005399568034557236,1,1852,0.00027359781121751026,1,3655,0.0001528584530724549,1,6542,False,False
Epuyen/18-19 Patient 22,Epuyen/18-19 Patient 25,ANDV Epuyen/18-19 Patient 22,ANDV Epuyen/18-19 Patient 25,II,II,Argentinean sequences,Argentinean sequences,False,False,True,0.0005379236148466917,1,1859,0.0,0,3654,0.0001528584530724549,1,6542,False,False
Epuyen/18-19 Patient 22,Epuyen/18-19 Patient 17,ANDV Epuyen/18-19 Patient 22,ANDV Epuyen/18-19 Patient 17,II,II,Argentinean sequences,Argentinean sequences,False,False,True,0.0005379236148466917,1,1859,0.0,0,3659,0.0001528350909368791,1,6543,False,False
Epuyen/18-19 Patient 22,Epuyen/18-19 Patient 3,ANDV Epuyen/18-19 Patient 22,ANDV Epuyen/18-19 Patient 3,II,II,Argentinean sequences,Argentinean sequences,False,False,True,0.0005402485143165856,1,1851,0.0,0,3654,0.0001529285823520416,1,6539,False,False
Epuyen/18-19 Patient 22,Epuyen/18-19 Patient 13,ANDV Epuyen/18-19 Patient 22,ANDV Epuyen/18-19 Patient 13,II,II,Argentinean sequences,Argentinean sequences,False,False,True,0.0005402485143165856,1,1851,0.0,0,3657,0.00015288182235132243,1,6541,False,False
Epuyen/18-19 Patient 22,Epuyen/18-19 Patient 1,ANDV Epuyen/18-19 Patient 22,ANDV Epuyen/18-19 Patient 1,II,II,Argentinean sequences,Argentinean sequences,False,False,True,0.0005402485143165856,1,1851,0.0,0,3654,0.00015288182235132243,1,6541,False,False
Epuyen/18-19 Patient 22,Epuyen/18-19 Patient 28,ANDV Epuyen/18-19 Patient 22,ANDV Epuyen/18-19 Patient 28,II,II,Argentinean sequences,Argentinean sequences,False,False,True,0.0005408328826392645,1,1849,0.0,0,3647,0.00015309246785058175,1,6532,False,False
Epuyen/18-19 Patient 22,Epuyen/18-19 Patient 16,ANDV Epuyen/18-19 Patient 22,ANDV Epuyen/18-19 Patient 16,II,II,Argentinean sequences,Argentinean sequences,False,False,True,0.0005390835579514825,1,1855,0.0,0,3651,0.00015288182235132243,1,6541,False,False
Epuyen/18-19 Patient 22,Epuyen/18-19 Patient 29,ANDV Epuyen/18-19 Patient 22,ANDV Epuyen/18-19 Patient 29,II,II,Argentinean sequences,Argentinean sequences,False,False,True,0.0005390835579514825,1,1855,0.0,0,3659,0.0001528584530724549,1,6542,False,False
Epuyen/18-19 Patient 22,Epuyen/18-19 Patient 19,ANDV Epuyen/18-19 Patient 22,ANDV Epuyen/18-19 Patient 19,II,II,Argentinean sequences,Argentinean sequences,False,False,True,0.0005379236148466917,1,1859,0.0,0,3656,0.0001528117359413203,1,6544,False,False
Epuyen/18-19 Patient 22,Epuyen/18-19 Patient 9,ANDV Epuyen/18-19 Patient 22,ANDV Epuyen/18-19 Patient 9,II,II,Argentinean sequences,Argentinean sequences,False,False,True,0.0005370569280343716,1,1862,0.0002731494127287626,1,3661,0.00015276504735716468,1,6546,False,False
Epuyen/18-19 Patient 22,Epuyen/18-19 Patient 20,ANDV Epuyen/18-19 Patient 22,ANDV Epuyen/18-19 Patient 20,II,II,Argentinean sequences,Argentinean sequences,False,False,True,0.0005379236148466917,1,1859,0.0,0,3655,0.0001529285823520416,1,6539,False,False
Epuyen/18-19 Patient 22,Epuyen/18-19 Patient 8,ANDV Epuyen/18-19 Patient 22,ANDV Epuyen/18-19 Patient 8,II,II,Argentinean sequences,Argentinean sequences,False,False,True,0.0005382131324004305,1,1858,0.0,0,3654,0.0001528350909368791,1,6543,False,False
Epuyen/18-19 Patient 22,Epuyen/18-19 Patient 14,ANDV Epuyen/18-19 Patient 22,ANDV Epuyen/18-19 Patient 14,II,II,Argentinean sequences,Argentinean sequences,False,False,True,0.0005390835579514825,1,1855,0.0,0,3658,0.0001528350909368791,1,6543,False,False
Epuyen/18-19 Patient 22,Epuyen/18-19 Patient 11,ANDV Epuyen/18-19 Patient 22,ANDV Epuyen/18-19 Patient 11,II,II,Argentinean sequences,Argentinean sequences,False,False,True,0.0005422993492407809,1,1844,0.0,0,3645,0.00015332720024532353,1,6522,False,False
Epuyen/18-19 Patient 22,Epuyen/18-19 Patient 27,ANDV Epuyen/18-19 Patient 22,ANDV Epuyen/18-19 Patient 27,II,II,Argentinean sequences,Argentinean sequences,False,False,True,0.0005411255411255411,1,1848,0.0,0,3647,0.00015306903413439462,1,6533,False,False
Epuyen/18-19 Patient 22,Epuyen/18-19 Patient 5,ANDV Epuyen/18-19 Patient 22,ANDV Epuyen/18-19 Patient 5,II,II,Argentinean sequences,Argentinean sequences,False,False,True,0.0005408328826392645,1,1849,0.0,0,3649,0.0001529051987767584,1,6540,False,False
Epuyen/18-19 Patient 22,Epuyen,ANDV Epuyen/18-19 Patient 22,ANDV Epuyen,II,II,Argentinean sequences,Argentinean sequences,False,False,True,0.001084010840108401,2,1845,0.0005483959418700301,2,3647,0.00030883261272390367,2,6476,False,False
Epuyen/18-19 Patient 22,p334,ANDV Epuyen/18-19 Patient 22,p334,II,I,Argentinean sequences,Chilean sequences,False,False,False,0.04833512352309345,90,1862,0.06878596875856399,251,3649,0.06556625401192114,429,6543,False,False
Epuyen/18-19 Patient 22,p1060,ANDV Epuyen/18-19 Patient 22,p1060,II,I,Argentinean sequences,Chilean sequences,False,False,False,0.04305705059203445,80,1858,0.06602739726027397,241,3650,0.07124292921571625,466,6541,False,False
Epuyen/18-19 Patient 22,p1056,ANDV Epuyen/18-19 Patient 22,p1056,II,I,Argentinean sequences,Chilean sequences,False,False,False,0.043548387096774194,81,1860,0.04575342465753424,167,3650,0.04739336492890995,310,6541,False,False
Epuyen/18-19 Patient 22,NRC-2/97,ANDV Epuyen/18-19 Patient 22,ANDV NRC-2/97,II,I,Argentinean sequences,Argentinean sequences,False,False,False,0.04216216216216216,78,1850,0.04470652770159078,163,3646,0.046636909342773585,303,6497,False,False
Epuyen/18-19 Patient 22,p115D,ANDV Epuyen/18-19 Patient 22,p115D,II,I,Argentinean sequences,Chilean sequences,False,False,False,0.037614185921547555,70,1861,0.0438957475994513,160,3645,0.08509013137794073,557,6546,False,False
Epuyen/18-19 Patient 22,p915,ANDV Epuyen/18-19 Patient 22,p915,II,I,Argentinean sequences,Chilean sequences,False,False,False,0.03877221324717286,72,1857,0.04529234147680483,165,3643,0.08502829178773513,556,6539,False,False
Epuyen/18-19 Patient 22,p201,ANDV Epuyen/18-19 Patient 22,p201,II,I,Argentinean sequences,Chilean sequences,False,False,False,0.03823371028540657,71,1857,0.04442007129147244,162,3647,0.08472243462303104,554,6539,False,False
Epuyen/18-19 Patient 22,p1064,ANDV Epuyen/18-19 Patient 22,p1064,II,I,Argentinean sequences,Chilean sequences,False,False,False,0.03987068965517242,74,1856,0.047762832830085096,174,3643,0.0443357284818835,290,6541,False,False
Epuyen/18-19 Patient 22,CHI-7913,ANDV Epuyen/18-19 Patient 22,ANDV CHI-7913,II,I,Argentinean sequences,Chilean sequences,False,False,False,0.04051054384017758,73,1802,0.04234259004674182,154,3637,0.04314877822455923,279,6466,False,False
Epuyen/18-19 Patient 22,p1062,ANDV Epuyen/18-19 Patient 22,p1062,II,I,Argentinean sequences,Chilean sequences,False,False,False,0.03920515574650913,73,1862,0.03780821917808219,138,3650,0.04737887819043252,310,6543,False,False
Epuyen/18-19 Patient 22,p1058,ANDV Epuyen/18-19 Patient 22,p1058,II,I,Argentinean sequences,Chilean sequences,False,False,False,0.03815153143471252,71,1861,0.04575342465753424,167,3650,0.04662895581715334,305,6541,False,False
Epuyen/18-19 Patient 22,NRC-5/18,ANDV Epuyen/18-19 Patient 22,ANDV NRC-5/18,II,I,Argentinean sequences,Argentinean sequences,False,False,False,0.037776578521316787,70,1853,0.047123287671232875,172,3650,0.04780144017159491,312,6527,False,False
Epuyen/18-19 Patient 22,p1241,ANDV Epuyen/18-19 Patient 22,p1241,II,I,Argentinean sequences,Chilean sequences,False,False,False,0.038131041890440386,71,1862,0.04571584998631262,167,3653,0.04889228418640183,320,6545,False,False
Epuyen/18-19 Patient 22,p1313,ANDV Epuyen/18-19 Patient 22,p1313,II,I,Argentinean sequences,Chilean sequences,False,False,False,0.03383458646616541,63,1862,0.04523026315789474,165,3648,0.05090964684299037,333,6541,False,False
Epuyen/18-19 Patient 22,p126,ANDV Epuyen/18-19 Patient 22,p126,II,I,Argentinean sequences,Chilean sequences,False,False,False,0.03387096774193549,63,1860,0.046875,171,3648,0.050298119553585076,329,6541,False,False
Epuyen/18-19 Patient 22,136D,ANDV Epuyen/18-19 Patient 22,136D,II,I,Argentinean sequences,Chilean sequences,False,False,False,0.04120879120879121,75,1820,0.04857384919514261,172,3541,0.049076923076923074,319,6500,False,False
Epuyen/18-19 Patient 22,p1052,ANDV Epuyen/18-19 Patient 22,p1052,II,I,Argentinean sequences,Chilean sequences,False,False,False,0.03866809881847476,72,1862,0.04328767123287671,158,3650,0.04831065586301789,316,6541,False,False
Epuyen/18-19 Patient 22,131D,ANDV Epuyen/18-19 Patient 22,131D,II,I,Argentinean sequences,Chilean sequences,False,False,False,0.04108108108108108,76,1850,0.043952967525195966,157,3572,0.049361833000153774,321,6503,False,False
Epuyen/18-19 Patient 22,p127,ANDV Epuyen/18-19 Patient 22,p127,II,I,Argentinean sequences,Chilean sequences,False,False,False,0.0397422126745435,74,1862,0.044956140350877194,164,3648,0.048601558917927556,318,6543,False,False
Epuyen/18-19 Patient 22,p1427,ANDV Epuyen/18-19 Patient 22,p1427,II,I,Argentinean sequences,Chilean sequences,False,False,False,0.03763440860215054,70,1860,0.04194078947368421,153,3648,0.0462878093492209,303,6546,False,False
Epuyen/18-19 Patient 22,p1430,ANDV Epuyen/18-19 Patient 22,p1430,II,I,Argentinean sequences,Chilean sequences,False,False,False,0.03759398496240601,70,1862,0.04133588831097728,151,3653,0.04689886953864956,307,6546,False,False
Epuyen/18-19 Patient 22,ANDV-CH-LS-2016,ANDV Epuyen/18-19 Patient 22,ANDV-CH-LS-2016,II,I,Argentinean sequences,Chilean sequences,False,False,False,0.03904071388733965,70,1793,0.042429284525790346,153,3606,0.04777177582714382,283,5924,False,False
Epuyen/18-19 Patient 22,ANDV-CH-LS-2022,ANDV Epuyen/18-19 Patient 22,ANDV-CH-LS-2022,II,I,Argentinean sequences,Chilean sequences,False,False,False,0.038636363636363635,68,1760,0.04265264387963774,146,3423,0.04725292327406695,295,6243,False,False
Epuyen/18-19 Patient 22,ARG p19,ANDV Epuyen/18-19 Patient 22,ANDV ARG p19,II,III,Argentinean sequences,Argentinean sequences,False,False,False,0.041331186258722494,77,1863,0.03888280394304491,142,3652,0.045714285714285714,296,6475,False,False
Epuyen/18-19 Patient 22,ARG p3,ANDV Epuyen/18-19 Patient 22,ANDV ARG p3,II,III,Argentinean sequences,Argentinean sequences,False,False,False,0.040992448759439054,76,1854,0.038608981380065716,141,3652,0.04507946210268949,295,6544,False,False
Epuyen/18-19 Patient 22,ARG-M.a.,ANDV Epuyen/18-19 Patient 22,ANDV ARG-M.a.,II,III,Argentinean sequences,Argentinean sequences,False,False,False,0.04139784946236559,77,1860,0.03868312757201646,141,3645,0.04580625193438564,296,6462,False,False
Epuyen/18-19 Patient 22,ARG p9,ANDV Epuyen/18-19 Patient 22,ANDV ARG p9,II,III,Argentinean sequences,Argentinean sequences,False,False,False,0.041331186258722494,77,1863,0.038608981380065716,141,3652,0.04555984555984556,295,6475,False,False
Epuyen/18-19 Patient 22,p1316,ANDV Epuyen/18-19 Patient 22,p1316,II,III,Argentinean sequences,Chilean sequences,False,False,False,0.039184111647879764,73,1863,0.040547945205479455,148,3650,0.044801223241590214,293,6540,False,False
Epuyen/18-19 Patient 22,CHI-Hu13724 P2,ANDV Epuyen/18-19 Patient 22,ANDV CHI-Hu13724 P2,II,III,Argentinean sequences,Chilean sequences,False,False,False,0.04088219472834857,76,1859,0.04219178082191781,154,3650,0.046934719461855984,307,6541,False,False
Epuyen/18-19 Patient 22,p136,ANDV Epuyen/18-19 Patient 22,p136,II,III,Argentinean sequences,Chilean sequences,False,False,False,0.040257648953301126,75,1863,0.042214912280701754,154,3648,0.04692037291762188,307,6543,False,False
Epuyen/18-19 Patient 22,p137,ANDV Epuyen/18-19 Patient 22,p137,II,III,Argentinean sequences,Chilean sequences,False,False,False,0.04038772213247173,75,1857,0.04222648752399232,154,3647,0.04694189602446483,307,6540,False,False
Epuyen/18-19 Patient 22,CHI-Hu13724 P1,ANDV Epuyen/18-19 Patient 22,ANDV CHI-Hu13724 P1,II,III,Argentinean sequences,Chilean sequences,False,False,False,0.04030091348737238,75,1861,0.042214912280701754,154,3648,0.04689886953864956,307,6546,False,False
Epuyen/18-19 Patient 22,p1059,ANDV Epuyen/18-19 Patient 22,p1059,II,III,Argentinean sequences,Chilean sequences,False,True,False,0.040279269602577876,75,1862,0.04413377192982456,161,3648,0.04647607399480202,304,6541,False,False
Epuyen/18-19 Patient 22,NRC-4/18,ANDV Epuyen/18-19 Patient 22,ANDV NRC-4/18,II,III,Argentinean sequences,Argentinean sequences,False,True,False,0.04088219472834857,76,1859,0.04291962821213778,157,3658,0.045093243656374196,295,6542,False,False
Epuyen/18-19 Patient 22,NRC-3/18,ANDV Epuyen/18-19 Patient 22,ANDV NRC-3/18,II,III,Argentinean sequences,Argentinean sequences,False,True,False,0.04103671706263499,76,1852,0.0426812585499316,156,3655,0.04510703363914373,295,6540,False,False
Epuyen/18-19 Patient 22,132D,ANDV Epuyen/18-19 Patient 22,132D,II,III,Argentinean sequences,Chilean sequences,False,True,False,0.03945945945945946,73,1850,0.04678040726472207,170,3634,0.04745140058166233,310,6533,False,False
Epuyen/18-19 Patient 22,p1239,ANDV Epuyen/18-19 Patient 22,p1239,II,III,Argentinean sequences,Chilean sequences,False,True,False,0.03870967741935484,72,1860,0.04309634916277793,157,3643,0.04679614619972473,306,6539,False,False
Epuyen/18-19 Patient 22,p1242,ANDV Epuyen/18-19 Patient 22,p1242,II,III,Argentinean sequences,Chilean sequences,False,True,False,0.04198062432723358,78,1858,0.04417009602194787,161,3645,0.046636085626911315,305,6540,False,False
Epuyen/18-19 Patient 22,p931,ANDV Epuyen/18-19 Patient 22,p931,II,III,Argentinean sequences,Chilean sequences,False,True,False,0.041353383458646614,77,1862,0.04417009602194787,161,3645,0.04557271754090839,298,6539,False,False
Epuyen/18-19 Patient 22,p1236,ANDV Epuyen/18-19 Patient 22,p1236,II,III,Argentinean sequences,Chilean sequences,False,True,False,0.03982777179763186,74,1858,0.04250068549492734,155,3647,0.05120622568093385,329,6425,True,False
Epuyen/18-19 Patient 22,cruise,ANDV Epuyen/18-19 Patient 22,France-Case 9,II,III,Argentinean sequences,Cruise ship outbreak sequences,False,True,False,0.03993524015110631,74,1853,0.04438356164383562,162,3650,0.04569769219012685,299,6543,False,True
Epuyen/18-19 Patient 22,cruise,ANDV Epuyen/18-19 Patient 22,Spain-Case 10,II,III,Argentinean sequences,Cruise ship outbreak sequences,False,True,False,0.04006497022198159,74,1847,0.04442007129147244,162,3647,0.04573263995105537,299,6538,False,True
Epuyen/18-19 Patient 22,cruise,ANDV Epuyen/18-19 Patient 22,Spain-Case 12,II,III,Argentinean sequences,Cruise ship outbreak sequences,False,True,False,0.04006497022198159,74,1847,0.04442007129147244,162,3647,0.04573263995105537,299,6538,False,True
Epuyen/18-19 Patient 22,Switzerland-Case 7,ANDV Epuyen/18-19 Patient 22,Switzerland-Case 7,II,III,Argentinean sequences,Cruise ship outbreak sequences,False,True,False,0.04006497022198159,74,1847,0.04442007129147244,162,3647,0.045829514207149404,300,6546,False,True
Epuyen/18-19 Patient 22,cruise,ANDV Epuyen/18-19 Patient 22,Netherlands-Case 6,II,III,Argentinean sequences,Cruise ship outbreak sequences,False,True,False,0.04061470911086718,74,1822,0.04468965517241379,162,3625,0.045306917830464435,279,6158,False,True
Epuyen/18-19 Patient 22,cruise,ANDV Epuyen/18-19 Patient 22,Netherlands-Case 5,II,III,Argentinean sequences,Cruise ship outbreak sequences,False,True,False,0.041088284286507494,74,1801,0.045212019095759615,161,3561,0.04591126912969547,297,6469,False,True
Epuyen/18-19 Patient 22,cruise,ANDV Epuyen/18-19 Patient 22,Johannesburg-Case 2,II,III,Argentinean sequences,Cruise ship outbreak sequences,False,True,False,0.04206935758953951,74,1759,0.0448256779192031,162,3614,0.046263345195729534,299,6463,False,True
Epuyen/18-19 Patient 22,cruise,ANDV Epuyen/18-19 Patient 22,Johannesburg-Case 3,II,III,Argentinean sequences,Cruise ship outbreak sequences,False,True,False,0.04209328782707622,74,1758,0.04483430799220273,161,3591,0.04584483287335173,299,6522,False,True
Epuyen/18-19 Patient 22,cruise,ANDV Epuyen/18-19 Patient 22,Canada-Case 11_NPswab,II,III,Argentinean sequences,Cruise ship outbreak sequences,False,True,False,0.04022627278441232,64,1591,0.04665825977301387,148,3172,0.04602784602784603,281,6105,False,True
Epuyen/18-19 Patient 22,cruise,ANDV Epuyen/18-19 Patient 22,Canada-Case 11_blood,II,III,Argentinean sequences,Cruise ship outbreak sequences,False,True,False,0.04261363636363636,75,1760,0.04512331838565022,161,3568,0.04611837048424289,300,6505,False,True
Epuyen/18-19 Patient 7,Epuyen/18-19 Patient 24,ANDV Epuyen/18-19 Patient 7,ANDV Epuyen/18-19 Patient 24,II,II,Argentinean sequences,Argentinean sequences,False,False,True,0.0005411255411255411,1,1848,0.0,0,3651,0.0,0,6532,False,False
Epuyen/18-19 Patient 7,Epuyen/18-19 Patient 4,ANDV Epuyen/18-19 Patient 7,ANDV Epuyen/18-19 Patient 4,II,II,Argentinean sequences,Argentinean sequences,False,False,True,0.0005390835579514825,1,1855,0.00027359781121751026,1,3655,0.0001528584530724549,1,6542,False,False
Epuyen/18-19 Patient 7,Epuyen/18-19 Patient 10,ANDV Epuyen/18-19 Patient 7,ANDV Epuyen/18-19 Patient 10,II,II,Argentinean sequences,Argentinean sequences,False,False,True,0.0005425935973955507,1,1843,0.0,0,3639,0.0,0,6415,False,False
Epuyen/18-19 Patient 7,Epuyen/18-19 Patient 15,ANDV Epuyen/18-19 Patient 7,ANDV Epuyen/18-19 Patient 15,II,II,Argentinean sequences,Argentinean sequences,False,False,True,0.0005470459518599562,1,1828,0.0,0,3633,0.0,0,6531,False,False
Epuyen/18-19 Patient 7,Epuyen/18-19 Patient 18,ANDV Epuyen/18-19 Patient 7,ANDV Epuyen/18-19 Patient 18,II,II,Argentinean sequences,Argentinean sequences,False,False,True,0.000547645125958379,1,1826,0.0,0,3633,0.0,0,6490,False,False
Epuyen/18-19 Patient 7,Epuyen/18-19 Patient 23,ANDV Epuyen/18-19 Patient 7,ANDV Epuyen/18-19 Patient 23,II,II,Argentinean sequences,Argentinean sequences,False,False,True,0.0016216216216216215,3,1850,0.0,0,3646,0.0,0,6531,False,False
Epuyen/18-19 Patient 7,Epuyen/18-19 Patient 12,ANDV Epuyen/18-19 Patient 7,ANDV Epuyen/18-19 Patient 12,II,II,Argentinean sequences,Argentinean sequences,False,False,True,0.0005399568034557236,1,1852,0.00027359781121751026,1,3655,0.0,0,6542,False,False
Epuyen/18-19 Patient 7,Epuyen/18-19 Patient 25,ANDV Epuyen/18-19 Patient 7,ANDV Epuyen/18-19 Patient 25,II,II,Argentinean sequences,Argentinean sequences,False,False,True,0.0005387931034482759,1,1856,0.0,0,3654,0.0,0,6542,False,False
Epuyen/18-19 Patient 7,Epuyen/18-19 Patient 17,ANDV Epuyen/18-19 Patient 7,ANDV Epuyen/18-19 Patient 17,II,II,Argentinean sequences,Argentinean sequences,False,False,True,0.0005387931034482759,1,1856,0.0,0,3655,0.0,0,6542,False,False
Epuyen/18-19 Patient 7,Epuyen/18-19 Patient 3,ANDV Epuyen/18-19 Patient 7,ANDV Epuyen/18-19 Patient 3,II,II,Argentinean sequences,Argentinean sequences,False,False,True,0.0005402485143165856,1,1851,0.0,0,3654,0.0,0,6539,False,False
Epuyen/18-19 Patient 7,Epuyen/18-19 Patient 13,ANDV Epuyen/18-19 Patient 7,ANDV Epuyen/18-19 Patient 13,II,II,Argentinean sequences,Argentinean sequences,False,False,True,0.0005402485143165856,1,1851,0.0,0,3655,0.0,0,6541,False,False
Epuyen/18-19 Patient 7,Epuyen/18-19 Patient 1,ANDV Epuyen/18-19 Patient 7,ANDV Epuyen/18-19 Patient 1,II,II,Argentinean sequences,Argentinean sequences,False,False,True,0.0005402485143165856,1,1851,0.0,0,3654,0.0,0,6541,False,False
Epuyen/18-19 Patient 7,Epuyen/18-19 Patient 28,ANDV Epuyen/18-19 Patient 7,ANDV Epuyen/18-19 Patient 28,II,II,Argentinean sequences,Argentinean sequences,False,False,True,0.0005408328826392645,1,1849,0.0,0,3647,0.0,0,6532,False,False
Epuyen/18-19 Patient 7,Epuyen/18-19 Patient 16,ANDV Epuyen/18-19 Patient 7,ANDV Epuyen/18-19 Patient 16,II,II,Argentinean sequences,Argentinean sequences,False,False,True,0.0005396654074473826,1,1853,0.0,0,3649,0.0,0,6541,False,False
Epuyen/18-19 Patient 7,Epuyen/18-19 Patient 29,ANDV Epuyen/18-19 Patient 7,ANDV Epuyen/18-19 Patient 29,II,II,Argentinean sequences,Argentinean sequences,False,False,True,0.0005396654074473826,1,1853,0.0,0,3655,0.0,0,6542,False,False
Epuyen/18-19 Patient 7,Epuyen/18-19 Patient 19,ANDV Epuyen/18-19 Patient 7,ANDV Epuyen/18-19 Patient 19,II,II,Argentinean sequences,Argentinean sequences,False,False,True,0.0005387931034482759,1,1856,0.0,0,3655,0.0,0,6544,False,False
Epuyen/18-19 Patient 7,Epuyen/18-19 Patient 9,ANDV Epuyen/18-19 Patient 7,ANDV Epuyen/18-19 Patient 9,II,II,Argentinean sequences,Argentinean sequences,False,False,True,0.0005387931034482759,1,1856,0.0,0,3655,0.0,0,6543,False,False
Epuyen/18-19 Patient 7,Epuyen/18-19 Patient 20,ANDV Epuyen/18-19 Patient 7,ANDV Epuyen/18-19 Patient 20,II,II,Argentinean sequences,Argentinean sequences,False,False,True,0.0005387931034482759,1,1856,0.0,0,3654,0.0,0,6538,False,False
Epuyen/18-19 Patient 7,Epuyen/18-19 Patient 8,ANDV Epuyen/18-19 Patient 7,ANDV Epuyen/18-19 Patient 8,II,II,Argentinean sequences,Argentinean sequences,False,False,True,0.0005387931034482759,1,1856,0.0,0,3654,0.0,0,6542,False,False
Epuyen/18-19 Patient 7,Epuyen/18-19 Patient 14,ANDV Epuyen/18-19 Patient 7,ANDV Epuyen/18-19 Patient 14,II,II,Argentinean sequences,Argentinean sequences,False,False,True,0.0005393743257820927,1,1854,0.0,0,3655,0.0,0,6542,False,False
Epuyen/18-19 Patient 7,Epuyen/18-19 Patient 11,ANDV Epuyen/18-19 Patient 7,ANDV Epuyen/18-19 Patient 11,II,II,Argentinean sequences,Argentinean sequences,False,False,True,0.0005422993492407809,1,1844,0.0,0,3645,0.0,0,6522,False,False
Epuyen/18-19 Patient 7,Epuyen/18-19 Patient 27,ANDV Epuyen/18-19 Patient 7,ANDV Epuyen/18-19 Patient 27,II,II,Argentinean sequences,Argentinean sequences,False,False,True,0.0005411255411255411,1,1848,0.0,0,3647,0.0,0,6533,False,False
Epuyen/18-19 Patient 7,Epuyen/18-19 Patient 5,ANDV Epuyen/18-19 Patient 7,ANDV Epuyen/18-19 Patient 5,II,II,Argentinean sequences,Argentinean sequences,False,False,True,0.0005408328826392645,1,1849,0.0,0,3649,0.0,0,6540,False,False
Epuyen/18-19 Patient 7,Epuyen,ANDV Epuyen/18-19 Patient 7,ANDV Epuyen,II,II,Argentinean sequences,Argentinean sequences,False,False,True,0.0010869565217391304,2,1840,0.0005483959418700301,2,3647,0.0001544878727019929,1,6473,False,False
Epuyen/18-19 Patient 7,p334,ANDV Epuyen/18-19 Patient 7,p334,II,I,Argentinean sequences,Chilean sequences,False,False,False,0.04851752021563342,90,1855,0.06886145404663924,251,3645,0.06540342298288508,428,6544,False,False
Epuyen/18-19 Patient 7,p1060,ANDV Epuyen/18-19 Patient 7,p1060,II,I,Argentinean sequences,Chilean sequences,False,False,False,0.04317323259579061,80,1853,0.06609983543609435,241,3646,0.07107918067869153,465,6542,False,False
Epuyen/18-19 Patient 7,p1056,ANDV Epuyen/18-19 Patient 7,p1056,II,I,Argentinean sequences,Chilean sequences,False,False,False,0.04366576819407008,81,1855,0.0458036204059243,167,3646,0.047233261999388564,309,6542,False,False
Epuyen/18-19 Patient 7,NRC-2/97,ANDV Epuyen/18-19 Patient 7,ANDV NRC-2/97,II,I,Argentinean sequences,Argentinean sequences,False,False,False,0.04216216216216216,78,1850,0.04470652770159078,163,3646,0.04648299215022318,302,6497,False,False
Epuyen/18-19 Patient 7,p115D,ANDV Epuyen/18-19 Patient 7,p115D,II,I,Argentinean sequences,Chilean sequences,False,False,False,0.037756202804746494,70,1854,0.043943971436418566,160,3641,0.08496332518337409,556,6544,False,False
Epuyen/18-19 Patient 7,p915,ANDV Epuyen/18-19 Patient 7,p915,II,I,Argentinean sequences,Chilean sequences,False,False,False,0.038876889848812095,72,1852,0.04534212695795548,165,3639,0.08486238532110092,555,6540,False,False
Epuyen/18-19 Patient 7,p201,ANDV Epuyen/18-19 Patient 7,p201,II,I,Argentinean sequences,Chilean sequences,False,False,False,0.038295577130528585,71,1854,0.044468844359044746,162,3643,0.0845565749235474,553,6540,False,False
Epuyen/18-19 Patient 7,p1064,ANDV Epuyen/18-19 Patient 7,p1064,II,I,Argentinean sequences,Chilean sequences,False,False,False,0.039892183288409704,74,1855,0.04781533388293487,174,3639,0.04417609293793947,289,6542,False,False
Epuyen/18-19 Patient 7,CHI-7913,ANDV Epuyen/18-19 Patient 7,ANDV CHI-7913,II,I,Argentinean sequences,Chilean sequences,False,False,False,0.04051054384017758,73,1802,0.04238921001926782,154,3633,0.04299412310547479,278,6466,False,False
Epuyen/18-19 Patient 7,p1062,ANDV Epuyen/18-19 Patient 7,p1062,II,I,Argentinean sequences,Chilean sequences,False,False,False,0.039353099730458224,73,1855,0.03784969829950631,138,3646,0.04721882640586797,309,6544,False,False
Epuyen/18-19 Patient 7,p1058,ANDV Epuyen/18-19 Patient 7,p1058,II,I,Argentinean sequences,Chilean sequences,False,False,False,0.038295577130528585,71,1854,0.0458036204059243,167,3646,0.04646896973402629,304,6542,False,False
Epuyen/18-19 Patient 7,NRC-5/18,ANDV Epuyen/18-19 Patient 7,ANDV NRC-5/18,II,I,Argentinean sequences,Argentinean sequences,False,False,False,0.037817396002161,70,1851,0.047123287671232875,172,3650,0.04764823042745519,311,6527,False,False
Epuyen/18-19 Patient 7,p1241,ANDV Epuyen/18-19 Patient 7,p1241,II,I,Argentinean sequences,Chilean sequences,False,False,False,0.03827493261455526,71,1855,0.04579106114614752,167,3647,0.048754394008864436,319,6543,False,False
Epuyen/18-19 Patient 7,p1313,ANDV Epuyen/18-19 Patient 7,p1313,II,I,Argentinean sequences,Chilean sequences,False,False,False,0.033962264150943396,63,1855,0.045279912184412734,165,3644,0.05074900642005503,332,6542,False,False
Epuyen/18-19 Patient 7,p126,ANDV Epuyen/18-19 Patient 7,p126,II,I,Argentinean sequences,Chilean sequences,False,False,False,0.033962264150943396,63,1855,0.0469264544456641,171,3644,0.05013757260776521,328,6542,False,False
Epuyen/18-19 Patient 7,136D,ANDV Epuyen/18-19 Patient 7,136D,II,I,Argentinean sequences,Chilean sequences,False,False,False,0.04120879120879121,75,1820,0.04857384919514261,172,3541,0.04892307692307692,318,6500,False,False
Epuyen/18-19 Patient 7,p1052,ANDV Epuyen/18-19 Patient 7,p1052,II,I,Argentinean sequences,Chilean sequences,False,False,False,0.03881401617250674,72,1855,0.04333516182117389,158,3646,0.0481504127178233,315,6542,False,False
Epuyen/18-19 Patient 7,131D,ANDV Epuyen/18-19 Patient 7,131D,II,I,Argentinean sequences,Chilean sequences,False,False,False,0.04108108108108108,76,1850,0.043952967525195966,157,3572,0.04920805781946794,320,6503,False,False
Epuyen/18-19 Patient 7,p127,ANDV Epuyen/18-19 Patient 7,p127,II,I,Argentinean sequences,Chilean sequences,False,False,False,0.039892183288409704,74,1855,0.04500548847420417,164,3644,0.04874694376528117,319,6544,False,False
Epuyen/18-19 Patient 7,p1427,ANDV Epuyen/18-19 Patient 7,p1427,II,I,Argentinean sequences,Chilean sequences,False,False,False,0.037756202804746494,70,1854,0.04198682766190999,153,3644,0.046149144254278726,302,6544,False,False
Epuyen/18-19 Patient 7,p1430,ANDV Epuyen/18-19 Patient 7,p1430,II,I,Argentinean sequences,Chilean sequences,False,False,False,0.03773584905660377,70,1855,0.04140389361118728,151,3647,0.04676039119804401,306,6544,False,False
Epuyen/18-19 Patient 7,ANDV-CH-LS-2016,ANDV Epuyen/18-19 Patient 7,ANDV-CH-LS-2016,II,I,Argentinean sequences,Chilean sequences,False,False,False,0.03904071388733965,70,1793,0.042429284525790346,153,3606,0.04760297096556381,282,5924,False,False
Epuyen/18-19 Patient 7,ANDV-CH-LS-2022,ANDV Epuyen/18-19 Patient 7,ANDV-CH-LS-2022,II,I,Argentinean sequences,Chilean sequences,False,False,False,0.038636363636363635,68,1760,0.04265264387963774,146,3423,0.047092743873137916,294,6243,False,False
Epuyen/18-19 Patient 7,ARG p19,ANDV Epuyen/18-19 Patient 7,ANDV ARG p19,II,III,Argentinean sequences,Argentinean sequences,False,False,False,0.041487068965517244,77,1856,0.03893611187277214,142,3647,0.04555984555984556,295,6475,False,False
Epuyen/18-19 Patient 7,ARG p3,ANDV Epuyen/18-19 Patient 7,ANDV ARG p3,II,III,Argentinean sequences,Argentinean sequences,False,False,False,0.04103671706263499,76,1852,0.038661913901837125,141,3647,0.04494038520330174,294,6542,False,False
Epuyen/18-19 Patient 7,ARG-M.a.,ANDV Epuyen/18-19 Patient 7,ANDV ARG-M.a.,II,III,Argentinean sequences,Argentinean sequences,False,False,False,0.041487068965517244,77,1856,0.03872562482834386,141,3641,0.045651501083255955,295,6462,False,False
Epuyen/18-19 Patient 7,ARG p9,ANDV Epuyen/18-19 Patient 7,ANDV ARG p9,II,III,Argentinean sequences,Argentinean sequences,False,False,False,0.041487068965517244,77,1856,0.038661913901837125,141,3647,0.04540540540540541,294,6475,False,False
Epuyen/18-19 Patient 7,p1316,ANDV Epuyen/18-19 Patient 7,p1316,II,III,Argentinean sequences,Chilean sequences,False,False,False,0.03933189655172414,73,1856,0.0405924300603401,148,3646,0.04464149212658615,292,6541,False,False
Epuyen/18-19 Patient 7,CHI-Hu13724 P2,ANDV Epuyen/18-19 Patient 7,ANDV CHI-Hu13724 P2,II,III,Argentinean sequences,Chilean sequences,False,False,False,0.040948275862068964,76,1856,0.042238069116840374,154,3646,0.046774686640171204,306,6542,False,False
Epuyen/18-19 Patient 7,p136,ANDV Epuyen/18-19 Patient 7,p136,II,III,Argentinean sequences,Chilean sequences,False,False,False,0.04040948275862069,75,1856,0.04226125137211855,154,3644,0.04676039119804401,306,6544,False,False
Epuyen/18-19 Patient 7,p137,ANDV Epuyen/18-19 Patient 7,p137,II,III,Argentinean sequences,Chilean sequences,False,False,False,0.04040948275862069,75,1856,0.04227285204501784,154,3643,0.046781837639504664,306,6541,False,False
Epuyen/18-19 Patient 7,CHI-Hu13724 P1,ANDV Epuyen/18-19 Patient 7,ANDV CHI-Hu13724 P1,II,III,Argentinean sequences,Chilean sequences,False,False,False,0.04040948275862069,75,1856,0.04226125137211855,154,3644,0.04676039119804401,306,6544,False,False
Epuyen/18-19 Patient 7,p1059,ANDV Epuyen/18-19 Patient 7,p1059,II,III,Argentinean sequences,Chilean sequences,False,True,False,0.04043126684636118,75,1855,0.04418221734357849,161,3644,0.04631611128095384,303,6542,False,False
Epuyen/18-19 Patient 7,NRC-4/18,ANDV Epuyen/18-19 Patient 7,ANDV NRC-4/18,II,III,Argentinean sequences,Argentinean sequences,False,True,False,0.04097035040431267,76,1855,0.04295485636114911,157,3655,0.04494038520330174,294,6542,False,False
Epuyen/18-19 Patient 7,NRC-3/18,ANDV Epuyen/18-19 Patient 7,ANDV NRC-3/18,II,III,Argentinean sequences,Argentinean sequences,False,True,False,0.04108108108108108,76,1850,0.0426812585499316,156,3655,0.044961003211500226,294,6539,False,False
Epuyen/18-19 Patient 7,132D,ANDV Epuyen/18-19 Patient 7,132D,II,III,Argentinean sequences,Chilean sequences,False,True,False,0.03945945945945946,73,1850,0.04678040726472207,170,3634,0.04729833154752793,309,6533,False,False
Epuyen/18-19 Patient 7,p1239,ANDV Epuyen/18-19 Patient 7,p1239,II,III,Argentinean sequences,Chilean sequences,False,True,False,0.03881401617250674,72,1855,0.043143720802418246,157,3639,0.046636085626911315,305,6540,False,False
Epuyen/18-19 Patient 7,p1242,ANDV Epuyen/18-19 Patient 7,p1242,II,III,Argentinean sequences,Chilean sequences,False,True,False,0.042048517520215635,78,1855,0.04421862125789618,161,3641,0.04647607399480202,304,6541,False,False
Epuyen/18-19 Patient 7,p931,ANDV Epuyen/18-19 Patient 7,p931,II,III,Argentinean sequences,Chilean sequences,False,True,False,0.04150943396226415,77,1855,0.04421862125789618,161,3641,0.04541284403669725,297,6540,False,False
Epuyen/18-19 Patient 7,p1236,ANDV Epuyen/18-19 Patient 7,p1236,II,III,Argentinean sequences,Chilean sequences,False,True,False,0.039892183288409704,74,1855,0.042547351084271205,155,3643,0.05105058365758755,328,6425,True,False
Epuyen/18-19 Patient 7,cruise,ANDV Epuyen/18-19 Patient 7,France-Case 9,II,III,Argentinean sequences,Cruise ship outbreak sequences,False,True,False,0.04002163331530557,74,1849,0.04442007129147244,162,3647,0.04554485709918998,298,6543,False,True
Epuyen/18-19 Patient 7,cruise,ANDV Epuyen/18-19 Patient 7,Spain-Case 10,II,III,Argentinean sequences,Cruise ship outbreak sequences,False,True,False,0.04006497022198159,74,1847,0.044468844359044746,162,3643,0.04557968797797492,298,6538,False,True
Epuyen/18-19 Patient 7,cruise,ANDV Epuyen/18-19 Patient 7,Spain-Case 12,II,III,Argentinean sequences,Cruise ship outbreak sequences,False,True,False,0.04006497022198159,74,1847,0.044468844359044746,162,3643,0.04557968797797492,298,6538,False,True
Epuyen/18-19 Patient 7,Switzerland-Case 7,ANDV Epuyen/18-19 Patient 7,Switzerland-Case 7,II,III,Argentinean sequences,Cruise ship outbreak sequences,False,True,False,0.04006497022198159,74,1847,0.044468844359044746,162,3643,0.04569070904645477,299,6544,False,True
Epuyen/18-19 Patient 7,cruise,ANDV Epuyen/18-19 Patient 7,Netherlands-Case 6,II,III,Argentinean sequences,Cruise ship outbreak sequences,False,True,False,0.04061470911086718,74,1822,0.04468965517241379,162,3625,0.04514452744397532,278,6158,False,True
Epuyen/18-19 Patient 7,cruise,ANDV Epuyen/18-19 Patient 7,Netherlands-Case 5,II,III,Argentinean sequences,Cruise ship outbreak sequences,False,True,False,0.041088284286507494,74,1801,0.045212019095759615,161,3561,0.045756685731952386,296,6469,False,True
Epuyen/18-19 Patient 7,cruise,ANDV Epuyen/18-19 Patient 7,Johannesburg-Case 2,II,III,Argentinean sequences,Cruise ship outbreak sequences,False,True,False,0.04206935758953951,74,1759,0.0448256779192031,162,3614,0.046108618288720406,298,6463,False,True
Epuyen/18-19 Patient 7,cruise,ANDV Epuyen/18-19 Patient 7,Johannesburg-Case 3,II,III,Argentinean sequences,Cruise ship outbreak sequences,False,True,False,0.04209328782707622,74,1758,0.04483430799220273,161,3591,0.04569150567310641,298,6522,False,True
Epuyen/18-19 Patient 7,cruise,ANDV Epuyen/18-19 Patient 7,Canada-Case 11_NPswab,II,III,Argentinean sequences,Cruise ship outbreak sequences,False,True,False,0.04022627278441232,64,1591,0.04665825977301387,148,3172,0.04586404586404586,280,6105,False,True
Epuyen/18-19 Patient 7,cruise,ANDV Epuyen/18-19 Patient 7,Canada-Case 11_blood,II,III,Argentinean sequences,Cruise ship outbreak sequences,False,True,False,0.04261363636363636,75,1760,0.04512331838565022,161,3568,0.045964642582628744,299,6505,False,True
Epuyen/18-19 Patient 24,Epuyen/18-19 Patient 4,ANDV Epuyen/18-19 Patient 24,ANDV Epuyen/18-19 Patient 4,II,II,Argentinean sequences,Argentinean sequences,False,False,True,0.0,0,1847,0.0002738225629791895,1,3652,0.00015309246785058175,1,6532,False,False
Epuyen/18-19 Patient 24,Epuyen/18-19 Patient 10,ANDV Epuyen/18-19 Patient 24,ANDV Epuyen/18-19 Patient 10,II,II,Argentinean sequences,Argentinean sequences,False,False,True,0.0,0,1840,0.0,0,3639,0.0,0,6415,False,False
Epuyen/18-19 Patient 24,Epuyen/18-19 Patient 15,ANDV Epuyen/18-19 Patient 24,ANDV Epuyen/18-19 Patient 15,II,II,Argentinean sequences,Argentinean sequences,False,False,True,0.0,0,1828,0.0,0,3633,0.0,0,6531,False,False
Epuyen/18-19 Patient 24,Epuyen/18-19 Patient 18,ANDV Epuyen/18-19 Patient 24,ANDV Epuyen/18-19 Patient 18,II,II,Argentinean sequences,Argentinean sequences,False,False,True,0.0,0,1826,0.0,0,3633,0.0,0,6490,False,False
Epuyen/18-19 Patient 24,Epuyen/18-19 Patient 23,ANDV Epuyen/18-19 Patient 24,ANDV Epuyen/18-19 Patient 23,II,II,Argentinean sequences,Argentinean sequences,False,False,True,0.0010822510822510823,2,1848,0.0,0,3646,0.0,0,6531,False,False
Epuyen/18-19 Patient 24,Epuyen/18-19 Patient 12,ANDV Epuyen/18-19 Patient 24,ANDV Epuyen/18-19 Patient 12,II,II,Argentinean sequences,Argentinean sequences,False,False,True,0.0,0,1848,0.0002738975623116954,1,3651,0.0,0,6532,False,False
Epuyen/18-19 Patient 24,Epuyen/18-19 Patient 25,ANDV Epuyen/18-19 Patient 24,ANDV Epuyen/18-19 Patient 25,II,II,Argentinean sequences,Argentinean sequences,False,False,True,0.0,0,1849,0.0,0,3650,0.0,0,6532,False,False
Epuyen/18-19 Patient 24,Epuyen/18-19 Patient 17,ANDV Epuyen/18-19 Patient 24,ANDV Epuyen/18-19 Patient 17,II,II,Argentinean sequences,Argentinean sequences,False,False,True,0.0,0,1849,0.0,0,3652,0.0,0,6532,False,False
Epuyen/18-19 Patient 24,Epuyen/18-19 Patient 3,ANDV Epuyen/18-19 Patient 24,ANDV Epuyen/18-19 Patient 3,II,II,Argentinean sequences,Argentinean sequences,False,False,True,0.0,0,1848,0.0,0,3650,0.0,0,6532,False,False
Epuyen/18-19 Patient 24,Epuyen/18-19 Patient 13,ANDV Epuyen/18-19 Patient 24,ANDV Epuyen/18-19 Patient 13,II,II,Argentinean sequences,Argentinean sequences,False,False,True,0.0,0,1848,0.0,0,3651,0.0,0,6532,False,False
Epuyen/18-19 Patient 24,Epuyen/18-19 Patient 1,ANDV Epuyen/18-19 Patient 24,ANDV Epuyen/18-19 Patient 1,II,II,Argentinean sequences,Argentinean sequences,False,False,True,0.0,0,1848,0.0,0,3651,0.0,0,6532,False,False
Epuyen/18-19 Patient 24,Epuyen/18-19 Patient 28,ANDV Epuyen/18-19 Patient 24,ANDV Epuyen/18-19 Patient 28,II,II,Argentinean sequences,Argentinean sequences,False,False,True,0.0,0,1847,0.0,0,3644,0.0,0,6532,False,False
Epuyen/18-19 Patient 24,Epuyen/18-19 Patient 16,ANDV Epuyen/18-19 Patient 24,ANDV Epuyen/18-19 Patient 16,II,II,Argentinean sequences,Argentinean sequences,False,False,True,0.0,0,1849,0.0,0,3650,0.0,0,6532,False,False
Epuyen/18-19 Patient 24,Epuyen/18-19 Patient 29,ANDV Epuyen/18-19 Patient 24,ANDV Epuyen/18-19 Patient 29,II,II,Argentinean sequences,Argentinean sequences,False,False,True,0.0,0,1849,0.0,0,3652,0.0,0,6532,False,False
Epuyen/18-19 Patient 24,Epuyen/18-19 Patient 19,ANDV Epuyen/18-19 Patient 24,ANDV Epuyen/18-19 Patient 19,II,II,Argentinean sequences,Argentinean sequences,False,False,True,0.0,0,1849,0.0,0,3651,0.0,0,6532,False,False
Epuyen/18-19 Patient 24,Epuyen/18-19 Patient 9,ANDV Epuyen/18-19 Patient 24,ANDV Epuyen/18-19 Patient 9,II,II,Argentinean sequences,Argentinean sequences,False,False,True,0.0,0,1849,0.0,0,3652,0.0,0,6532,False,False
Epuyen/18-19 Patient 24,Epuyen/18-19 Patient 20,ANDV Epuyen/18-19 Patient 24,ANDV Epuyen/18-19 Patient 20,II,II,Argentinean sequences,Argentinean sequences,False,False,True,0.0,0,1849,0.0,0,3650,0.0,0,6532,False,False
Epuyen/18-19 Patient 24,Epuyen/18-19 Patient 8,ANDV Epuyen/18-19 Patient 24,ANDV Epuyen/18-19 Patient 8,II,II,Argentinean sequences,Argentinean sequences,False,False,True,0.0,0,1849,0.0,0,3651,0.0,0,6532,False,False
Epuyen/18-19 Patient 24,Epuyen/18-19 Patient 14,ANDV Epuyen/18-19 Patient 24,ANDV Epuyen/18-19 Patient 14,II,II,Argentinean sequences,Argentinean sequences,False,False,True,0.0,0,1849,0.0,0,3652,0.0,0,6532,False,False
Epuyen/18-19 Patient 24,Epuyen/18-19 Patient 11,ANDV Epuyen/18-19 Patient 24,ANDV Epuyen/18-19 Patient 11,II,II,Argentinean sequences,Argentinean sequences,False,False,True,0.0,0,1844,0.0,0,3645,0.0,0,6522,False,False
Epuyen/18-19 Patient 24,Epuyen/18-19 Patient 27,ANDV Epuyen/18-19 Patient 24,ANDV Epuyen/18-19 Patient 27,II,II,Argentinean sequences,Argentinean sequences,False,False,True,0.0,0,1848,0.0,0,3646,0.0,0,6532,False,False
Epuyen/18-19 Patient 24,Epuyen/18-19 Patient 5,ANDV Epuyen/18-19 Patient 24,ANDV Epuyen/18-19 Patient 5,II,II,Argentinean sequences,Argentinean sequences,False,False,True,0.0,0,1846,0.0,0,3649,0.0,0,6532,False,False
Epuyen/18-19 Patient 24,Epuyen,ANDV Epuyen/18-19 Patient 24,ANDV Epuyen,II,II,Argentinean sequences,Argentinean sequences,False,False,True,0.0005458515283842794,1,1832,0.0005483959418700301,2,3647,0.00015460729746444033,1,6468,False,False
Epuyen/18-19 Patient 24,p334,ANDV Epuyen/18-19 Patient 24,p334,II,I,Argentinean sequences,Chilean sequences,False,False,False,0.04816017316017316,89,1848,0.06889925885259401,251,3643,0.065523576240049,428,6532,False,False
Epuyen/18-19 Patient 24,p1060,ANDV Epuyen/18-19 Patient 24,p1060,II,I,Argentinean sequences,Chilean sequences,False,False,False,0.04279523293607801,79,1846,0.06613611416026345,241,3644,0.07118799755052052,465,6532,False,False
Epuyen/18-19 Patient 24,p1056,ANDV Epuyen/18-19 Patient 24,p1056,II,I,Argentinean sequences,Chilean sequences,False,False,False,0.04329004329004329,80,1848,0.045828759604829856,167,3644,0.04730557256582976,309,6532,False,False
Epuyen/18-19 Patient 24,NRC-2/97,ANDV Epuyen/18-19 Patient 24,ANDV NRC-2/97,II,I,Argentinean sequences,Argentinean sequences,False,False,False,0.04171180931744312,77,1846,0.04470652770159078,163,3646,0.04654747225647349,302,6488,False,False
Epuyen/18-19 Patient 24,p115D,ANDV Epuyen/18-19 Patient 24,p115D,II,I,Argentinean sequences,Chilean sequences,False,False,False,0.03735787763941527,69,1847,0.043931905546403076,160,3642,0.08511941212492345,556,6532,False,False
Epuyen/18-19 Patient 24,p915,ANDV Epuyen/18-19 Patient 24,p915,II,I,Argentinean sequences,Chilean sequences,False,False,False,0.03848238482384824,71,1845,0.04532967032967033,165,3640,0.08496631965707287,555,6532,False,False
Epuyen/18-19 Patient 24,p201,ANDV Epuyen/18-19 Patient 24,p201,II,I,Argentinean sequences,Chilean sequences,False,False,False,0.03791982665222102,70,1846,0.04445664105378705,162,3644,0.08466013472137171,553,6532,False,False
Epuyen/18-19 Patient 24,p1064,ANDV Epuyen/18-19 Patient 24,p1064,II,I,Argentinean sequences,Chilean sequences,False,False,False,0.03952355170546833,73,1847,0.0478021978021978,174,3640,0.04424372320881813,289,6532,False,False
Epuyen/18-19 Patient 24,CHI-7913,ANDV Epuyen/18-19 Patient 24,ANDV CHI-7913,II,I,Argentinean sequences,Chilean sequences,False,False,False,0.03995560488346282,72,1802,0.04237754540451293,154,3634,0.04299412310547479,278,6466,False,False
Epuyen/18-19 Patient 24,p1062,ANDV Epuyen/18-19 Patient 24,p1062,II,I,Argentinean sequences,Chilean sequences,False,False,False,0.03896103896103896,72,1848,0.03787047200878156,138,3644,0.04730557256582976,309,6532,False,False
Epuyen/18-19 Patient 24,p1058,ANDV Epuyen/18-19 Patient 24,p1058,II,I,Argentinean sequences,Chilean sequences,False,False,False,0.03789929615592853,70,1847,0.045828759604829856,167,3644,0.04654011022657685,304,6532,False,False
Epuyen/18-19 Patient 24,NRC-5/18,ANDV Epuyen/18-19 Patient 24,ANDV NRC-5/18,II,I,Argentinean sequences,Argentinean sequences,False,False,False,0.03731746890210925,69,1849,0.047123287671232875,172,3650,0.04769938650306749,311,6520,False,False
Epuyen/18-19 Patient 24,p1241,ANDV Epuyen/18-19 Patient 24,p1241,II,I,Argentinean sequences,Chilean sequences,False,False,False,0.03787878787878788,70,1848,0.045828759604829856,167,3644,0.04884397488899097,319,6531,False,False
Epuyen/18-19 Patient 24,p1313,ANDV Epuyen/18-19 Patient 24,p1313,II,I,Argentinean sequences,Chilean sequences,False,False,False,0.03354978354978355,62,1848,0.045279912184412734,165,3644,0.050826699326393145,332,6532,False,False
Epuyen/18-19 Patient 24,p126,ANDV Epuyen/18-19 Patient 24,p126,II,I,Argentinean sequences,Chilean sequences,False,False,False,0.03354978354978355,62,1848,0.0469264544456641,171,3644,0.05021432945499082,328,6532,False,False
Epuyen/18-19 Patient 24,136D,ANDV Epuyen/18-19 Patient 24,136D,II,I,Argentinean sequences,Chilean sequences,False,False,False,0.04065934065934066,74,1820,0.04857384919514261,172,3541,0.04892307692307692,318,6500,False,False
Epuyen/18-19 Patient 24,p1052,ANDV Epuyen/18-19 Patient 24,p1052,II,I,Argentinean sequences,Chilean sequences,False,False,False,0.038419913419913417,71,1848,0.0433589462129528,158,3644,0.04822412737293325,315,6532,False,False
Epuyen/18-19 Patient 24,131D,ANDV Epuyen/18-19 Patient 24,131D,II,I,Argentinean sequences,Chilean sequences,False,False,False,0.04065040650406504,75,1845,0.043952967525195966,157,3572,0.04920805781946794,320,6503,False,False
Epuyen/18-19 Patient 24,p127,ANDV Epuyen/18-19 Patient 24,p127,II,I,Argentinean sequences,Chilean sequences,False,False,False,0.039502164502164504,73,1848,0.04500548847420417,164,3644,0.04883649724433558,319,6532,False,False
Epuyen/18-19 Patient 24,p1427,ANDV Epuyen/18-19 Patient 24,p1427,II,I,Argentinean sequences,Chilean sequences,False,False,False,0.03735787763941527,69,1847,0.04198682766190999,153,3644,0.04623392529087569,302,6532,False,False
Epuyen/18-19 Patient 24,p1430,ANDV Epuyen/18-19 Patient 24,p1430,II,I,Argentinean sequences,Chilean sequences,False,False,False,0.037337662337662336,69,1848,0.04143798024149287,151,3644,0.046846295162278014,306,6532,False,False
Epuyen/18-19 Patient 24,ANDV-CH-LS-2016,ANDV Epuyen/18-19 Patient 24,ANDV-CH-LS-2016,II,I,Argentinean sequences,Chilean sequences,False,False,False,0.0384829894032348,69,1793,0.042429284525790346,153,3606,0.04760297096556381,282,5924,False,False
Epuyen/18-19 Patient 24,ANDV-CH-LS-2022,ANDV Epuyen/18-19 Patient 24,ANDV-CH-LS-2022,II,I,Argentinean sequences,Chilean sequences,False,False,False,0.03806818181818182,67,1760,0.04265264387963774,146,3423,0.047092743873137916,294,6243,False,False
Epuyen/18-19 Patient 24,ARG p19,ANDV Epuyen/18-19 Patient 24,ANDV ARG p19,II,III,Argentinean sequences,Argentinean sequences,False,False,False,0.0411032990805841,76,1849,0.03896816684961581,142,3644,0.04555984555984556,295,6475,False,False
Epuyen/18-19 Patient 24,ARG p3,ANDV Epuyen/18-19 Patient 24,ANDV ARG p3,II,III,Argentinean sequences,Argentinean sequences,False,False,False,0.04056246619794483,75,1849,0.038693743139407245,141,3644,0.04500918554807103,294,6532,False,False
Epuyen/18-19 Patient 24,ARG-M.a.,ANDV Epuyen/18-19 Patient 24,ANDV ARG-M.a.,II,III,Argentinean sequences,Argentinean sequences,False,False,False,0.0411032990805841,76,1849,0.03871499176276771,141,3642,0.045651501083255955,295,6462,False,False
Epuyen/18-19 Patient 24,ARG p9,ANDV Epuyen/18-19 Patient 24,ANDV ARG p9,II,III,Argentinean sequences,Argentinean sequences,False,False,False,0.0411032990805841,76,1849,0.038693743139407245,141,3644,0.04540540540540541,294,6475,False,False
Epuyen/18-19 Patient 24,p1316,ANDV Epuyen/18-19 Patient 24,p1316,II,III,Argentinean sequences,Chilean sequences,False,False,False,0.038939967550027044,72,1849,0.04061470911086718,148,3644,0.04470300061236987,292,6532,False,False
Epuyen/18-19 Patient 24,CHI-Hu13724 P2,ANDV Epuyen/18-19 Patient 24,ANDV CHI-Hu13724 P2,II,III,Argentinean sequences,Chilean sequences,False,False,False,0.04056246619794483,75,1849,0.04226125137211855,154,3644,0.046846295162278014,306,6532,False,False
Epuyen/18-19 Patient 24,p136,ANDV Epuyen/18-19 Patient 24,p136,II,III,Argentinean sequences,Chilean sequences,False,False,False,0.04002163331530557,74,1849,0.04226125137211855,154,3644,0.046846295162278014,306,6532,False,False
Epuyen/18-19 Patient 24,p137,ANDV Epuyen/18-19 Patient 24,p137,II,III,Argentinean sequences,Chilean sequences,False,False,False,0.04002163331530557,74,1849,0.04226125137211855,154,3644,0.046846295162278014,306,6532,False,False
Epuyen/18-19 Patient 24,CHI-Hu13724 P1,ANDV Epuyen/18-19 Patient 24,ANDV CHI-Hu13724 P1,II,III,Argentinean sequences,Chilean sequences,False,False,False,0.04002163331530557,74,1849,0.04226125137211855,154,3644,0.046846295162278014,306,6532,False,False
Epuyen/18-19 Patient 24,p1059,ANDV Epuyen/18-19 Patient 24,p1059,II,III,Argentinean sequences,Chilean sequences,False,True,False,0.04004329004329004,74,1848,0.04418221734357849,161,3644,0.04638701775872627,303,6532,False,False
Epuyen/18-19 Patient 24,NRC-4/18,ANDV Epuyen/18-19 Patient 24,ANDV NRC-4/18,II,III,Argentinean sequences,Argentinean sequences,False,True,False,0.040584415584415584,75,1848,0.04299014238773275,157,3652,0.04501607717041801,294,6531,False,False
Epuyen/18-19 Patient 24,NRC-3/18,ANDV Epuyen/18-19 Patient 24,ANDV NRC-3/18,II,III,Argentinean sequences,Argentinean sequences,False,True,False,0.040584415584415584,75,1848,0.04272801972062449,156,3651,0.04500918554807103,294,6532,False,False
Epuyen/18-19 Patient 24,132D,ANDV Epuyen/18-19 Patient 24,132D,II,III,Argentinean sequences,Chilean sequences,False,True,False,0.039045553145336226,72,1844,0.04678040726472207,170,3634,0.04734181093917573,309,6527,False,False
Epuyen/18-19 Patient 24,p1239,ANDV Epuyen/18-19 Patient 24,p1239,II,III,Argentinean sequences,Chilean sequences,False,True,False,0.038419913419913417,71,1848,0.04313186813186813,157,3640,0.046693202694427435,305,6532,False,False
Epuyen/18-19 Patient 24,p1242,ANDV Epuyen/18-19 Patient 24,p1242,II,III,Argentinean sequences,Chilean sequences,False,True,False,0.041666666666666664,77,1848,0.04420647995606809,161,3642,0.04654011022657685,304,6532,False,False
Epuyen/18-19 Patient 24,p931,ANDV Epuyen/18-19 Patient 24,p931,II,III,Argentinean sequences,Chilean sequences,False,True,False,0.04112554112554113,76,1848,0.04420647995606809,161,3642,0.04546846295162278,297,6532,False,False
Epuyen/18-19 Patient 24,p1236,ANDV Epuyen/18-19 Patient 24,p1236,II,III,Argentinean sequences,Chilean sequences,False,True,False,0.039502164502164504,73,1848,0.04253567508232711,155,3644,0.05105058365758755,328,6425,True,False
Epuyen/18-19 Patient 24,cruise,ANDV Epuyen/18-19 Patient 24,France-Case 9,II,III,Argentinean sequences,Cruise ship outbreak sequences,False,True,False,0.039630836047774155,73,1842,0.04445664105378705,162,3644,0.04562155541947336,298,6532,False,True
Epuyen/18-19 Patient 24,cruise,ANDV Epuyen/18-19 Patient 24,Spain-Case 10,II,III,Argentinean sequences,Cruise ship outbreak sequences,False,True,False,0.03969548667754214,73,1839,0.04445664105378705,162,3644,0.04562155541947336,298,6532,False,True
Epuyen/18-19 Patient 24,cruise,ANDV Epuyen/18-19 Patient 24,Spain-Case 12,II,III,Argentinean sequences,Cruise ship outbreak sequences,False,True,False,0.03969548667754214,73,1839,0.04445664105378705,162,3644,0.04562155541947336,298,6532,False,True
Epuyen/18-19 Patient 24,Switzerland-Case 7,ANDV Epuyen/18-19 Patient 24,Switzerland-Case 7,II,III,Argentinean sequences,Cruise ship outbreak sequences,False,True,False,0.03969548667754214,73,1839,0.04445664105378705,162,3644,0.045774647887323945,299,6532,False,True
Epuyen/18-19 Patient 24,cruise,ANDV Epuyen/18-19 Patient 24,Netherlands-Case 6,II,III,Argentinean sequences,Cruise ship outbreak sequences,False,True,False,0.04006586169045005,73,1822,0.04468965517241379,162,3625,0.04516653127538586,278,6155,False,True
Epuyen/18-19 Patient 24,cruise,ANDV Epuyen/18-19 Patient 24,Netherlands-Case 5,II,III,Argentinean sequences,Cruise ship outbreak sequences,False,True,False,0.04053303720155469,73,1801,0.045212019095759615,161,3561,0.04579916447470215,296,6463,False,True
Epuyen/18-19 Patient 24,cruise,ANDV Epuyen/18-19 Patient 24,Johannesburg-Case 2,II,III,Argentinean sequences,Cruise ship outbreak sequences,False,True,False,0.041500852757248435,73,1759,0.0448256779192031,162,3614,0.04596100278551532,297,6462,False,True
Epuyen/18-19 Patient 24,cruise,ANDV Epuyen/18-19 Patient 24,Johannesburg-Case 3,II,III,Argentinean sequences,Cruise ship outbreak sequences,False,True,False,0.04152445961319681,73,1758,0.04483430799220273,161,3591,0.04570552147239264,298,6520,False,True
Epuyen/18-19 Patient 24,cruise,ANDV Epuyen/18-19 Patient 24,Canada-Case 11_NPswab,II,III,Argentinean sequences,Cruise ship outbreak sequences,False,True,False,0.039597737272155875,63,1591,0.04665825977301387,148,3172,0.04586404586404586,280,6105,False,True
Epuyen/18-19 Patient 24,cruise,ANDV Epuyen/18-19 Patient 24,Canada-Case 11_blood,II,III,Argentinean sequences,Cruise ship outbreak sequences,False,True,False,0.042045454545454546,74,1760,0.04512331838565022,161,3568,0.045964642582628744,299,6505,False,True
Epuyen/18-19 Patient 4,Epuyen/18-19 Patient 10,ANDV Epuyen/18-19 Patient 4,ANDV Epuyen/18-19 Patient 10,II,II,Argentinean sequences,Argentinean sequences,False,False,True,0.0,0,1843,0.0002748007694421544,1,3639,0.0001558846453624318,1,6415,False,False
Epuyen/18-19 Patient 4,Epuyen/18-19 Patient 15,ANDV Epuyen/18-19 Patient 4,ANDV Epuyen/18-19 Patient 15,II,II,Argentinean sequences,Argentinean sequences,False,False,True,0.0,0,1828,0.0002752546105147261,1,3633,0.0001531159087429184,1,6531,False,False
Epuyen/18-19 Patient 4,Epuyen/18-19 Patient 18,ANDV Epuyen/18-19 Patient 4,ANDV Epuyen/18-19 Patient 18,II,II,Argentinean sequences,Argentinean sequences,False,False,True,0.0,0,1826,0.0002752546105147261,1,3633,0.00015408320493066256,1,6490,False,False
Epuyen/18-19 Patient 4,Epuyen/18-19 Patient 23,ANDV Epuyen/18-19 Patient 4,ANDV Epuyen/18-19 Patient 23,II,II,Argentinean sequences,Argentinean sequences,False,False,True,0.001081665765278529,2,1849,0.00027427317608337906,1,3646,0.0001531159087429184,1,6531,False,False
Epuyen/18-19 Patient 4,Epuyen/18-19 Patient 12,ANDV Epuyen/18-19 Patient 4,ANDV Epuyen/18-19 Patient 12,II,II,Argentinean sequences,Argentinean sequences,False,False,True,0.0,0,1851,0.0005471956224350205,2,3655,0.0001528584530724549,1,6542,False,False
Epuyen/18-19 Patient 4,Epuyen/18-19 Patient 25,ANDV Epuyen/18-19 Patient 4,ANDV Epuyen/18-19 Patient 25,II,II,Argentinean sequences,Argentinean sequences,False,False,True,0.0,0,1856,0.0002736726874657909,1,3654,0.0001528584530724549,1,6542,False,False
Epuyen/18-19 Patient 4,Epuyen/18-19 Patient 17,ANDV Epuyen/18-19 Patient 4,ANDV Epuyen/18-19 Patient 17,II,II,Argentinean sequences,Argentinean sequences,False,False,True,0.0,0,1856,0.00027344818156959256,1,3657,0.0001528584530724549,1,6542,False,False
Epuyen/18-19 Patient 4,Epuyen/18-19 Patient 3,ANDV Epuyen/18-19 Patient 4,ANDV Epuyen/18-19 Patient 3,II,II,Argentinean sequences,Argentinean sequences,False,False,True,0.0,0,1850,0.0002736726874657909,1,3654,0.0001529285823520416,1,6539,False,False
Epuyen/18-19 Patient 4,Epuyen/18-19 Patient 13,ANDV Epuyen/18-19 Patient 4,ANDV Epuyen/18-19 Patient 13,II,II,Argentinean sequences,Argentinean sequences,False,False,True,0.0,0,1850,0.00027359781121751026,1,3655,0.00015288182235132243,1,6541,False,False
Epuyen/18-19 Patient 4,Epuyen/18-19 Patient 1,ANDV Epuyen/18-19 Patient 4,ANDV Epuyen/18-19 Patient 1,II,II,Argentinean sequences,Argentinean sequences,False,False,True,0.0,0,1850,0.0002736726874657909,1,3654,0.00015288182235132243,1,6541,False,False
Epuyen/18-19 Patient 4,Epuyen/18-19 Patient 28,ANDV Epuyen/18-19 Patient 4,ANDV Epuyen/18-19 Patient 28,II,II,Argentinean sequences,Argentinean sequences,False,False,True,0.0,0,1849,0.00027419797093501506,1,3647,0.00015309246785058175,1,6532,False,False
Epuyen/18-19 Patient 4,Epuyen/18-19 Patient 16,ANDV Epuyen/18-19 Patient 4,ANDV Epuyen/18-19 Patient 16,II,II,Argentinean sequences,Argentinean sequences,False,False,True,0.0,0,1852,0.0002738975623116954,1,3651,0.00015288182235132243,1,6541,False,False
Epuyen/18-19 Patient 4,Epuyen/18-19 Patient 29,ANDV Epuyen/18-19 Patient 4,ANDV Epuyen/18-19 Patient 29,II,II,Argentinean sequences,Argentinean sequences,False,False,True,0.0,0,1852,0.00027329871549603714,1,3659,0.0001528584530724549,1,6542,False,False
Epuyen/18-19 Patient 4,Epuyen/18-19 Patient 19,ANDV Epuyen/18-19 Patient 4,ANDV Epuyen/18-19 Patient 19,II,II,Argentinean sequences,Argentinean sequences,False,False,True,0.0,0,1856,0.00027359781121751026,1,3655,0.0001528584530724549,1,6542,False,False
Epuyen/18-19 Patient 4,Epuyen/18-19 Patient 9,ANDV Epuyen/18-19 Patient 4,ANDV Epuyen/18-19 Patient 9,II,II,Argentinean sequences,Argentinean sequences,False,False,True,0.0,0,1856,0.00027329871549603714,1,3659,0.0001528584530724549,1,6542,False,False
Epuyen/18-19 Patient 4,Epuyen/18-19 Patient 20,ANDV Epuyen/18-19 Patient 4,ANDV Epuyen/18-19 Patient 20,II,II,Argentinean sequences,Argentinean sequences,False,False,True,0.0,0,1856,0.0002736726874657909,1,3654,0.00015295197308045274,1,6538,False,False
Epuyen/18-19 Patient 4,Epuyen/18-19 Patient 8,ANDV Epuyen/18-19 Patient 4,ANDV Epuyen/18-19 Patient 8,II,II,Argentinean sequences,Argentinean sequences,False,False,True,0.0,0,1856,0.0002736726874657909,1,3654,0.0001528584530724549,1,6542,False,False
Epuyen/18-19 Patient 4,Epuyen/18-19 Patient 14,ANDV Epuyen/18-19 Patient 4,ANDV Epuyen/18-19 Patient 14,II,II,Argentinean sequences,Argentinean sequences,False,False,True,0.0,0,1853,0.00027344818156959256,1,3657,0.0001528584530724549,1,6542,False,False
Epuyen/18-19 Patient 4,Epuyen/18-19 Patient 11,ANDV Epuyen/18-19 Patient 4,ANDV Epuyen/18-19 Patient 11,II,II,Argentinean sequences,Argentinean sequences,False,False,True,0.0,0,1844,0.00027434842249657066,1,3645,0.00015332720024532353,1,6522,False,False
Epuyen/18-19 Patient 4,Epuyen/18-19 Patient 27,ANDV Epuyen/18-19 Patient 4,ANDV Epuyen/18-19 Patient 27,II,II,Argentinean sequences,Argentinean sequences,False,False,True,0.0,0,1847,0.00027419797093501506,1,3647,0.00015306903413439462,1,6533,False,False
Epuyen/18-19 Patient 4,Epuyen/18-19 Patient 5,ANDV Epuyen/18-19 Patient 4,ANDV Epuyen/18-19 Patient 5,II,II,Argentinean sequences,Argentinean sequences,False,False,True,0.0,0,1849,0.0002740476842970677,1,3649,0.0001529051987767584,1,6540,False,False
Epuyen/18-19 Patient 4,Epuyen,ANDV Epuyen/18-19 Patient 4,ANDV Epuyen,II,II,Argentinean sequences,Argentinean sequences,False,False,True,0.0005431830526887561,1,1841,0.0008225939128050452,3,3647,0.0003089757454039858,2,6473,False,False
Epuyen/18-19 Patient 4,p334,ANDV Epuyen/18-19 Patient 4,p334,II,I,Argentinean sequences,Chilean sequences,False,False,False,0.04797843665768194,89,1855,0.06906001644286106,252,3649,0.06557627636808315,429,6542,False,False
Epuyen/18-19 Patient 4,p1060,ANDV Epuyen/18-19 Patient 4,p1060,II,I,Argentinean sequences,Chilean sequences,False,False,False,0.04263356718834323,79,1853,0.0663013698630137,242,3650,0.07125382262996942,466,6540,False,False
Epuyen/18-19 Patient 4,p1056,ANDV Epuyen/18-19 Patient 4,p1056,II,I,Argentinean sequences,Chilean sequences,False,False,False,0.0431266846361186,80,1855,0.046027397260273974,168,3650,0.047400611620795105,310,6540,False,False
Epuyen/18-19 Patient 4,NRC-2/97,ANDV Epuyen/18-19 Patient 4,ANDV NRC-2/97,II,I,Argentinean sequences,Argentinean sequences,False,False,False,0.04164413196322336,77,1849,0.044980800877674164,164,3646,0.046636909342773585,303,6497,False,False
Epuyen/18-19 Patient 4,p115D,ANDV Epuyen/18-19 Patient 4,p115D,II,I,Argentinean sequences,Chilean sequences,False,False,False,0.0372168284789644,69,1854,0.04417009602194787,161,3645,0.08514215836135738,557,6542,False,False
Epuyen/18-19 Patient 4,p915,ANDV Epuyen/18-19 Patient 4,p915,II,I,Argentinean sequences,Chilean sequences,False,False,False,0.03833693304535637,71,1852,0.045566840516058194,166,3643,0.08504129703273172,556,6538,False,False
Epuyen/18-19 Patient 4,p201,ANDV Epuyen/18-19 Patient 4,p201,II,I,Argentinean sequences,Chilean sequences,False,False,False,0.037756202804746494,70,1854,0.04469426926240746,163,3647,0.08473539308657081,554,6538,False,False
Epuyen/18-19 Patient 4,p1064,ANDV Epuyen/18-19 Patient 4,p1064,II,I,Argentinean sequences,Chilean sequences,False,False,False,0.03881401617250674,72,1855,0.04803733186933846,175,3643,0.04434250764525994,290,6540,False,False
Epuyen/18-19 Patient 4,CHI-7913,ANDV Epuyen/18-19 Patient 4,ANDV CHI-7913,II,I,Argentinean sequences,Chilean sequences,False,False,False,0.03995560488346282,72,1802,0.04261754193016222,155,3637,0.04314877822455923,279,6466,False,False
Epuyen/18-19 Patient 4,p1062,ANDV Epuyen/18-19 Patient 4,p1062,II,I,Argentinean sequences,Chilean sequences,False,False,False,0.03881401617250674,72,1855,0.038082191780821915,139,3650,0.047386120452461024,310,6542,False,False
Epuyen/18-19 Patient 4,p1058,ANDV Epuyen/18-19 Patient 4,p1058,II,I,Argentinean sequences,Chilean sequences,False,False,False,0.037756202804746494,70,1854,0.046027397260273974,168,3650,0.0463302752293578,303,6540,False,False
Epuyen/18-19 Patient 4,NRC-5/18,ANDV Epuyen/18-19 Patient 4,ANDV NRC-5/18,II,I,Argentinean sequences,Argentinean sequences,False,False,False,0.0372972972972973,69,1850,0.047397260273972605,173,3650,0.04780144017159491,312,6527,False,False
Epuyen/18-19 Patient 4,p1241,ANDV Epuyen/18-19 Patient 4,p1241,II,I,Argentinean sequences,Chilean sequences,False,False,False,0.03773584905660377,70,1855,0.04601479046836483,168,3651,0.04892218315242318,320,6541,False,False
Epuyen/18-19 Patient 4,p1313,ANDV Epuyen/18-19 Patient 4,p1313,II,I,Argentinean sequences,Chilean sequences,False,False,False,0.033423180592991916,62,1855,0.04550438596491228,166,3648,0.05091743119266055,333,6540,False,False
Epuyen/18-19 Patient 4,p126,ANDV Epuyen/18-19 Patient 4,p126,II,I,Argentinean sequences,Chilean sequences,False,False,False,0.033423180592991916,62,1855,0.047149122807017545,172,3648,0.05030581039755352,329,6540,False,False
Epuyen/18-19 Patient 4,136D,ANDV Epuyen/18-19 Patient 4,136D,II,I,Argentinean sequences,Chilean sequences,False,False,False,0.04065934065934066,74,1820,0.04885625529511437,173,3541,0.049076923076923074,319,6500,False,False
Epuyen/18-19 Patient 4,p1052,ANDV Epuyen/18-19 Patient 4,p1052,II,I,Argentinean sequences,Chilean sequences,False,False,False,0.03827493261455526,71,1855,0.04356164383561644,159,3650,0.048318042813455656,316,6540,False,False
Epuyen/18-19 Patient 4,131D,ANDV Epuyen/18-19 Patient 4,131D,II,I,Argentinean sequences,Chilean sequences,False,False,False,0.04054054054054054,75,1850,0.044232922732362824,158,3572,0.049361833000153774,321,6503,False,False
Epuyen/18-19 Patient 4,p127,ANDV Epuyen/18-19 Patient 4,p127,II,I,Argentinean sequences,Chilean sequences,False,False,False,0.039353099730458224,73,1855,0.04523026315789474,165,3648,0.04891470498318557,320,6542,False,False
Epuyen/18-19 Patient 4,p1427,ANDV Epuyen/18-19 Patient 4,p1427,II,I,Argentinean sequences,Chilean sequences,False,False,False,0.0372168284789644,69,1854,0.042214912280701754,154,3648,0.04631611128095384,303,6542,False,False
Epuyen/18-19 Patient 4,p1430,ANDV Epuyen/18-19 Patient 4,p1430,II,I,Argentinean sequences,Chilean sequences,False,False,False,0.03719676549865229,69,1855,0.041632429471377706,152,3651,0.04692754509324366,307,6542,False,False
Epuyen/18-19 Patient 4,ANDV-CH-LS-2016,ANDV Epuyen/18-19 Patient 4,ANDV-CH-LS-2016,II,I,Argentinean sequences,Chilean sequences,False,False,False,0.0384829894032348,69,1793,0.04270660011092623,154,3606,0.04777177582714382,283,5924,False,False
Epuyen/18-19 Patient 4,ANDV-CH-LS-2022,ANDV Epuyen/18-19 Patient 4,ANDV-CH-LS-2022,II,I,Argentinean sequences,Chilean sequences,False,False,False,0.03806818181818182,67,1760,0.04265264387963774,146,3423,0.04725292327406695,295,6243,False,False
Epuyen/18-19 Patient 4,ARG p19,ANDV Epuyen/18-19 Patient 4,ANDV ARG p19,II,III,Argentinean sequences,Argentinean sequences,False,False,False,0.040948275862068964,76,1856,0.03916735141057245,143,3651,0.045714285714285714,296,6475,False,False
Epuyen/18-19 Patient 4,ARG p3,ANDV Epuyen/18-19 Patient 4,ANDV ARG p3,II,III,Argentinean sequences,Argentinean sequences,False,False,False,0.04051863857374392,75,1851,0.03889345384826075,142,3651,0.045093243656374196,295,6542,False,False
Epuyen/18-19 Patient 4,ARG-M.a.,ANDV Epuyen/18-19 Patient 4,ANDV ARG-M.a.,II,III,Argentinean sequences,Argentinean sequences,False,False,False,0.040948275862068964,76,1856,0.03895747599451303,142,3645,0.04580625193438564,296,6462,False,False
Epuyen/18-19 Patient 4,ARG p9,ANDV Epuyen/18-19 Patient 4,ANDV ARG p9,II,III,Argentinean sequences,Argentinean sequences,False,False,False,0.040948275862068964,76,1856,0.03889345384826075,142,3651,0.04555984555984556,295,6475,False,False
Epuyen/18-19 Patient 4,p1316,ANDV Epuyen/18-19 Patient 4,p1316,II,III,Argentinean sequences,Chilean sequences,False,False,False,0.03879310344827586,72,1856,0.04082191780821918,149,3650,0.04480807462914819,293,6539,False,False
Epuyen/18-19 Patient 4,CHI-Hu13724 P2,ANDV Epuyen/18-19 Patient 4,ANDV CHI-Hu13724 P2,II,III,Argentinean sequences,Chilean sequences,False,False,False,0.04040948275862069,75,1856,0.04246575342465753,155,3650,0.04694189602446483,307,6540,False,False
Epuyen/18-19 Patient 4,p136,ANDV Epuyen/18-19 Patient 4,p136,II,III,Argentinean sequences,Chilean sequences,False,False,False,0.03987068965517242,74,1856,0.0424890350877193,155,3648,0.04692754509324366,307,6542,False,False
Epuyen/18-19 Patient 4,p137,ANDV Epuyen/18-19 Patient 4,p137,II,III,Argentinean sequences,Chilean sequences,False,False,False,0.039892183288409704,74,1855,0.04250068549492734,155,3647,0.04694907478207677,307,6539,False,False
Epuyen/18-19 Patient 4,CHI-Hu13724 P1,ANDV Epuyen/18-19 Patient 4,ANDV CHI-Hu13724 P1,II,III,Argentinean sequences,Chilean sequences,False,False,False,0.03987068965517242,74,1856,0.0424890350877193,155,3648,0.04692754509324366,307,6542,False,False
Epuyen/18-19 Patient 4,p1059,ANDV Epuyen/18-19 Patient 4,p1059,II,III,Argentinean sequences,Chilean sequences,False,True,False,0.039892183288409704,74,1855,0.044407894736842105,162,3648,0.046483180428134555,304,6540,False,False
Epuyen/18-19 Patient 4,NRC-4/18,ANDV Epuyen/18-19 Patient 4,ANDV NRC-4/18,II,III,Argentinean sequences,Argentinean sequences,False,True,False,0.04043126684636118,75,1855,0.04321663019693654,158,3656,0.045100137593640115,295,6541,False,False
Epuyen/18-19 Patient 4,NRC-3/18,ANDV Epuyen/18-19 Patient 4,ANDV NRC-3/18,II,III,Argentinean sequences,Argentinean sequences,False,True,False,0.04056246619794483,75,1849,0.04295485636114911,157,3655,0.04511393179385227,295,6539,False,False
Epuyen/18-19 Patient 4,132D,ANDV Epuyen/18-19 Patient 4,132D,II,III,Argentinean sequences,Chilean sequences,False,True,False,0.03891891891891892,72,1850,0.04705558613098514,171,3634,0.04745866503368034,310,6532,False,False
Epuyen/18-19 Patient 4,p1239,ANDV Epuyen/18-19 Patient 4,p1239,II,III,Argentinean sequences,Chilean sequences,False,True,False,0.03827493261455526,71,1855,0.04337084820203129,158,3643,0.046803303762618535,306,6538,False,False
Epuyen/18-19 Patient 4,p1242,ANDV Epuyen/18-19 Patient 4,p1242,II,III,Argentinean sequences,Chilean sequences,False,True,False,0.04150943396226415,77,1855,0.044444444444444446,162,3645,0.04664321761737269,305,6539,False,False
Epuyen/18-19 Patient 4,p931,ANDV Epuyen/18-19 Patient 4,p931,II,III,Argentinean sequences,Chilean sequences,False,True,False,0.04097035040431267,76,1855,0.044444444444444446,162,3645,0.04557968797797492,298,6538,False,False
Epuyen/18-19 Patient 4,p1236,ANDV Epuyen/18-19 Patient 4,p1236,II,III,Argentinean sequences,Chilean sequences,False,True,False,0.039353099730458224,73,1855,0.042774883465862355,156,3647,0.05120622568093385,329,6425,True,False
Epuyen/18-19 Patient 4,cruise,ANDV Epuyen/18-19 Patient 4,France-Case 9,II,III,Argentinean sequences,Cruise ship outbreak sequences,False,True,False,0.03948080043266631,73,1849,0.04468201754385965,163,3648,0.045704677468664016,299,6542,False,True
Epuyen/18-19 Patient 4,cruise,ANDV Epuyen/18-19 Patient 4,Spain-Case 10,II,III,Argentinean sequences,Cruise ship outbreak sequences,False,True,False,0.03952355170546833,73,1847,0.04469426926240746,163,3647,0.0457396359186171,299,6537,False,True
Epuyen/18-19 Patient 4,cruise,ANDV Epuyen/18-19 Patient 4,Spain-Case 12,II,III,Argentinean sequences,Cruise ship outbreak sequences,False,True,False,0.03952355170546833,73,1847,0.04469426926240746,163,3647,0.0457396359186171,299,6537,False,True
Epuyen/18-19 Patient 4,Switzerland-Case 7,ANDV Epuyen/18-19 Patient 4,Switzerland-Case 7,II,III,Argentinean sequences,Cruise ship outbreak sequences,False,True,False,0.03952355170546833,73,1847,0.04469426926240746,163,3647,0.04585753592173647,300,6542,False,True
Epuyen/18-19 Patient 4,cruise,ANDV Epuyen/18-19 Patient 4,Netherlands-Case 6,II,III,Argentinean sequences,Cruise ship outbreak sequences,False,True,False,0.04006586169045005,73,1822,0.04496551724137931,163,3625,0.045306917830464435,279,6158,False,True
Epuyen/18-19 Patient 4,cruise,ANDV Epuyen/18-19 Patient 4,Netherlands-Case 5,II,III,Argentinean sequences,Cruise ship outbreak sequences,False,True,False,0.04053303720155469,73,1801,0.04549283909014322,162,3561,0.04591836734693878,297,6468,False,True
Epuyen/18-19 Patient 4,cruise,ANDV Epuyen/18-19 Patient 4,Johannesburg-Case 2,II,III,Argentinean sequences,Cruise ship outbreak sequences,False,True,False,0.041500852757248435,73,1759,0.045102379634753734,163,3614,0.046263345195729534,299,6463,False,True
Epuyen/18-19 Patient 4,cruise,ANDV Epuyen/18-19 Patient 4,Johannesburg-Case 3,II,III,Argentinean sequences,Cruise ship outbreak sequences,False,True,False,0.04152445961319681,73,1758,0.045112781954887216,162,3591,0.04584483287335173,299,6522,False,True
Epuyen/18-19 Patient 4,cruise,ANDV Epuyen/18-19 Patient 4,Canada-Case 11_NPswab,II,III,Argentinean sequences,Cruise ship outbreak sequences,False,True,False,0.039597737272155875,63,1591,0.046973518284993694,149,3172,0.04602784602784603,281,6105,False,True
Epuyen/18-19 Patient 4,cruise,ANDV Epuyen/18-19 Patient 4,Canada-Case 11_blood,II,III,Argentinean sequences,Cruise ship outbreak sequences,False,True,False,0.042045454545454546,74,1760,0.04540358744394619,162,3568,0.04611837048424289,300,6505,False,True
Epuyen/18-19 Patient 10,Epuyen/18-19 Patient 15,ANDV Epuyen/18-19 Patient 10,ANDV Epuyen/18-19 Patient 15,II,II,Argentinean sequences,Argentinean sequences,False,False,True,0.0,0,1828,0.0,0,3633,0.0,0,6415,False,False
Epuyen/18-19 Patient 10,Epuyen/18-19 Patient 18,ANDV Epuyen/18-19 Patient 10,ANDV Epuyen/18-19 Patient 18,II,II,Argentinean sequences,Argentinean sequences,False,False,True,0.0,0,1826,0.0,0,3633,0.0,0,6373,False,False
Epuyen/18-19 Patient 10,Epuyen/18-19 Patient 23,ANDV Epuyen/18-19 Patient 10,ANDV Epuyen/18-19 Patient 23,II,II,Argentinean sequences,Argentinean sequences,False,False,True,0.0010857763300760044,2,1842,0.0,0,3639,0.0,0,6415,False,False
Epuyen/18-19 Patient 10,Epuyen/18-19 Patient 12,ANDV Epuyen/18-19 Patient 10,ANDV Epuyen/18-19 Patient 12,II,II,Argentinean sequences,Argentinean sequences,False,False,True,0.0,0,1842,0.0002748007694421544,1,3639,0.0,0,6415,False,False
Epuyen/18-19 Patient 10,Epuyen/18-19 Patient 25,ANDV Epuyen/18-19 Patient 10,ANDV Epuyen/18-19 Patient 25,II,II,Argentinean sequences,Argentinean sequences,False,False,True,0.0,0,1843,0.0,0,3639,0.0,0,6415,False,False
Epuyen/18-19 Patient 10,Epuyen/18-19 Patient 17,ANDV Epuyen/18-19 Patient 10,ANDV Epuyen/18-19 Patient 17,II,II,Argentinean sequences,Argentinean sequences,False,False,True,0.0,0,1843,0.0,0,3639,0.0,0,6415,False,False
Epuyen/18-19 Patient 10,Epuyen/18-19 Patient 3,ANDV Epuyen/18-19 Patient 10,ANDV Epuyen/18-19 Patient 3,II,II,Argentinean sequences,Argentinean sequences,False,False,True,0.0,0,1843,0.0,0,3639,0.0,0,6415,False,False
Epuyen/18-19 Patient 10,Epuyen/18-19 Patient 13,ANDV Epuyen/18-19 Patient 10,ANDV Epuyen/18-19 Patient 13,II,II,Argentinean sequences,Argentinean sequences,False,False,True,0.0,0,1843,0.0,0,3639,0.0,0,6415,False,False
Epuyen/18-19 Patient 10,Epuyen/18-19 Patient 1,ANDV Epuyen/18-19 Patient 10,ANDV Epuyen/18-19 Patient 1,II,II,Argentinean sequences,Argentinean sequences,False,False,True,0.0,0,1843,0.0,0,3639,0.0,0,6415,False,False
Epuyen/18-19 Patient 10,Epuyen/18-19 Patient 28,ANDV Epuyen/18-19 Patient 10,ANDV Epuyen/18-19 Patient 28,II,II,Argentinean sequences,Argentinean sequences,False,False,True,0.0,0,1842,0.0,0,3639,0.0,0,6415,False,False
Epuyen/18-19 Patient 10,Epuyen/18-19 Patient 16,ANDV Epuyen/18-19 Patient 10,ANDV Epuyen/18-19 Patient 16,II,II,Argentinean sequences,Argentinean sequences,False,False,True,0.0,0,1843,0.0,0,3639,0.0,0,6415,False,False
Epuyen/18-19 Patient 10,Epuyen/18-19 Patient 29,ANDV Epuyen/18-19 Patient 10,ANDV Epuyen/18-19 Patient 29,II,II,Argentinean sequences,Argentinean sequences,False,False,True,0.0,0,1843,0.0,0,3639,0.0,0,6415,False,False
Epuyen/18-19 Patient 10,Epuyen/18-19 Patient 19,ANDV Epuyen/18-19 Patient 10,ANDV Epuyen/18-19 Patient 19,II,II,Argentinean sequences,Argentinean sequences,False,False,True,0.0,0,1843,0.0,0,3639,0.0,0,6415,False,False
Epuyen/18-19 Patient 10,Epuyen/18-19 Patient 9,ANDV Epuyen/18-19 Patient 10,ANDV Epuyen/18-19 Patient 9,II,II,Argentinean sequences,Argentinean sequences,False,False,True,0.0,0,1843,0.0,0,3639,0.0,0,6415,False,False
Epuyen/18-19 Patient 10,Epuyen/18-19 Patient 20,ANDV Epuyen/18-19 Patient 10,ANDV Epuyen/18-19 Patient 20,II,II,Argentinean sequences,Argentinean sequences,False,False,True,0.0,0,1843,0.0,0,3639,0.0,0,6415,False,False
Epuyen/18-19 Patient 10,Epuyen/18-19 Patient 8,ANDV Epuyen/18-19 Patient 10,ANDV Epuyen/18-19 Patient 8,II,II,Argentinean sequences,Argentinean sequences,False,False,True,0.0,0,1843,0.0,0,3639,0.0,0,6415,False,False
Epuyen/18-19 Patient 10,Epuyen/18-19 Patient 14,ANDV Epuyen/18-19 Patient 10,ANDV Epuyen/18-19 Patient 14,II,II,Argentinean sequences,Argentinean sequences,False,False,True,0.0,0,1843,0.0,0,3639,0.0,0,6415,False,False
Epuyen/18-19 Patient 10,Epuyen/18-19 Patient 11,ANDV Epuyen/18-19 Patient 10,ANDV Epuyen/18-19 Patient 11,II,II,Argentinean sequences,Argentinean sequences,False,False,True,0.0,0,1840,0.0,0,3639,0.0,0,6406,False,False
Epuyen/18-19 Patient 10,Epuyen/18-19 Patient 27,ANDV Epuyen/18-19 Patient 10,ANDV Epuyen/18-19 Patient 27,II,II,Argentinean sequences,Argentinean sequences,False,False,True,0.0,0,1840,0.0,0,3639,0.0,0,6415,False,False
Epuyen/18-19 Patient 10,Epuyen/18-19 Patient 5,ANDV Epuyen/18-19 Patient 10,ANDV Epuyen/18-19 Patient 5,II,II,Argentinean sequences,Argentinean sequences,False,False,True,0.0,0,1843,0.0,0,3639,0.0,0,6415,False,False
Epuyen/18-19 Patient 10,Epuyen,ANDV Epuyen/18-19 Patient 10,ANDV Epuyen,II,II,Argentinean sequences,Argentinean sequences,False,False,True,0.0005449591280653951,1,1835,0.0,0,3639,0.00015735641227380016,1,6355,False,False
Epuyen/18-19 Patient 10,p334,ANDV Epuyen/18-19 Patient 10,p334,II,I,Argentinean sequences,Chilean sequences,False,False,False,0.048317046688382194,89,1842,0.06914600550964187,251,3630,0.0656274356975838,421,6415,False,False
Epuyen/18-19 Patient 10,p1060,ANDV Epuyen/18-19 Patient 10,p1060,II,I,Argentinean sequences,Chilean sequences,False,False,False,0.042934782608695654,79,1840,0.06637290002754062,241,3631,0.07139516757599376,458,6415,False,False
Epuyen/18-19 Patient 10,p1056,ANDV Epuyen/18-19 Patient 10,p1056,II,I,Argentinean sequences,Chilean sequences,False,False,False,0.04343105320304017,80,1842,0.04571743321399064,166,3631,0.047700701480904134,306,6415,False,False
Epuyen/18-19 Patient 10,NRC-2/97,ANDV Epuyen/18-19 Patient 10,ANDV NRC-2/97,II,I,Argentinean sequences,Argentinean sequences,False,False,False,0.04182509505703422,77,1841,0.04479252541907117,163,3639,0.04661748548108617,297,6371,False,False
Epuyen/18-19 Patient 10,p115D,ANDV Epuyen/18-19 Patient 10,p115D,II,I,Argentinean sequences,Chilean sequences,False,False,False,0.037479630635524175,69,1841,0.04406499586890664,160,3631,0.0852689010132502,547,6415,False,False
Epuyen/18-19 Patient 10,p915,ANDV Epuyen/18-19 Patient 10,p915,II,I,Argentinean sequences,Chilean sequences,False,False,False,0.03860793909733551,71,1839,0.04544202698980997,165,3631,0.08511301636788776,546,6415,False,False
Epuyen/18-19 Patient 10,p201,ANDV Epuyen/18-19 Patient 10,p201,II,I,Argentinean sequences,Chilean sequences,False,False,False,0.03802281368821293,70,1841,0.04461580831726797,162,3631,0.0848012470771629,544,6415,False,False
Epuyen/18-19 Patient 10,p1064,ANDV Epuyen/18-19 Patient 10,p1064,II,I,Argentinean sequences,Chilean sequences,False,False,False,0.038002171552660155,70,1842,0.04792068300743597,174,3631,0.044271239282930634,284,6415,False,False
Epuyen/18-19 Patient 10,CHI-7913,ANDV Epuyen/18-19 Patient 10,ANDV CHI-7913,II,I,Argentinean sequences,Chilean sequences,False,False,False,0.03995560488346282,72,1802,0.042482758620689655,154,3625,0.04281441838501495,272,6353,False,False
Epuyen/18-19 Patient 10,p1062,ANDV Epuyen/18-19 Patient 10,p1062,II,I,Argentinean sequences,Chilean sequences,False,False,False,0.03908794788273615,72,1842,0.037730652712751306,137,3631,0.04738893219017927,304,6415,False,False
Epuyen/18-19 Patient 10,p1058,ANDV Epuyen/18-19 Patient 10,p1058,II,I,Argentinean sequences,Chilean sequences,False,False,False,0.03802281368821293,70,1841,0.045992839438171305,167,3631,0.04660950896336711,299,6415,False,False
Epuyen/18-19 Patient 10,NRC-5/18,ANDV Epuyen/18-19 Patient 10,ANDV NRC-5/18,II,I,Argentinean sequences,Argentinean sequences,False,False,False,0.037438958220293,69,1843,0.047265732344050564,172,3639,0.04810245197563642,308,6403,False,False
Epuyen/18-19 Patient 10,p1241,ANDV Epuyen/18-19 Patient 10,p1241,II,I,Argentinean sequences,Chilean sequences,False,False,False,0.038002171552660155,70,1842,0.045992839438171305,167,3631,0.04942313688805738,317,6414,False,False
Epuyen/18-19 Patient 10,p1313,ANDV Epuyen/18-19 Patient 10,p1313,II,I,Argentinean sequences,Chilean sequences,False,False,False,0.033659066232356136,62,1842,0.04544202698980997,165,3631,0.05128604832424006,329,6415,False,False
Epuyen/18-19 Patient 10,p126,ANDV Epuyen/18-19 Patient 10,p126,II,I,Argentinean sequences,Chilean sequences,False,False,False,0.033659066232356136,62,1842,0.04709446433489397,171,3631,0.05066250974279034,325,6415,False,False
Epuyen/18-19 Patient 10,136D,ANDV Epuyen/18-19 Patient 10,136D,II,I,Argentinean sequences,Chilean sequences,False,False,False,0.04065934065934066,74,1820,0.04857384919514261,172,3541,0.04916236104587443,314,6387,False,False
Epuyen/18-19 Patient 10,p1052,ANDV Epuyen/18-19 Patient 10,p1052,II,I,Argentinean sequences,Chilean sequences,False,False,False,0.03854505971769816,71,1842,0.043514183420545305,158,3631,0.04863600935307872,312,6415,False,False
Epuyen/18-19 Patient 10,131D,ANDV Epuyen/18-19 Patient 10,131D,II,I,Argentinean sequences,Chilean sequences,False,False,False,0.04071661237785016,75,1842,0.043952967525195966,157,3572,0.049632065132299986,317,6387,False,False
Epuyen/18-19 Patient 10,p127,ANDV Epuyen/18-19 Patient 10,p127,II,I,Argentinean sequences,Chilean sequences,False,False,False,0.039630836047774155,73,1842,0.0451666207656293,164,3631,0.04941543257989088,317,6415,False,False
Epuyen/18-19 Patient 10,p1427,ANDV Epuyen/18-19 Patient 10,p1427,II,I,Argentinean sequences,Chilean sequences,False,False,False,0.037479630635524175,69,1841,0.042137152299641975,153,3631,0.04660950896336711,299,6415,False,False
Epuyen/18-19 Patient 10,p1430,ANDV Epuyen/18-19 Patient 10,p1430,II,I,Argentinean sequences,Chilean sequences,False,False,False,0.03745928338762215,69,1842,0.041586339851280636,151,3631,0.047077162899454406,302,6415,False,False
Epuyen/18-19 Patient 10,ANDV-CH-LS-2016,ANDV Epuyen/18-19 Patient 10,ANDV-CH-LS-2016,II,I,Argentinean sequences,Chilean sequences,False,False,False,0.0384829894032348,69,1793,0.042429284525790346,153,3606,0.047668215453450354,277,5811,False,False
Epuyen/18-19 Patient 10,ANDV-CH-LS-2022,ANDV Epuyen/18-19 Patient 10,ANDV-CH-LS-2022,II,I,Argentinean sequences,Chilean sequences,False,False,False,0.03806818181818182,67,1760,0.04265264387963774,146,3423,0.047145187601957586,289,6130,False,False
Epuyen/18-19 Patient 10,ARG p19,ANDV Epuyen/18-19 Patient 10,ANDV ARG p19,II,III,Argentinean sequences,Argentinean sequences,False,False,False,0.041237113402061855,76,1843,0.03910768383365464,142,3631,0.04542596667714555,289,6362,False,False
Epuyen/18-19 Patient 10,ARG p3,ANDV Epuyen/18-19 Patient 10,ANDV ARG p3,II,III,Argentinean sequences,Argentinean sequences,False,False,False,0.040694519804666304,75,1843,0.03883227760947398,141,3631,0.044894777864380356,288,6415,False,False
Epuyen/18-19 Patient 10,ARG-M.a.,ANDV Epuyen/18-19 Patient 10,ANDV ARG-M.a.,II,III,Argentinean sequences,Argentinean sequences,False,False,False,0.041237113402061855,76,1843,0.03883227760947398,141,3631,0.04551897936682942,289,6349,False,False
Epuyen/18-19 Patient 10,ARG p9,ANDV Epuyen/18-19 Patient 10,ANDV ARG p9,II,III,Argentinean sequences,Argentinean sequences,False,False,False,0.041237113402061855,76,1843,0.03883227760947398,141,3631,0.045268783401446085,288,6362,False,False
Epuyen/18-19 Patient 10,p1316,ANDV Epuyen/18-19 Patient 10,p1316,II,III,Argentinean sequences,Chilean sequences,False,False,False,0.03906673901247965,72,1843,0.04076012117873864,148,3631,0.044738893219017924,287,6415,False,False
Epuyen/18-19 Patient 10,CHI-Hu13724 P2,ANDV Epuyen/18-19 Patient 10,ANDV CHI-Hu13724 P2,II,III,Argentinean sequences,Chilean sequences,False,False,False,0.040694519804666304,75,1843,0.04241255852382264,154,3631,0.04692127825409197,301,6415,False,False
Epuyen/18-19 Patient 10,p136,ANDV Epuyen/18-19 Patient 10,p136,II,III,Argentinean sequences,Chilean sequences,False,False,False,0.040151926207270754,74,1843,0.04241255852382264,154,3631,0.04692127825409197,301,6415,False,False
Epuyen/18-19 Patient 10,p137,ANDV Epuyen/18-19 Patient 10,p137,II,III,Argentinean sequences,Chilean sequences,False,False,False,0.040151926207270754,74,1843,0.04241255852382264,154,3631,0.04692127825409197,301,6415,False,False
Epuyen/18-19 Patient 10,CHI-Hu13724 P1,ANDV Epuyen/18-19 Patient 10,ANDV CHI-Hu13724 P1,II,III,Argentinean sequences,Chilean sequences,False,False,False,0.040151926207270754,74,1843,0.04241255852382264,154,3631,0.04692127825409197,301,6415,False,False
Epuyen/18-19 Patient 10,p1059,ANDV Epuyen/18-19 Patient 10,p1059,II,III,Argentinean sequences,Chilean sequences,False,True,False,0.04017372421281216,74,1842,0.0443404020930873,161,3631,0.04645362431800468,298,6415,False,False
Epuyen/18-19 Patient 10,NRC-4/18,ANDV Epuyen/18-19 Patient 10,ANDV NRC-4/18,II,III,Argentinean sequences,Argentinean sequences,False,True,False,0.04071661237785016,75,1842,0.043143720802418246,157,3639,0.045057686311194264,289,6414,False,False
Epuyen/18-19 Patient 10,NRC-3/18,ANDV Epuyen/18-19 Patient 10,ANDV NRC-3/18,II,III,Argentinean sequences,Argentinean sequences,False,True,False,0.04071661237785016,75,1842,0.04286892003297609,156,3639,0.04505066250974279,289,6415,False,False
Epuyen/18-19 Patient 10,132D,ANDV Epuyen/18-19 Patient 10,132D,II,III,Argentinean sequences,Chilean sequences,False,True,False,0.03910917979359044,72,1841,0.04688361831218974,170,3626,0.04742589703588144,304,6410,False,False
Epuyen/18-19 Patient 10,p1239,ANDV Epuyen/18-19 Patient 10,p1239,II,III,Argentinean sequences,Chilean sequences,False,True,False,0.03854505971769816,71,1842,0.04323877719636464,157,3631,0.04676539360872954,300,6415,False,False
Epuyen/18-19 Patient 10,p1242,ANDV Epuyen/18-19 Patient 10,p1242,II,III,Argentinean sequences,Chilean sequences,False,True,False,0.041802388707926165,77,1842,0.0443404020930873,161,3631,0.04660950896336711,299,6415,False,False
Epuyen/18-19 Patient 10,p931,ANDV Epuyen/18-19 Patient 10,p931,II,III,Argentinean sequences,Chilean sequences,False,True,False,0.04125950054288816,76,1842,0.0443404020930873,161,3631,0.045518316445830084,292,6415,False,False
Epuyen/18-19 Patient 10,p1236,ANDV Epuyen/18-19 Patient 10,p1236,II,III,Argentinean sequences,Chilean sequences,False,True,False,0.039630836047774155,73,1842,0.04268796474800331,155,3631,0.0511723700887199,323,6312,True,False
Epuyen/18-19 Patient 10,cruise,ANDV Epuyen/18-19 Patient 10,France-Case 9,II,III,Argentinean sequences,Cruise ship outbreak sequences,False,True,False,0.039760348583877995,73,1836,0.04461580831726797,162,3631,0.04583008573655495,294,6415,False,True
Epuyen/18-19 Patient 10,cruise,ANDV Epuyen/18-19 Patient 10,Spain-Case 10,II,III,Argentinean sequences,Cruise ship outbreak sequences,False,True,False,0.039760348583877995,73,1836,0.04461580831726797,162,3631,0.04583008573655495,294,6415,False,True
Epuyen/18-19 Patient 10,cruise,ANDV Epuyen/18-19 Patient 10,Spain-Case 12,II,III,Argentinean sequences,Cruise ship outbreak sequences,False,True,False,0.039760348583877995,73,1836,0.04461580831726797,162,3631,0.04583008573655495,294,6415,False,True
Epuyen/18-19 Patient 10,Switzerland-Case 7,ANDV Epuyen/18-19 Patient 10,Switzerland-Case 7,II,III,Argentinean sequences,Cruise ship outbreak sequences,False,True,False,0.039760348583877995,73,1836,0.04461580831726797,162,3631,0.04598597038191738,295,6415,False,True
Epuyen/18-19 Patient 10,cruise,ANDV Epuyen/18-19 Patient 10,Netherlands-Case 6,II,III,Argentinean sequences,Cruise ship outbreak sequences,False,True,False,0.04006586169045005,73,1822,0.04468965517241379,162,3625,0.04537926465717125,274,6038,False,True
Epuyen/18-19 Patient 10,cruise,ANDV Epuyen/18-19 Patient 10,Netherlands-Case 5,II,III,Argentinean sequences,Cruise ship outbreak sequences,False,True,False,0.04053303720155469,73,1801,0.045212019095759615,161,3561,0.046013236684525685,292,6346,False,True
Epuyen/18-19 Patient 10,cruise,ANDV Epuyen/18-19 Patient 10,Johannesburg-Case 2,II,III,Argentinean sequences,Cruise ship outbreak sequences,False,True,False,0.041500852757248435,73,1759,0.04486291885904182,162,3611,0.04614899984249488,293,6349,False,True
Epuyen/18-19 Patient 10,cruise,ANDV Epuyen/18-19 Patient 10,Johannesburg-Case 3,II,III,Argentinean sequences,Cruise ship outbreak sequences,False,True,False,0.04152445961319681,73,1758,0.04487179487179487,161,3588,0.045887310753862966,294,6407,False,True
Epuyen/18-19 Patient 10,cruise,ANDV Epuyen/18-19 Patient 10,Canada-Case 11_NPswab,II,III,Argentinean sequences,Cruise ship outbreak sequences,False,True,False,0.039597737272155875,63,1591,0.04665825977301387,148,3172,0.04606141522029372,276,5992,False,True
Epuyen/18-19 Patient 10,cruise,ANDV Epuyen/18-19 Patient 10,Canada-Case 11_blood,II,III,Argentinean sequences,Cruise ship outbreak sequences,False,True,False,0.042045454545454546,74,1760,0.04512331838565022,161,3568,0.0461514392991239,295,6392,False,True
Epuyen/18-19 Patient 15,Epuyen/18-19 Patient 18,ANDV Epuyen/18-19 Patient 15,ANDV Epuyen/18-19 Patient 18,II,II,Argentinean sequences,Argentinean sequences,False,False,True,0.0,0,1823,0.0,0,3633,0.0,0,6489,False,False
Epuyen/18-19 Patient 15,Epuyen/18-19 Patient 23,ANDV Epuyen/18-19 Patient 15,ANDV Epuyen/18-19 Patient 23,II,II,Argentinean sequences,Argentinean sequences,False,False,True,0.0010940919037199124,2,1828,0.0,0,3633,0.0,0,6531,False,False
Epuyen/18-19 Patient 15,Epuyen/18-19 Patient 12,ANDV Epuyen/18-19 Patient 15,ANDV Epuyen/18-19 Patient 12,II,II,Argentinean sequences,Argentinean sequences,False,False,True,0.0,0,1828,0.0002752546105147261,1,3633,0.0,0,6531,False,False
Epuyen/18-19 Patient 15,Epuyen/18-19 Patient 25,ANDV Epuyen/18-19 Patient 15,ANDV Epuyen/18-19 Patient 25,II,II,Argentinean sequences,Argentinean sequences,False,False,True,0.0,0,1828,0.0,0,3633,0.0,0,6531,False,False
Epuyen/18-19 Patient 15,Epuyen/18-19 Patient 17,ANDV Epuyen/18-19 Patient 15,ANDV Epuyen/18-19 Patient 17,II,II,Argentinean sequences,Argentinean sequences,False,False,True,0.0,0,1828,0.0,0,3633,0.0,0,6531,False,False
Epuyen/18-19 Patient 15,Epuyen/18-19 Patient 3,ANDV Epuyen/18-19 Patient 15,ANDV Epuyen/18-19 Patient 3,II,II,Argentinean sequences,Argentinean sequences,False,False,True,0.0,0,1828,0.0,0,3633,0.0,0,6531,False,False
Epuyen/18-19 Patient 15,Epuyen/18-19 Patient 13,ANDV Epuyen/18-19 Patient 15,ANDV Epuyen/18-19 Patient 13,II,II,Argentinean sequences,Argentinean sequences,False,False,True,0.0,0,1828,0.0,0,3633,0.0,0,6531,False,False
Epuyen/18-19 Patient 15,Epuyen/18-19 Patient 1,ANDV Epuyen/18-19 Patient 15,ANDV Epuyen/18-19 Patient 1,II,II,Argentinean sequences,Argentinean sequences,False,False,True,0.0,0,1828,0.0,0,3633,0.0,0,6531,False,False
Epuyen/18-19 Patient 15,Epuyen/18-19 Patient 28,ANDV Epuyen/18-19 Patient 15,ANDV Epuyen/18-19 Patient 28,II,II,Argentinean sequences,Argentinean sequences,False,False,True,0.0,0,1828,0.0,0,3633,0.0,0,6531,False,False
Epuyen/18-19 Patient 15,Epuyen/18-19 Patient 16,ANDV Epuyen/18-19 Patient 15,ANDV Epuyen/18-19 Patient 16,II,II,Argentinean sequences,Argentinean sequences,False,False,True,0.0,0,1828,0.0,0,3633,0.0,0,6531,False,False
Epuyen/18-19 Patient 15,Epuyen/18-19 Patient 29,ANDV Epuyen/18-19 Patient 15,ANDV Epuyen/18-19 Patient 29,II,II,Argentinean sequences,Argentinean sequences,False,False,True,0.0,0,1828,0.0,0,3633,0.0,0,6531,False,False
Epuyen/18-19 Patient 15,Epuyen/18-19 Patient 19,ANDV Epuyen/18-19 Patient 15,ANDV Epuyen/18-19 Patient 19,II,II,Argentinean sequences,Argentinean sequences,False,False,True,0.0,0,1828,0.0,0,3633,0.0,0,6531,False,False
Epuyen/18-19 Patient 15,Epuyen/18-19 Patient 9,ANDV Epuyen/18-19 Patient 15,ANDV Epuyen/18-19 Patient 9,II,II,Argentinean sequences,Argentinean sequences,False,False,True,0.0,0,1828,0.0,0,3633,0.0,0,6531,False,False
Epuyen/18-19 Patient 15,Epuyen/18-19 Patient 20,ANDV Epuyen/18-19 Patient 15,ANDV Epuyen/18-19 Patient 20,II,II,Argentinean sequences,Argentinean sequences,False,False,True,0.0,0,1828,0.0,0,3633,0.0,0,6531,False,False
Epuyen/18-19 Patient 15,Epuyen/18-19 Patient 8,ANDV Epuyen/18-19 Patient 15,ANDV Epuyen/18-19 Patient 8,II,II,Argentinean sequences,Argentinean sequences,False,False,True,0.0,0,1828,0.0,0,3633,0.0,0,6531,False,False
Epuyen/18-19 Patient 15,Epuyen/18-19 Patient 14,ANDV Epuyen/18-19 Patient 15,ANDV Epuyen/18-19 Patient 14,II,II,Argentinean sequences,Argentinean sequences,False,False,True,0.0,0,1828,0.0,0,3633,0.0,0,6531,False,False
Epuyen/18-19 Patient 15,Epuyen/18-19 Patient 11,ANDV Epuyen/18-19 Patient 15,ANDV Epuyen/18-19 Patient 11,II,II,Argentinean sequences,Argentinean sequences,False,False,True,0.0,0,1828,0.0,0,3633,0.0,0,6522,False,False
Epuyen/18-19 Patient 15,Epuyen/18-19 Patient 27,ANDV Epuyen/18-19 Patient 15,ANDV Epuyen/18-19 Patient 27,II,II,Argentinean sequences,Argentinean sequences,False,False,True,0.0,0,1828,0.0,0,3633,0.0,0,6531,False,False
Epuyen/18-19 Patient 15,Epuyen/18-19 Patient 5,ANDV Epuyen/18-19 Patient 15,ANDV Epuyen/18-19 Patient 5,II,II,Argentinean sequences,Argentinean sequences,False,False,True,0.0,0,1828,0.0,0,3633,0.0,0,6531,False,False
Epuyen/18-19 Patient 15,Epuyen,ANDV Epuyen/18-19 Patient 15,ANDV Epuyen,II,II,Argentinean sequences,Argentinean sequences,False,False,True,0.0005470459518599562,1,1828,0.0,0,3633,0.00015460729746444033,1,6468,False,False
Epuyen/18-19 Patient 15,p334,ANDV Epuyen/18-19 Patient 15,p334,II,I,Argentinean sequences,Chilean sequences,False,False,False,0.04871373836891078,89,1827,0.06926048565121413,251,3624,0.06553360894196907,428,6531,False,False
Epuyen/18-19 Patient 15,p1060,ANDV Epuyen/18-19 Patient 15,p1060,II,I,Argentinean sequences,Chilean sequences,False,False,False,0.04328767123287671,79,1825,0.06648275862068966,241,3625,0.07119889756545705,465,6531,False,False
Epuyen/18-19 Patient 15,p1056,ANDV Epuyen/18-19 Patient 15,p1056,II,I,Argentinean sequences,Chilean sequences,False,False,False,0.043787629994526546,80,1827,0.04579310344827586,166,3625,0.04731281580156178,309,6531,False,False
Epuyen/18-19 Patient 15,NRC-2/97,ANDV Epuyen/18-19 Patient 15,ANDV NRC-2/97,II,I,Argentinean sequences,Argentinean sequences,False,False,False,0.04216867469879518,77,1826,0.044866501513900356,163,3633,0.046554647757052564,302,6487,False,False
Epuyen/18-19 Patient 15,p115D,ANDV Epuyen/18-19 Patient 15,p115D,II,I,Argentinean sequences,Chilean sequences,False,False,False,0.03778751369112815,69,1826,0.044137931034482755,160,3625,0.08513244526106263,556,6531,False,False
Epuyen/18-19 Patient 15,p915,ANDV Epuyen/18-19 Patient 15,p915,II,I,Argentinean sequences,Chilean sequences,False,False,False,0.03892543859649123,71,1824,0.04551724137931035,165,3625,0.08497932935231971,555,6531,False,False
Epuyen/18-19 Patient 15,p201,ANDV Epuyen/18-19 Patient 15,p201,II,I,Argentinean sequences,Chilean sequences,False,False,False,0.038335158817086525,70,1826,0.04468965517241379,162,3625,0.08467309753483387,553,6531,False,False
Epuyen/18-19 Patient 15,p1064,ANDV Epuyen/18-19 Patient 15,p1064,II,I,Argentinean sequences,Chilean sequences,False,False,False,0.038314176245210725,70,1827,0.048,174,3625,0.04425049762670341,289,6531,False,False
Epuyen/18-19 Patient 15,CHI-7913,ANDV Epuyen/18-19 Patient 15,ANDV CHI-7913,II,I,Argentinean sequences,Chilean sequences,False,False,False,0.03995560488346282,72,1802,0.042541436464088395,154,3620,0.04299412310547479,278,6466,False,False
Epuyen/18-19 Patient 15,p1062,ANDV Epuyen/18-19 Patient 15,p1062,II,I,Argentinean sequences,Chilean sequences,False,False,False,0.03940886699507389,72,1827,0.03779310344827586,137,3625,0.04731281580156178,309,6531,False,False
Epuyen/18-19 Patient 15,p1058,ANDV Epuyen/18-19 Patient 15,p1058,II,I,Argentinean sequences,Chilean sequences,False,False,False,0.038335158817086525,70,1826,0.04606896551724138,167,3625,0.046547236257847194,304,6531,False,False
Epuyen/18-19 Patient 15,NRC-5/18,ANDV Epuyen/18-19 Patient 15,ANDV NRC-5/18,II,I,Argentinean sequences,Argentinean sequences,False,False,False,0.03774617067833698,69,1828,0.04734379300853289,172,3633,0.04770670348212916,311,6519,False,False
Epuyen/18-19 Patient 15,p1241,ANDV Epuyen/18-19 Patient 15,p1241,II,I,Argentinean sequences,Chilean sequences,False,False,False,0.038314176245210725,70,1827,0.04606896551724138,167,3625,0.04885145482388974,319,6530,False,False
Epuyen/18-19 Patient 15,p1313,ANDV Epuyen/18-19 Patient 15,p1313,II,I,Argentinean sequences,Chilean sequences,False,False,False,0.03393541324575807,62,1827,0.04551724137931035,165,3625,0.050834481702648905,332,6531,False,False
Epuyen/18-19 Patient 15,p126,ANDV Epuyen/18-19 Patient 15,p126,II,I,Argentinean sequences,Chilean sequences,False,False,False,0.03393541324575807,62,1827,0.04717241379310345,171,3625,0.05022201806767723,328,6531,False,False
Epuyen/18-19 Patient 15,136D,ANDV Epuyen/18-19 Patient 15,136D,II,I,Argentinean sequences,Chilean sequences,False,False,False,0.04083885209713024,74,1812,0.04857384919514261,172,3541,0.04892307692307692,318,6500,False,False
Epuyen/18-19 Patient 15,p1052,ANDV Epuyen/18-19 Patient 15,p1052,II,I,Argentinean sequences,Chilean sequences,False,False,False,0.03886152162014231,71,1827,0.043586206896551724,158,3625,0.04823151125401929,315,6531,False,False
Epuyen/18-19 Patient 15,131D,ANDV Epuyen/18-19 Patient 15,131D,II,I,Argentinean sequences,Chilean sequences,False,False,False,0.041050903119868636,75,1827,0.043952967525195966,157,3572,0.04920805781946794,320,6503,False,False
Epuyen/18-19 Patient 15,p127,ANDV Epuyen/18-19 Patient 15,p127,II,I,Argentinean sequences,Chilean sequences,False,False,False,0.039956212370005476,73,1827,0.045241379310344824,164,3625,0.04884397488899097,319,6531,False,False
Epuyen/18-19 Patient 15,p1427,ANDV Epuyen/18-19 Patient 15,p1427,II,I,Argentinean sequences,Chilean sequences,False,False,False,0.03778751369112815,69,1826,0.04220689655172414,153,3625,0.046241004440361354,302,6531,False,False
Epuyen/18-19 Patient 15,p1430,ANDV Epuyen/18-19 Patient 15,p1430,II,I,Argentinean sequences,Chilean sequences,False,False,False,0.03776683087027915,69,1827,0.0416551724137931,151,3625,0.04685346807533303,306,6531,False,False
Epuyen/18-19 Patient 15,ANDV-CH-LS-2016,ANDV Epuyen/18-19 Patient 15,ANDV-CH-LS-2016,II,I,Argentinean sequences,Chilean sequences,False,False,False,0.0384829894032348,69,1793,0.042429284525790346,153,3606,0.04760297096556381,282,5924,False,False
Epuyen/18-19 Patient 15,ANDV-CH-LS-2022,ANDV Epuyen/18-19 Patient 15,ANDV-CH-LS-2022,II,I,Argentinean sequences,Chilean sequences,False,False,False,0.03806818181818182,67,1760,0.04265264387963774,146,3423,0.047092743873137916,294,6243,False,False
Epuyen/18-19 Patient 15,ARG p19,ANDV Epuyen/18-19 Patient 15,ANDV ARG p19,II,III,Argentinean sequences,Argentinean sequences,False,False,False,0.04157549234135667,76,1828,0.03917241379310345,142,3625,0.04555984555984556,295,6475,False,False
Epuyen/18-19 Patient 15,ARG p3,ANDV Epuyen/18-19 Patient 15,ANDV ARG p3,II,III,Argentinean sequences,Argentinean sequences,False,False,False,0.041028446389496716,75,1828,0.03889655172413793,141,3625,0.04501607717041801,294,6531,False,False
Epuyen/18-19 Patient 15,ARG-M.a.,ANDV Epuyen/18-19 Patient 15,ANDV ARG-M.a.,II,III,Argentinean sequences,Argentinean sequences,False,False,False,0.04157549234135667,76,1828,0.03889655172413793,141,3625,0.045651501083255955,295,6462,False,False
Epuyen/18-19 Patient 15,ARG p9,ANDV Epuyen/18-19 Patient 15,ANDV ARG p9,II,III,Argentinean sequences,Argentinean sequences,False,False,False,0.04157549234135667,76,1828,0.03889655172413793,141,3625,0.04540540540540541,294,6475,False,False
Epuyen/18-19 Patient 15,p1316,ANDV Epuyen/18-19 Patient 15,p1316,II,III,Argentinean sequences,Chilean sequences,False,False,False,0.03938730853391685,72,1828,0.040827586206896554,148,3625,0.04470984535293217,292,6531,False,False
Epuyen/18-19 Patient 15,CHI-Hu13724 P2,ANDV Epuyen/18-19 Patient 15,ANDV CHI-Hu13724 P2,II,III,Argentinean sequences,Chilean sequences,False,False,False,0.041028446389496716,75,1828,0.042482758620689655,154,3625,0.04685346807533303,306,6531,False,False
Epuyen/18-19 Patient 15,p136,ANDV Epuyen/18-19 Patient 15,p136,II,III,Argentinean sequences,Chilean sequences,False,False,False,0.04048140043763676,74,1828,0.042482758620689655,154,3625,0.04685346807533303,306,6531,False,False
Epuyen/18-19 Patient 15,p137,ANDV Epuyen/18-19 Patient 15,p137,II,III,Argentinean sequences,Chilean sequences,False,False,False,0.04048140043763676,74,1828,0.042482758620689655,154,3625,0.04685346807533303,306,6531,False,False
Epuyen/18-19 Patient 15,CHI-Hu13724 P1,ANDV Epuyen/18-19 Patient 15,ANDV CHI-Hu13724 P1,II,III,Argentinean sequences,Chilean sequences,False,False,False,0.04048140043763676,74,1828,0.042482758620689655,154,3625,0.04685346807533303,306,6531,False,False
Epuyen/18-19 Patient 15,p1059,ANDV Epuyen/18-19 Patient 15,p1059,II,III,Argentinean sequences,Chilean sequences,False,True,False,0.04050355774493705,74,1827,0.04441379310344828,161,3625,0.04639412034910427,303,6531,False,False
Epuyen/18-19 Patient 15,NRC-4/18,ANDV Epuyen/18-19 Patient 15,ANDV NRC-4/18,II,III,Argentinean sequences,Argentinean sequences,False,True,False,0.041050903119868636,75,1827,0.043214973850812,157,3633,0.045022970903522204,294,6530,False,False
Epuyen/18-19 Patient 15,NRC-3/18,ANDV Epuyen/18-19 Patient 15,ANDV NRC-3/18,II,III,Argentinean sequences,Argentinean sequences,False,True,False,0.041050903119868636,75,1827,0.042939719240297276,156,3633,0.04501607717041801,294,6531,False,False
Epuyen/18-19 Patient 15,132D,ANDV Epuyen/18-19 Patient 15,132D,II,III,Argentinean sequences,Chilean sequences,False,True,False,0.03943044906900329,72,1826,0.046948356807511735,170,3621,0.04734906527735213,309,6526,False,False
Epuyen/18-19 Patient 15,p1239,ANDV Epuyen/18-19 Patient 15,p1239,II,III,Argentinean sequences,Chilean sequences,False,True,False,0.03886152162014231,71,1827,0.04331034482758621,157,3625,0.04670035216659011,305,6531,False,False
Epuyen/18-19 Patient 15,p1242,ANDV Epuyen/18-19 Patient 15,p1242,II,III,Argentinean sequences,Chilean sequences,False,True,False,0.0421455938697318,77,1827,0.04441379310344828,161,3625,0.046547236257847194,304,6531,False,False
Epuyen/18-19 Patient 15,p931,ANDV Epuyen/18-19 Patient 15,p931,II,III,Argentinean sequences,Chilean sequences,False,True,False,0.04159824849480022,76,1827,0.04441379310344828,161,3625,0.045475424896646764,297,6531,False,False
Epuyen/18-19 Patient 15,p1236,ANDV Epuyen/18-19 Patient 15,p1236,II,III,Argentinean sequences,Chilean sequences,False,True,False,0.039956212370005476,73,1827,0.04275862068965517,155,3625,0.05105058365758755,328,6425,True,False
Epuyen/18-19 Patient 15,cruise,ANDV Epuyen/18-19 Patient 15,France-Case 9,II,III,Argentinean sequences,Cruise ship outbreak sequences,False,True,False,0.040087863811092805,73,1821,0.04468965517241379,162,3625,0.04562854080538968,298,6531,False,True
Epuyen/18-19 Patient 15,cruise,ANDV Epuyen/18-19 Patient 15,Spain-Case 10,II,III,Argentinean sequences,Cruise ship outbreak sequences,False,True,False,0.040087863811092805,73,1821,0.04468965517241379,162,3625,0.04562854080538968,298,6531,False,True
Epuyen/18-19 Patient 15,cruise,ANDV Epuyen/18-19 Patient 15,Spain-Case 12,II,III,Argentinean sequences,Cruise ship outbreak sequences,False,True,False,0.040087863811092805,73,1821,0.04468965517241379,162,3625,0.04562854080538968,298,6531,False,True
Epuyen/18-19 Patient 15,Switzerland-Case 7,ANDV Epuyen/18-19 Patient 15,Switzerland-Case 7,II,III,Argentinean sequences,Cruise ship outbreak sequences,False,True,False,0.040087863811092805,73,1821,0.04468965517241379,162,3625,0.0457816567141326,299,6531,False,True
Epuyen/18-19 Patient 15,cruise,ANDV Epuyen/18-19 Patient 15,Netherlands-Case 6,II,III,Argentinean sequences,Cruise ship outbreak sequences,False,True,False,0.040198237885462555,73,1816,0.04470198675496689,162,3624,0.045173870653233666,278,6154,False,True
Epuyen/18-19 Patient 15,cruise,ANDV Epuyen/18-19 Patient 15,Netherlands-Case 5,II,III,Argentinean sequences,Cruise ship outbreak sequences,False,True,False,0.04053303720155469,73,1801,0.045212019095759615,161,3561,0.04580625193438564,296,6462,False,True
Epuyen/18-19 Patient 15,cruise,ANDV Epuyen/18-19 Patient 15,Johannesburg-Case 2,II,III,Argentinean sequences,Cruise ship outbreak sequences,False,True,False,0.041500852757248435,73,1759,0.04492512479201331,162,3606,0.04596100278551532,297,6462,False,True
Epuyen/18-19 Patient 15,cruise,ANDV Epuyen/18-19 Patient 15,Johannesburg-Case 3,II,III,Argentinean sequences,Cruise ship outbreak sequences,False,True,False,0.04152445961319681,73,1758,0.044934412503488695,161,3583,0.04570552147239264,298,6520,False,True
Epuyen/18-19 Patient 15,cruise,ANDV Epuyen/18-19 Patient 15,Canada-Case 11_NPswab,II,III,Argentinean sequences,Cruise ship outbreak sequences,False,True,False,0.039597737272155875,63,1591,0.04665825977301387,148,3172,0.04586404586404586,280,6105,False,True
Epuyen/18-19 Patient 15,cruise,ANDV Epuyen/18-19 Patient 15,Canada-Case 11_blood,II,III,Argentinean sequences,Cruise ship outbreak sequences,False,True,False,0.042045454545454546,74,1760,0.04512331838565022,161,3568,0.045964642582628744,299,6505,False,True
Epuyen/18-19 Patient 18,Epuyen/18-19 Patient 23,ANDV Epuyen/18-19 Patient 18,ANDV Epuyen/18-19 Patient 23,II,II,Argentinean sequences,Argentinean sequences,False,False,True,0.001095290251916758,2,1826,0.0,0,3633,0.0,0,6489,False,False
Epuyen/18-19 Patient 18,Epuyen/18-19 Patient 12,ANDV Epuyen/18-19 Patient 18,ANDV Epuyen/18-19 Patient 12,II,II,Argentinean sequences,Argentinean sequences,False,False,True,0.0,0,1826,0.0002752546105147261,1,3633,0.0,0,6490,False,False
Epuyen/18-19 Patient 18,Epuyen/18-19 Patient 25,ANDV Epuyen/18-19 Patient 18,ANDV Epuyen/18-19 Patient 25,II,II,Argentinean sequences,Argentinean sequences,False,False,True,0.0,0,1826,0.0,0,3633,0.0,0,6490,False,False
Epuyen/18-19 Patient 18,Epuyen/18-19 Patient 17,ANDV Epuyen/18-19 Patient 18,ANDV Epuyen/18-19 Patient 17,II,II,Argentinean sequences,Argentinean sequences,False,False,True,0.0,0,1826,0.0,0,3633,0.0,0,6490,False,False
Epuyen/18-19 Patient 18,Epuyen/18-19 Patient 3,ANDV Epuyen/18-19 Patient 18,ANDV Epuyen/18-19 Patient 3,II,II,Argentinean sequences,Argentinean sequences,False,False,True,0.0,0,1826,0.0,0,3633,0.0,0,6490,False,False
Epuyen/18-19 Patient 18,Epuyen/18-19 Patient 13,ANDV Epuyen/18-19 Patient 18,ANDV Epuyen/18-19 Patient 13,II,II,Argentinean sequences,Argentinean sequences,False,False,True,0.0,0,1826,0.0,0,3633,0.0,0,6490,False,False
Epuyen/18-19 Patient 18,Epuyen/18-19 Patient 1,ANDV Epuyen/18-19 Patient 18,ANDV Epuyen/18-19 Patient 1,II,II,Argentinean sequences,Argentinean sequences,False,False,True,0.0,0,1826,0.0,0,3633,0.0,0,6490,False,False
Epuyen/18-19 Patient 18,Epuyen/18-19 Patient 28,ANDV Epuyen/18-19 Patient 18,ANDV Epuyen/18-19 Patient 28,II,II,Argentinean sequences,Argentinean sequences,False,False,True,0.0,0,1826,0.0,0,3633,0.0,0,6490,False,False
Epuyen/18-19 Patient 18,Epuyen/18-19 Patient 16,ANDV Epuyen/18-19 Patient 18,ANDV Epuyen/18-19 Patient 16,II,II,Argentinean sequences,Argentinean sequences,False,False,True,0.0,0,1826,0.0,0,3633,0.0,0,6490,False,False
Epuyen/18-19 Patient 18,Epuyen/18-19 Patient 29,ANDV Epuyen/18-19 Patient 18,ANDV Epuyen/18-19 Patient 29,II,II,Argentinean sequences,Argentinean sequences,False,False,True,0.0,0,1826,0.0,0,3633,0.0,0,6490,False,False
Epuyen/18-19 Patient 18,Epuyen/18-19 Patient 19,ANDV Epuyen/18-19 Patient 18,ANDV Epuyen/18-19 Patient 19,II,II,Argentinean sequences,Argentinean sequences,False,False,True,0.0,0,1826,0.0,0,3633,0.0,0,6490,False,False
Epuyen/18-19 Patient 18,Epuyen/18-19 Patient 9,ANDV Epuyen/18-19 Patient 18,ANDV Epuyen/18-19 Patient 9,II,II,Argentinean sequences,Argentinean sequences,False,False,True,0.0,0,1826,0.0,0,3633,0.0,0,6490,False,False
Epuyen/18-19 Patient 18,Epuyen/18-19 Patient 20,ANDV Epuyen/18-19 Patient 18,ANDV Epuyen/18-19 Patient 20,II,II,Argentinean sequences,Argentinean sequences,False,False,True,0.0,0,1826,0.0,0,3633,0.0,0,6490,False,False
Epuyen/18-19 Patient 18,Epuyen/18-19 Patient 8,ANDV Epuyen/18-19 Patient 18,ANDV Epuyen/18-19 Patient 8,II,II,Argentinean sequences,Argentinean sequences,False,False,True,0.0,0,1826,0.0,0,3633,0.0,0,6490,False,False
Epuyen/18-19 Patient 18,Epuyen/18-19 Patient 14,ANDV Epuyen/18-19 Patient 18,ANDV Epuyen/18-19 Patient 14,II,II,Argentinean sequences,Argentinean sequences,False,False,True,0.0,0,1826,0.0,0,3633,0.0,0,6490,False,False
Epuyen/18-19 Patient 18,Epuyen/18-19 Patient 11,ANDV Epuyen/18-19 Patient 18,ANDV Epuyen/18-19 Patient 11,II,II,Argentinean sequences,Argentinean sequences,False,False,True,0.0,0,1826,0.0,0,3633,0.0,0,6481,False,False
Epuyen/18-19 Patient 18,Epuyen/18-19 Patient 27,ANDV Epuyen/18-19 Patient 18,ANDV Epuyen/18-19 Patient 27,II,II,Argentinean sequences,Argentinean sequences,False,False,True,0.0,0,1826,0.0,0,3633,0.0,0,6490,False,False
Epuyen/18-19 Patient 18,Epuyen/18-19 Patient 5,ANDV Epuyen/18-19 Patient 18,ANDV Epuyen/18-19 Patient 5,II,II,Argentinean sequences,Argentinean sequences,False,False,True,0.0,0,1826,0.0,0,3633,0.0,0,6490,False,False
Epuyen/18-19 Patient 18,Epuyen,ANDV Epuyen/18-19 Patient 18,ANDV Epuyen,II,II,Argentinean sequences,Argentinean sequences,False,False,True,0.000547945205479452,1,1825,0.0,0,3633,0.0001556178026766262,1,6426,False,False
Epuyen/18-19 Patient 18,p334,ANDV Epuyen/18-19 Patient 18,p334,II,I,Argentinean sequences,Chilean sequences,False,False,False,0.04876712328767123,89,1825,0.06926048565121413,251,3624,0.06548536209553159,425,6490,False,False
Epuyen/18-19 Patient 18,p1060,ANDV Epuyen/18-19 Patient 18,p1060,II,I,Argentinean sequences,Chilean sequences,False,False,False,0.04333516182117389,79,1823,0.06648275862068966,241,3625,0.07134052388289676,463,6490,False,False
Epuyen/18-19 Patient 18,p1056,ANDV Epuyen/18-19 Patient 18,p1056,II,I,Argentinean sequences,Chilean sequences,False,False,False,0.043835616438356165,80,1825,0.04579310344827586,166,3625,0.04730354391371341,307,6490,False,False
Epuyen/18-19 Patient 18,NRC-2/97,ANDV Epuyen/18-19 Patient 18,ANDV NRC-2/97,II,I,Argentinean sequences,Argentinean sequences,False,False,False,0.042214912280701754,77,1824,0.044866501513900356,163,3633,0.046385355259075396,299,6446,False,False
Epuyen/18-19 Patient 18,p115D,ANDV Epuyen/18-19 Patient 18,p115D,II,I,Argentinean sequences,Chilean sequences,False,False,False,0.03782894736842105,69,1824,0.044137931034482755,160,3625,0.08536209553158705,554,6490,False,False
Epuyen/18-19 Patient 18,p915,ANDV Epuyen/18-19 Patient 18,p915,II,I,Argentinean sequences,Chilean sequences,False,False,False,0.03896816684961581,71,1822,0.04551724137931035,165,3625,0.0852080123266564,553,6490,False,False
Epuyen/18-19 Patient 18,p201,ANDV Epuyen/18-19 Patient 18,p201,II,I,Argentinean sequences,Chilean sequences,False,False,False,0.03837719298245614,70,1824,0.04468965517241379,162,3625,0.08489984591679507,551,6490,False,False
Epuyen/18-19 Patient 18,p1064,ANDV Epuyen/18-19 Patient 18,p1064,II,I,Argentinean sequences,Chilean sequences,False,False,False,0.038356164383561646,70,1825,0.048,174,3625,0.04422187981510015,287,6490,False,False
Epuyen/18-19 Patient 18,CHI-7913,ANDV Epuyen/18-19 Patient 18,ANDV CHI-7913,II,I,Argentinean sequences,Chilean sequences,False,False,False,0.03995560488346282,72,1802,0.042541436464088395,154,3620,0.042801556420233464,275,6425,False,False
Epuyen/18-19 Patient 18,p1062,ANDV Epuyen/18-19 Patient 18,p1062,II,I,Argentinean sequences,Chilean sequences,False,False,False,0.03945205479452055,72,1825,0.03779310344827586,137,3625,0.047149460708782745,306,6490,False,False
Epuyen/18-19 Patient 18,p1058,ANDV Epuyen/18-19 Patient 18,p1058,II,I,Argentinean sequences,Chilean sequences,False,False,False,0.03837719298245614,70,1824,0.04606896551724138,167,3625,0.046224961479198766,300,6490,False,False
Epuyen/18-19 Patient 18,NRC-5/18,ANDV Epuyen/18-19 Patient 18,ANDV NRC-5/18,II,I,Argentinean sequences,Argentinean sequences,False,False,False,0.03778751369112815,69,1826,0.04734379300853289,172,3633,0.04754553874652671,308,6478,False,False
Epuyen/18-19 Patient 18,p1241,ANDV Epuyen/18-19 Patient 18,p1241,II,I,Argentinean sequences,Chilean sequences,False,False,False,0.038356164383561646,70,1825,0.04606896551724138,167,3625,0.048697796270611805,316,6489,False,False
Epuyen/18-19 Patient 18,p1313,ANDV Epuyen/18-19 Patient 18,p1313,II,I,Argentinean sequences,Chilean sequences,False,False,False,0.03397260273972603,62,1825,0.04551724137931035,165,3625,0.05069337442218798,329,6490,False,False
Epuyen/18-19 Patient 18,p126,ANDV Epuyen/18-19 Patient 18,p126,II,I,Argentinean sequences,Chilean sequences,False,False,False,0.03397260273972603,62,1825,0.04717241379310345,171,3625,0.05023112480739599,326,6490,False,False
Epuyen/18-19 Patient 18,136D,ANDV Epuyen/18-19 Patient 18,136D,II,I,Argentinean sequences,Chilean sequences,False,False,False,0.04077134986225895,74,1815,0.04857384919514261,172,3541,0.04892398204056356,316,6459,False,False
Epuyen/18-19 Patient 18,p1052,ANDV Epuyen/18-19 Patient 18,p1052,II,I,Argentinean sequences,Chilean sequences,False,False,False,0.03890410958904109,71,1825,0.043586206896551724,158,3625,0.04822804314329738,313,6490,False,False
Epuyen/18-19 Patient 18,131D,ANDV Epuyen/18-19 Patient 18,131D,II,I,Argentinean sequences,Chilean sequences,False,False,False,0.0410958904109589,75,1825,0.043952967525195966,157,3572,0.04921077065923862,318,6462,False,False
Epuyen/18-19 Patient 18,p127,ANDV Epuyen/18-19 Patient 18,p127,II,I,Argentinean sequences,Chilean sequences,False,False,False,0.04,73,1825,0.045241379310344824,164,3625,0.048844375963020034,317,6490,False,False
Epuyen/18-19 Patient 18,p1427,ANDV Epuyen/18-19 Patient 18,p1427,II,I,Argentinean sequences,Chilean sequences,False,False,False,0.03782894736842105,69,1824,0.04220689655172414,153,3625,0.046070878274268104,299,6490,False,False
Epuyen/18-19 Patient 18,p1430,ANDV Epuyen/18-19 Patient 18,p1430,II,I,Argentinean sequences,Chilean sequences,False,False,False,0.03780821917808219,69,1825,0.0416551724137931,151,3625,0.04668721109399075,303,6490,False,False
Epuyen/18-19 Patient 18,ANDV-CH-LS-2016,ANDV Epuyen/18-19 Patient 18,ANDV-CH-LS-2016,II,I,Argentinean sequences,Chilean sequences,False,False,False,0.0384829894032348,69,1793,0.042429284525790346,153,3606,0.04742478327383988,279,5883,False,False
Epuyen/18-19 Patient 18,ANDV-CH-LS-2022,ANDV Epuyen/18-19 Patient 18,ANDV-CH-LS-2022,II,I,Argentinean sequences,Chilean sequences,False,False,False,0.03806818181818182,67,1760,0.04265264387963774,146,3423,0.04692034827475008,291,6202,False,False
Epuyen/18-19 Patient 18,ARG p19,ANDV Epuyen/18-19 Patient 18,ANDV ARG p19,II,III,Argentinean sequences,Argentinean sequences,False,False,False,0.0416210295728368,76,1826,0.03917241379310345,142,3625,0.04569474665837737,294,6434,False,False
Epuyen/18-19 Patient 18,ARG p3,ANDV Epuyen/18-19 Patient 18,ANDV ARG p3,II,III,Argentinean sequences,Argentinean sequences,False,False,False,0.04107338444687842,75,1826,0.03889655172413793,141,3625,0.04514637904468413,293,6490,False,False
Epuyen/18-19 Patient 18,ARG-M.a.,ANDV Epuyen/18-19 Patient 18,ANDV ARG-M.a.,II,III,Argentinean sequences,Argentinean sequences,False,False,False,0.0416210295728368,76,1826,0.03889655172413793,141,3625,0.045787260551315996,294,6421,False,False
Epuyen/18-19 Patient 18,ARG p9,ANDV Epuyen/18-19 Patient 18,ANDV ARG p9,II,III,Argentinean sequences,Argentinean sequences,False,False,False,0.0416210295728368,76,1826,0.03889655172413793,141,3625,0.045539322350015544,293,6434,False,False
Epuyen/18-19 Patient 18,p1316,ANDV Epuyen/18-19 Patient 18,p1316,II,III,Argentinean sequences,Chilean sequences,False,False,False,0.03943044906900329,72,1826,0.040827586206896554,148,3625,0.04468412942989214,290,6490,False,False
Epuyen/18-19 Patient 18,CHI-Hu13724 P2,ANDV Epuyen/18-19 Patient 18,ANDV CHI-Hu13724 P2,II,III,Argentinean sequences,Chilean sequences,False,False,False,0.04107338444687842,75,1826,0.042482758620689655,154,3625,0.04699537750385208,305,6490,False,False
Epuyen/18-19 Patient 18,p136,ANDV Epuyen/18-19 Patient 18,p136,II,III,Argentinean sequences,Chilean sequences,False,False,False,0.040525739320920046,74,1826,0.042482758620689655,154,3625,0.04699537750385208,305,6490,False,False
Epuyen/18-19 Patient 18,p137,ANDV Epuyen/18-19 Patient 18,p137,II,III,Argentinean sequences,Chilean sequences,False,False,False,0.040525739320920046,74,1826,0.042482758620689655,154,3625,0.04699537750385208,305,6490,False,False
Epuyen/18-19 Patient 18,CHI-Hu13724 P1,ANDV Epuyen/18-19 Patient 18,ANDV CHI-Hu13724 P1,II,III,Argentinean sequences,Chilean sequences,False,False,False,0.040525739320920046,74,1826,0.042482758620689655,154,3625,0.04699537750385208,305,6490,False,False
Epuyen/18-19 Patient 18,p1059,ANDV Epuyen/18-19 Patient 18,p1059,II,III,Argentinean sequences,Chilean sequences,False,True,False,0.040547945205479455,74,1825,0.04441379310344828,161,3625,0.04637904468412943,301,6490,False,False
Epuyen/18-19 Patient 18,NRC-4/18,ANDV Epuyen/18-19 Patient 18,ANDV NRC-4/18,II,III,Argentinean sequences,Argentinean sequences,False,True,False,0.0410958904109589,75,1825,0.043214973850812,157,3633,0.04515333641547234,293,6489,False,False
Epuyen/18-19 Patient 18,NRC-3/18,ANDV Epuyen/18-19 Patient 18,ANDV NRC-3/18,II,III,Argentinean sequences,Argentinean sequences,False,True,False,0.0410958904109589,75,1825,0.042939719240297276,156,3633,0.04514637904468413,293,6490,False,False
Epuyen/18-19 Patient 18,132D,ANDV Epuyen/18-19 Patient 18,132D,II,III,Argentinean sequences,Chilean sequences,False,True,False,0.039473684210526314,72,1824,0.046948356807511735,170,3621,0.0473327166204132,307,6486,False,False
Epuyen/18-19 Patient 18,p1239,ANDV Epuyen/18-19 Patient 18,p1239,II,III,Argentinean sequences,Chilean sequences,False,True,False,0.03890410958904109,71,1825,0.04331034482758621,157,3625,0.04668721109399075,303,6490,False,False
Epuyen/18-19 Patient 18,p1242,ANDV Epuyen/18-19 Patient 18,p1242,II,III,Argentinean sequences,Chilean sequences,False,True,False,0.04219178082191781,77,1825,0.04441379310344828,161,3625,0.04653312788906009,302,6490,False,False
Epuyen/18-19 Patient 18,p931,ANDV Epuyen/18-19 Patient 18,p931,II,III,Argentinean sequences,Chilean sequences,False,True,False,0.041643835616438356,76,1825,0.04441379310344828,161,3625,0.045454545454545456,295,6490,False,False
Epuyen/18-19 Patient 18,p1236,ANDV Epuyen/18-19 Patient 18,p1236,II,III,Argentinean sequences,Chilean sequences,False,True,False,0.04,73,1825,0.04275862068965517,155,3625,0.051221804511278196,327,6384,True,False
Epuyen/18-19 Patient 18,cruise,ANDV Epuyen/18-19 Patient 18,France-Case 9,II,III,Argentinean sequences,Cruise ship outbreak sequences,False,True,False,0.040131940626717974,73,1819,0.04468965517241379,162,3625,0.04576271186440678,297,6490,False,True
Epuyen/18-19 Patient 18,cruise,ANDV Epuyen/18-19 Patient 18,Spain-Case 10,II,III,Argentinean sequences,Cruise ship outbreak sequences,False,True,False,0.040131940626717974,73,1819,0.04468965517241379,162,3625,0.04576271186440678,297,6490,False,True
Epuyen/18-19 Patient 18,cruise,ANDV Epuyen/18-19 Patient 18,Spain-Case 12,II,III,Argentinean sequences,Cruise ship outbreak sequences,False,True,False,0.040131940626717974,73,1819,0.04468965517241379,162,3625,0.04576271186440678,297,6490,False,True
Epuyen/18-19 Patient 18,Switzerland-Case 7,ANDV Epuyen/18-19 Patient 18,Switzerland-Case 7,II,III,Argentinean sequences,Cruise ship outbreak sequences,False,True,False,0.040131940626717974,73,1819,0.04468965517241379,162,3625,0.04591679506933744,298,6490,False,True
Epuyen/18-19 Patient 18,cruise,ANDV Epuyen/18-19 Patient 18,Netherlands-Case 6,II,III,Argentinean sequences,Cruise ship outbreak sequences,False,True,False,0.040131940626717974,73,1819,0.04470198675496689,162,3624,0.045305855413804386,277,6114,False,True
Epuyen/18-19 Patient 18,cruise,ANDV Epuyen/18-19 Patient 18,Netherlands-Case 5,II,III,Argentinean sequences,Cruise ship outbreak sequences,False,True,False,0.0405780989438577,73,1799,0.045212019095759615,161,3561,0.04593584553098723,295,6422,False,True
Epuyen/18-19 Patient 18,cruise,ANDV Epuyen/18-19 Patient 18,Johannesburg-Case 2,II,III,Argentinean sequences,Cruise ship outbreak sequences,False,True,False,0.041500852757248435,73,1759,0.04492512479201331,162,3606,0.04610591900311527,296,6420,False,True
Epuyen/18-19 Patient 18,cruise,ANDV Epuyen/18-19 Patient 18,Johannesburg-Case 3,II,III,Argentinean sequences,Cruise ship outbreak sequences,False,True,False,0.04152445961319681,73,1758,0.044934412503488695,161,3583,0.04584040747028863,297,6479,False,True
Epuyen/18-19 Patient 18,cruise,ANDV Epuyen/18-19 Patient 18,Canada-Case 11_NPswab,II,III,Argentinean sequences,Cruise ship outbreak sequences,False,True,False,0.039597737272155875,63,1591,0.04665825977301387,148,3172,0.046009234828496046,279,6064,False,True
Epuyen/18-19 Patient 18,cruise,ANDV Epuyen/18-19 Patient 18,Canada-Case 11_blood,II,III,Argentinean sequences,Cruise ship outbreak sequences,False,True,False,0.042045454545454546,74,1760,0.04512331838565022,161,3568,0.04610148514851485,298,6464,False,True
Epuyen/18-19 Patient 23,Epuyen/18-19 Patient 12,ANDV Epuyen/18-19 Patient 23,ANDV Epuyen/18-19 Patient 12,II,II,Argentinean sequences,Argentinean sequences,False,False,True,0.001081081081081081,2,1850,0.00027427317608337906,1,3646,0.0,0,6531,False,False
Epuyen/18-19 Patient 23,Epuyen/18-19 Patient 25,ANDV Epuyen/18-19 Patient 23,ANDV Epuyen/18-19 Patient 25,II,II,Argentinean sequences,Argentinean sequences,False,False,True,0.001081081081081081,2,1850,0.0,0,3646,0.0,0,6531,False,False
Epuyen/18-19 Patient 23,Epuyen/18-19 Patient 17,ANDV Epuyen/18-19 Patient 23,ANDV Epuyen/18-19 Patient 17,II,II,Argentinean sequences,Argentinean sequences,False,False,True,0.001081081081081081,2,1850,0.0,0,3646,0.0,0,6531,False,False
Epuyen/18-19 Patient 23,Epuyen/18-19 Patient 3,ANDV Epuyen/18-19 Patient 23,ANDV Epuyen/18-19 Patient 3,II,II,Argentinean sequences,Argentinean sequences,False,False,True,0.001081081081081081,2,1850,0.0,0,3646,0.0,0,6531,False,False
Epuyen/18-19 Patient 23,Epuyen/18-19 Patient 13,ANDV Epuyen/18-19 Patient 23,ANDV Epuyen/18-19 Patient 13,II,II,Argentinean sequences,Argentinean sequences,False,False,True,0.001081081081081081,2,1850,0.0,0,3646,0.0,0,6531,False,False
Epuyen/18-19 Patient 23,Epuyen/18-19 Patient 1,ANDV Epuyen/18-19 Patient 23,ANDV Epuyen/18-19 Patient 1,II,II,Argentinean sequences,Argentinean sequences,False,False,True,0.001081081081081081,2,1850,0.0,0,3646,0.0,0,6531,False,False
Epuyen/18-19 Patient 23,Epuyen/18-19 Patient 28,ANDV Epuyen/18-19 Patient 23,ANDV Epuyen/18-19 Patient 28,II,II,Argentinean sequences,Argentinean sequences,False,False,True,0.001081665765278529,2,1849,0.0,0,3644,0.0,0,6531,False,False
Epuyen/18-19 Patient 23,Epuyen/18-19 Patient 16,ANDV Epuyen/18-19 Patient 23,ANDV Epuyen/18-19 Patient 16,II,II,Argentinean sequences,Argentinean sequences,False,False,True,0.001081081081081081,2,1850,0.0,0,3644,0.0,0,6531,False,False
Epuyen/18-19 Patient 23,Epuyen/18-19 Patient 29,ANDV Epuyen/18-19 Patient 23,ANDV Epuyen/18-19 Patient 29,II,II,Argentinean sequences,Argentinean sequences,False,False,True,0.001081081081081081,2,1850,0.0,0,3646,0.0,0,6531,False,False
Epuyen/18-19 Patient 23,Epuyen/18-19 Patient 19,ANDV Epuyen/18-19 Patient 23,ANDV Epuyen/18-19 Patient 19,II,II,Argentinean sequences,Argentinean sequences,False,False,True,0.001081081081081081,2,1850,0.0,0,3646,0.0,0,6531,False,False
Epuyen/18-19 Patient 23,Epuyen/18-19 Patient 9,ANDV Epuyen/18-19 Patient 23,ANDV Epuyen/18-19 Patient 9,II,II,Argentinean sequences,Argentinean sequences,False,False,True,0.001081081081081081,2,1850,0.0,0,3646,0.0,0,6531,False,False
Epuyen/18-19 Patient 23,Epuyen/18-19 Patient 20,ANDV Epuyen/18-19 Patient 23,ANDV Epuyen/18-19 Patient 20,II,II,Argentinean sequences,Argentinean sequences,False,False,True,0.001081081081081081,2,1850,0.0,0,3646,0.0,0,6531,False,False
Epuyen/18-19 Patient 23,Epuyen/18-19 Patient 8,ANDV Epuyen/18-19 Patient 23,ANDV Epuyen/18-19 Patient 8,II,II,Argentinean sequences,Argentinean sequences,False,False,True,0.001081081081081081,2,1850,0.0,0,3646,0.0,0,6531,False,False
Epuyen/18-19 Patient 23,Epuyen/18-19 Patient 14,ANDV Epuyen/18-19 Patient 23,ANDV Epuyen/18-19 Patient 14,II,II,Argentinean sequences,Argentinean sequences,False,False,True,0.001081081081081081,2,1850,0.0,0,3646,0.0,0,6531,False,False
Epuyen/18-19 Patient 23,Epuyen/18-19 Patient 11,ANDV Epuyen/18-19 Patient 23,ANDV Epuyen/18-19 Patient 11,II,II,Argentinean sequences,Argentinean sequences,False,False,True,0.0010845986984815619,2,1844,0.0,0,3644,0.0,0,6522,False,False
Epuyen/18-19 Patient 23,Epuyen/18-19 Patient 27,ANDV Epuyen/18-19 Patient 23,ANDV Epuyen/18-19 Patient 27,II,II,Argentinean sequences,Argentinean sequences,False,False,True,0.0010822510822510823,2,1848,0.0,0,3646,0.0,0,6531,False,False
Epuyen/18-19 Patient 23,Epuyen/18-19 Patient 5,ANDV Epuyen/18-19 Patient 23,ANDV Epuyen/18-19 Patient 5,II,II,Argentinean sequences,Argentinean sequences,False,False,True,0.0010822510822510823,2,1848,0.0,0,3644,0.0,0,6531,False,False
Epuyen/18-19 Patient 23,Epuyen,ANDV Epuyen/18-19 Patient 23,ANDV Epuyen,II,II,Argentinean sequences,Argentinean sequences,False,False,True,0.0016357688113413304,3,1834,0.00027434842249657066,1,3645,0.00015460729746444033,1,6468,False,False
Epuyen/18-19 Patient 23,p334,ANDV Epuyen/18-19 Patient 23,p334,II,I,Argentinean sequences,Chilean sequences,False,False,False,0.04921579232017307,91,1849,0.06901292273852076,251,3637,0.06553360894196907,428,6531,False,False
Epuyen/18-19 Patient 23,p1060,ANDV Epuyen/18-19 Patient 23,p1060,II,I,Argentinean sequences,Chilean sequences,False,False,False,0.04385489983757444,81,1847,0.06624518966465091,241,3638,0.07119889756545705,465,6531,False,False
Epuyen/18-19 Patient 23,p1056,ANDV Epuyen/18-19 Patient 23,p1056,II,I,Argentinean sequences,Chilean sequences,False,False,False,0.04434829637641969,82,1849,0.045904343045629466,167,3638,0.04731281580156178,309,6531,False,False
Epuyen/18-19 Patient 23,NRC-2/97,ANDV Epuyen/18-19 Patient 23,ANDV NRC-2/97,II,I,Argentinean sequences,Argentinean sequences,False,False,False,0.04274891774891775,79,1848,0.04470652770159078,163,3646,0.046554647757052564,302,6487,False,False
Epuyen/18-19 Patient 23,p115D,ANDV Epuyen/18-19 Patient 23,p115D,II,I,Argentinean sequences,Chilean sequences,False,False,False,0.038419913419913417,71,1848,0.04400440044004401,160,3636,0.08513244526106263,556,6531,False,False
Epuyen/18-19 Patient 23,p915,ANDV Epuyen/18-19 Patient 23,p915,II,I,Argentinean sequences,Chilean sequences,False,False,False,0.03954496208017335,73,1846,0.045404512933406714,165,3634,0.08497932935231971,555,6531,False,False
Epuyen/18-19 Patient 23,p201,ANDV Epuyen/18-19 Patient 23,p201,II,I,Argentinean sequences,Chilean sequences,False,False,False,0.03896103896103896,72,1848,0.04452996151731721,162,3638,0.08467309753483387,553,6531,False,False
Epuyen/18-19 Patient 23,p1064,ANDV Epuyen/18-19 Patient 23,p1064,II,I,Argentinean sequences,Chilean sequences,False,False,False,0.04056246619794483,75,1849,0.04788112272977435,174,3634,0.04425049762670341,289,6531,False,False
Epuyen/18-19 Patient 23,CHI-7913,ANDV Epuyen/18-19 Patient 23,ANDV CHI-7913,II,I,Argentinean sequences,Chilean sequences,False,False,False,0.041065482796892344,74,1802,0.04244762954796031,154,3628,0.04299412310547479,278,6466,False,False
Epuyen/18-19 Patient 23,p1062,ANDV Epuyen/18-19 Patient 23,p1062,II,I,Argentinean sequences,Chilean sequences,False,False,False,0.04002163331530557,74,1849,0.03793293018141836,138,3638,0.04731281580156178,309,6531,False,False
Epuyen/18-19 Patient 23,p1058,ANDV Epuyen/18-19 Patient 23,p1058,II,I,Argentinean sequences,Chilean sequences,False,False,False,0.03896103896103896,72,1848,0.045904343045629466,167,3638,0.046547236257847194,304,6531,False,False
Epuyen/18-19 Patient 23,NRC-5/18,ANDV Epuyen/18-19 Patient 23,ANDV NRC-5/18,II,I,Argentinean sequences,Argentinean sequences,False,False,False,0.038378378378378375,71,1850,0.047174986286341196,172,3646,0.04770670348212916,311,6519,False,False
Epuyen/18-19 Patient 23,p1241,ANDV Epuyen/18-19 Patient 23,p1241,II,I,Argentinean sequences,Chilean sequences,False,False,False,0.038939967550027044,72,1849,0.045904343045629466,167,3638,0.04885145482388974,319,6530,False,False
Epuyen/18-19 Patient 23,p1313,ANDV Epuyen/18-19 Patient 23,p1313,II,I,Argentinean sequences,Chilean sequences,False,False,False,0.03461330448891293,64,1849,0.045354590434304565,165,3638,0.050834481702648905,332,6531,False,False
Epuyen/18-19 Patient 23,p126,ANDV Epuyen/18-19 Patient 23,p126,II,I,Argentinean sequences,Chilean sequences,False,False,False,0.03461330448891293,64,1849,0.047003848268279275,171,3638,0.05022201806767723,328,6531,False,False
Epuyen/18-19 Patient 23,136D,ANDV Epuyen/18-19 Patient 23,136D,II,I,Argentinean sequences,Chilean sequences,False,False,False,0.041758241758241756,76,1820,0.04857384919514261,172,3541,0.04892307692307692,318,6500,False,False
Epuyen/18-19 Patient 23,p1052,ANDV Epuyen/18-19 Patient 23,p1052,II,I,Argentinean sequences,Chilean sequences,False,False,False,0.03948080043266631,73,1849,0.0434304562946674,158,3638,0.04823151125401929,315,6531,False,False
Epuyen/18-19 Patient 23,131D,ANDV Epuyen/18-19 Patient 23,131D,II,I,Argentinean sequences,Chilean sequences,False,False,False,0.041689225771521385,77,1847,0.043952967525195966,157,3572,0.04920805781946794,320,6503,False,False
Epuyen/18-19 Patient 23,p127,ANDV Epuyen/18-19 Patient 23,p127,II,I,Argentinean sequences,Chilean sequences,False,False,False,0.04002163331530557,74,1849,0.04507971412864211,164,3638,0.04884397488899097,319,6531,False,False
Epuyen/18-19 Patient 23,p1427,ANDV Epuyen/18-19 Patient 23,p1427,II,I,Argentinean sequences,Chilean sequences,False,False,False,0.038419913419913417,71,1848,0.04205607476635514,153,3638,0.046241004440361354,302,6531,False,False
Epuyen/18-19 Patient 23,p1430,ANDV Epuyen/18-19 Patient 23,p1430,II,I,Argentinean sequences,Chilean sequences,False,False,False,0.03839913466738778,71,1849,0.04150632215503024,151,3638,0.04685346807533303,306,6531,False,False
Epuyen/18-19 Patient 23,ANDV-CH-LS-2016,ANDV Epuyen/18-19 Patient 23,ANDV-CH-LS-2016,II,I,Argentinean sequences,Chilean sequences,False,False,False,0.03959843837144451,71,1793,0.042429284525790346,153,3606,0.04760297096556381,282,5924,False,False
Epuyen/18-19 Patient 23,ANDV-CH-LS-2022,ANDV Epuyen/18-19 Patient 23,ANDV-CH-LS-2022,II,I,Argentinean sequences,Chilean sequences,False,False,False,0.03920454545454546,69,1760,0.04265264387963774,146,3423,0.047092743873137916,294,6243,False,False
Epuyen/18-19 Patient 23,ARG p19,ANDV Epuyen/18-19 Patient 23,ANDV ARG p19,II,III,Argentinean sequences,Argentinean sequences,False,False,False,0.04216216216216216,78,1850,0.03903243540406817,142,3638,0.04555984555984556,295,6475,False,False
Epuyen/18-19 Patient 23,ARG p3,ANDV Epuyen/18-19 Patient 23,ANDV ARG p3,II,III,Argentinean sequences,Argentinean sequences,False,False,False,0.04162162162162162,77,1850,0.03875755909840572,141,3638,0.04501607717041801,294,6531,False,False
Epuyen/18-19 Patient 23,ARG-M.a.,ANDV Epuyen/18-19 Patient 23,ANDV ARG-M.a.,II,III,Argentinean sequences,Argentinean sequences,False,False,False,0.04216216216216216,78,1850,0.038778877887788776,141,3636,0.045651501083255955,295,6462,False,False
Epuyen/18-19 Patient 23,ARG p9,ANDV Epuyen/18-19 Patient 23,ANDV ARG p9,II,III,Argentinean sequences,Argentinean sequences,False,False,False,0.04216216216216216,78,1850,0.03875755909840572,141,3638,0.04540540540540541,294,6475,False,False
Epuyen/18-19 Patient 23,p1316,ANDV Epuyen/18-19 Patient 23,p1316,II,III,Argentinean sequences,Chilean sequences,False,False,False,0.04,74,1850,0.04068169323804288,148,3638,0.04470984535293217,292,6531,False,False
Epuyen/18-19 Patient 23,CHI-Hu13724 P2,ANDV Epuyen/18-19 Patient 23,ANDV CHI-Hu13724 P2,II,III,Argentinean sequences,Chilean sequences,False,False,False,0.04162162162162162,77,1850,0.04233095107201759,154,3638,0.04685346807533303,306,6531,False,False
Epuyen/18-19 Patient 23,p136,ANDV Epuyen/18-19 Patient 23,p136,II,III,Argentinean sequences,Chilean sequences,False,False,False,0.04108108108108108,76,1850,0.04233095107201759,154,3638,0.04685346807533303,306,6531,False,False
Epuyen/18-19 Patient 23,p137,ANDV Epuyen/18-19 Patient 23,p137,II,III,Argentinean sequences,Chilean sequences,False,False,False,0.04108108108108108,76,1850,0.04233095107201759,154,3638,0.04685346807533303,306,6531,False,False
Epuyen/18-19 Patient 23,CHI-Hu13724 P1,ANDV Epuyen/18-19 Patient 23,ANDV CHI-Hu13724 P1,II,III,Argentinean sequences,Chilean sequences,False,False,False,0.04108108108108108,76,1850,0.04233095107201759,154,3638,0.04685346807533303,306,6531,False,False
Epuyen/18-19 Patient 23,p1059,ANDV Epuyen/18-19 Patient 23,p1059,II,III,Argentinean sequences,Chilean sequences,False,True,False,0.0411032990805841,76,1849,0.044255085211654756,161,3638,0.04639412034910427,303,6531,False,False
Epuyen/18-19 Patient 23,NRC-4/18,ANDV Epuyen/18-19 Patient 23,ANDV NRC-4/18,II,III,Argentinean sequences,Argentinean sequences,False,True,False,0.04164413196322336,77,1849,0.04306088864509051,157,3646,0.045022970903522204,294,6530,False,False
Epuyen/18-19 Patient 23,NRC-3/18,ANDV Epuyen/18-19 Patient 23,ANDV NRC-3/18,II,III,Argentinean sequences,Argentinean sequences,False,True,False,0.04164413196322336,77,1849,0.04278661546900713,156,3646,0.04501607717041801,294,6531,False,False
Epuyen/18-19 Patient 23,132D,ANDV Epuyen/18-19 Patient 23,132D,II,III,Argentinean sequences,Chilean sequences,False,True,False,0.04008667388949079,74,1846,0.04684486084320749,170,3629,0.04734906527735213,309,6526,False,False
Epuyen/18-19 Patient 23,p1239,ANDV Epuyen/18-19 Patient 23,p1239,II,III,Argentinean sequences,Chilean sequences,False,True,False,0.03948080043266631,73,1849,0.04320308200330215,157,3634,0.04670035216659011,305,6531,False,False
Epuyen/18-19 Patient 23,p1242,ANDV Epuyen/18-19 Patient 23,p1242,II,III,Argentinean sequences,Chilean sequences,False,True,False,0.042725797728501894,79,1849,0.044279427942794276,161,3636,0.046547236257847194,304,6531,False,False
Epuyen/18-19 Patient 23,p931,ANDV Epuyen/18-19 Patient 23,p931,II,III,Argentinean sequences,Chilean sequences,False,True,False,0.04218496484586263,78,1849,0.044279427942794276,161,3636,0.045475424896646764,297,6531,False,False
Epuyen/18-19 Patient 23,p1236,ANDV Epuyen/18-19 Patient 23,p1236,II,III,Argentinean sequences,Chilean sequences,False,True,False,0.04056246619794483,75,1849,0.042605827377680046,155,3638,0.05105058365758755,328,6425,True,False
Epuyen/18-19 Patient 23,cruise,ANDV Epuyen/18-19 Patient 23,France-Case 9,II,III,Argentinean sequences,Cruise ship outbreak sequences,False,True,False,0.040694519804666304,75,1843,0.04452996151731721,162,3638,0.04562854080538968,298,6531,False,True
Epuyen/18-19 Patient 23,cruise,ANDV Epuyen/18-19 Patient 23,Spain-Case 10,II,III,Argentinean sequences,Cruise ship outbreak sequences,False,True,False,0.04073872895165671,75,1841,0.04452996151731721,162,3638,0.04562854080538968,298,6531,False,True
Epuyen/18-19 Patient 23,cruise,ANDV Epuyen/18-19 Patient 23,Spain-Case 12,II,III,Argentinean sequences,Cruise ship outbreak sequences,False,True,False,0.04073872895165671,75,1841,0.04452996151731721,162,3638,0.04562854080538968,298,6531,False,True
Epuyen/18-19 Patient 23,Switzerland-Case 7,ANDV Epuyen/18-19 Patient 23,Switzerland-Case 7,II,III,Argentinean sequences,Cruise ship outbreak sequences,False,True,False,0.04073872895165671,75,1841,0.04452996151731721,162,3638,0.0457816567141326,299,6531,False,True
Epuyen/18-19 Patient 23,cruise,ANDV Epuyen/18-19 Patient 23,Netherlands-Case 6,II,III,Argentinean sequences,Cruise ship outbreak sequences,False,True,False,0.041163556531284305,75,1822,0.04468965517241379,162,3625,0.045173870653233666,278,6154,False,True
Epuyen/18-19 Patient 23,cruise,ANDV Epuyen/18-19 Patient 23,Netherlands-Case 5,II,III,Argentinean sequences,Cruise ship outbreak sequences,False,True,False,0.0416435313714603,75,1801,0.045212019095759615,161,3561,0.04580625193438564,296,6462,False,True
Epuyen/18-19 Patient 23,cruise,ANDV Epuyen/18-19 Patient 23,Johannesburg-Case 2,II,III,Argentinean sequences,Cruise ship outbreak sequences,False,True,False,0.04263786242183058,75,1759,0.0448256779192031,162,3614,0.04596100278551532,297,6462,False,True
Epuyen/18-19 Patient 23,cruise,ANDV Epuyen/18-19 Patient 23,Johannesburg-Case 3,II,III,Argentinean sequences,Cruise ship outbreak sequences,False,True,False,0.042662116040955635,75,1758,0.04483430799220273,161,3591,0.04570552147239264,298,6520,False,True
Epuyen/18-19 Patient 23,cruise,ANDV Epuyen/18-19 Patient 23,Canada-Case 11_NPswab,II,III,Argentinean sequences,Cruise ship outbreak sequences,False,True,False,0.04022627278441232,64,1591,0.04665825977301387,148,3172,0.04586404586404586,280,6105,False,True
Epuyen/18-19 Patient 23,cruise,ANDV Epuyen/18-19 Patient 23,Canada-Case 11_blood,II,III,Argentinean sequences,Cruise ship outbreak sequences,False,True,False,0.04318181818181818,76,1760,0.04512331838565022,161,3568,0.045964642582628744,299,6505,False,True
Epuyen/18-19 Patient 12,Epuyen/18-19 Patient 25,ANDV Epuyen/18-19 Patient 12,ANDV Epuyen/18-19 Patient 25,II,II,Argentinean sequences,Argentinean sequences,False,False,True,0.0,0,1852,0.0002736726874657909,1,3654,0.0,0,6542,False,False
Epuyen/18-19 Patient 12,Epuyen/18-19 Patient 17,ANDV Epuyen/18-19 Patient 12,ANDV Epuyen/18-19 Patient 17,II,II,Argentinean sequences,Argentinean sequences,False,False,True,0.0,0,1852,0.00027359781121751026,1,3655,0.0,0,6542,False,False
Epuyen/18-19 Patient 12,Epuyen/18-19 Patient 3,ANDV Epuyen/18-19 Patient 12,ANDV Epuyen/18-19 Patient 3,II,II,Argentinean sequences,Argentinean sequences,False,False,True,0.0,0,1850,0.0002736726874657909,1,3654,0.0,0,6539,False,False
Epuyen/18-19 Patient 12,Epuyen/18-19 Patient 13,ANDV Epuyen/18-19 Patient 12,ANDV Epuyen/18-19 Patient 13,II,II,Argentinean sequences,Argentinean sequences,False,False,True,0.0,0,1850,0.00027359781121751026,1,3655,0.0,0,6541,False,False
Epuyen/18-19 Patient 12,Epuyen/18-19 Patient 1,ANDV Epuyen/18-19 Patient 12,ANDV Epuyen/18-19 Patient 1,II,II,Argentinean sequences,Argentinean sequences,False,False,True,0.0,0,1850,0.0002736726874657909,1,3654,0.0,0,6541,False,False
Epuyen/18-19 Patient 12,Epuyen/18-19 Patient 28,ANDV Epuyen/18-19 Patient 12,ANDV Epuyen/18-19 Patient 28,II,II,Argentinean sequences,Argentinean sequences,False,False,True,0.0,0,1849,0.00027419797093501506,1,3647,0.0,0,6532,False,False
Epuyen/18-19 Patient 12,Epuyen/18-19 Patient 16,ANDV Epuyen/18-19 Patient 12,ANDV Epuyen/18-19 Patient 16,II,II,Argentinean sequences,Argentinean sequences,False,False,True,0.0,0,1852,0.0002740476842970677,1,3649,0.0,0,6541,False,False
Epuyen/18-19 Patient 12,Epuyen/18-19 Patient 29,ANDV Epuyen/18-19 Patient 12,ANDV Epuyen/18-19 Patient 29,II,II,Argentinean sequences,Argentinean sequences,False,False,True,0.0,0,1852,0.00027359781121751026,1,3655,0.0,0,6542,False,False
Epuyen/18-19 Patient 12,Epuyen/18-19 Patient 19,ANDV Epuyen/18-19 Patient 12,ANDV Epuyen/18-19 Patient 19,II,II,Argentinean sequences,Argentinean sequences,False,False,True,0.0,0,1852,0.00027359781121751026,1,3655,0.0,0,6542,False,False
Epuyen/18-19 Patient 12,Epuyen/18-19 Patient 9,ANDV Epuyen/18-19 Patient 12,ANDV Epuyen/18-19 Patient 9,II,II,Argentinean sequences,Argentinean sequences,False,False,True,0.0,0,1852,0.00027359781121751026,1,3655,0.0,0,6542,False,False
Epuyen/18-19 Patient 12,Epuyen/18-19 Patient 20,ANDV Epuyen/18-19 Patient 12,ANDV Epuyen/18-19 Patient 20,II,II,Argentinean sequences,Argentinean sequences,False,False,True,0.0,0,1852,0.0002736726874657909,1,3654,0.0,0,6538,False,False
Epuyen/18-19 Patient 12,Epuyen/18-19 Patient 8,ANDV Epuyen/18-19 Patient 12,ANDV Epuyen/18-19 Patient 8,II,II,Argentinean sequences,Argentinean sequences,False,False,True,0.0,0,1852,0.0002736726874657909,1,3654,0.0,0,6542,False,False
Epuyen/18-19 Patient 12,Epuyen/18-19 Patient 14,ANDV Epuyen/18-19 Patient 12,ANDV Epuyen/18-19 Patient 14,II,II,Argentinean sequences,Argentinean sequences,False,False,True,0.0,0,1852,0.00027359781121751026,1,3655,0.0,0,6542,False,False
Epuyen/18-19 Patient 12,Epuyen/18-19 Patient 11,ANDV Epuyen/18-19 Patient 12,ANDV Epuyen/18-19 Patient 11,II,II,Argentinean sequences,Argentinean sequences,False,False,True,0.0,0,1844,0.00027434842249657066,1,3645,0.0,0,6522,False,False
Epuyen/18-19 Patient 12,Epuyen/18-19 Patient 27,ANDV Epuyen/18-19 Patient 12,ANDV Epuyen/18-19 Patient 27,II,II,Argentinean sequences,Argentinean sequences,False,False,True,0.0,0,1848,0.00027419797093501506,1,3647,0.0,0,6533,False,False
Epuyen/18-19 Patient 12,Epuyen/18-19 Patient 5,ANDV Epuyen/18-19 Patient 12,ANDV Epuyen/18-19 Patient 5,II,II,Argentinean sequences,Argentinean sequences,False,False,True,0.0,0,1848,0.0002740476842970677,1,3649,0.0,0,6540,False,False
Epuyen/18-19 Patient 12,Epuyen,ANDV Epuyen/18-19 Patient 12,ANDV Epuyen,II,II,Argentinean sequences,Argentinean sequences,False,False,True,0.0005446623093681918,1,1836,0.0008225939128050452,3,3647,0.0001544878727019929,1,6473,False,False
Epuyen/18-19 Patient 12,p334,ANDV Epuyen/18-19 Patient 12,p334,II,I,Argentinean sequences,Chilean sequences,False,False,False,0.04808211777417612,89,1851,0.06858710562414266,250,3645,0.0654234179150107,428,6542,False,False
Epuyen/18-19 Patient 12,p1060,ANDV Epuyen/18-19 Patient 12,p1060,II,I,Argentinean sequences,Chilean sequences,False,False,False,0.042725797728501894,79,1849,0.06582556226001098,240,3646,0.07110091743119266,465,6540,False,False
Epuyen/18-19 Patient 12,p1056,ANDV Epuyen/18-19 Patient 12,p1056,II,I,Argentinean sequences,Chilean sequences,False,False,False,0.04321988114532685,80,1851,0.04607789358200768,168,3646,0.04724770642201835,309,6540,False,False
Epuyen/18-19 Patient 12,NRC-2/97,ANDV Epuyen/18-19 Patient 12,ANDV NRC-2/97,II,I,Argentinean sequences,Argentinean sequences,False,False,False,0.04164413196322336,77,1849,0.044980800877674164,164,3646,0.04648299215022318,302,6497,False,False
Epuyen/18-19 Patient 12,p115D,ANDV Epuyen/18-19 Patient 12,p115D,II,I,Argentinean sequences,Chilean sequences,False,False,False,0.0372972972972973,69,1850,0.04421862125789618,161,3641,0.08498929990828492,556,6542,False,False
Epuyen/18-19 Patient 12,p915,ANDV Epuyen/18-19 Patient 12,p915,II,I,Argentinean sequences,Chilean sequences,False,False,False,0.038419913419913417,71,1848,0.04561692772739764,166,3639,0.08488834505965127,555,6538,False,False
Epuyen/18-19 Patient 12,p201,ANDV Epuyen/18-19 Patient 12,p201,II,I,Argentinean sequences,Chilean sequences,False,False,False,0.03783783783783784,70,1850,0.04474334339829811,163,3643,0.08458244111349036,553,6538,False,False
Epuyen/18-19 Patient 12,p1064,ANDV Epuyen/18-19 Patient 12,p1064,II,I,Argentinean sequences,Chilean sequences,False,False,False,0.03943814154511075,73,1851,0.04754053311349272,173,3639,0.04418960244648318,289,6540,False,False
Epuyen/18-19 Patient 12,CHI-7913,ANDV Epuyen/18-19 Patient 12,ANDV CHI-7913,II,I,Argentinean sequences,Chilean sequences,False,False,False,0.03995560488346282,72,1802,0.042113955408753095,153,3633,0.04299412310547479,278,6466,False,False
Epuyen/18-19 Patient 12,p1062,ANDV Epuyen/18-19 Patient 12,p1062,II,I,Argentinean sequences,Chilean sequences,False,False,False,0.03889789303079417,72,1851,0.038123971475589685,139,3646,0.047233261999388564,309,6542,False,False
Epuyen/18-19 Patient 12,p1058,ANDV Epuyen/18-19 Patient 12,p1058,II,I,Argentinean sequences,Chilean sequences,False,False,False,0.03783783783783784,70,1850,0.04552934722984092,166,3646,0.046483180428134555,304,6540,False,False
Epuyen/18-19 Patient 12,NRC-5/18,ANDV Epuyen/18-19 Patient 12,ANDV NRC-5/18,II,I,Argentinean sequences,Argentinean sequences,False,False,False,0.0372972972972973,69,1850,0.047397260273972605,173,3650,0.04764823042745519,311,6527,False,False
Epuyen/18-19 Patient 12,p1241,ANDV Epuyen/18-19 Patient 12,p1241,II,I,Argentinean sequences,Chilean sequences,False,False,False,0.037817396002161,70,1851,0.046065259117082535,168,3647,0.04876930133007185,319,6541,False,False
Epuyen/18-19 Patient 12,p1313,ANDV Epuyen/18-19 Patient 12,p1313,II,I,Argentinean sequences,Chilean sequences,False,False,False,0.03349540788762831,62,1851,0.045554335894621295,166,3644,0.05076452599388379,332,6540,False,False
Epuyen/18-19 Patient 12,p126,ANDV Epuyen/18-19 Patient 12,p126,II,I,Argentinean sequences,Chilean sequences,False,False,False,0.03349540788762831,62,1851,0.04720087815587267,172,3644,0.05015290519877676,328,6540,False,False
Epuyen/18-19 Patient 12,136D,ANDV Epuyen/18-19 Patient 12,136D,II,I,Argentinean sequences,Chilean sequences,False,False,False,0.04065934065934066,74,1820,0.04885625529511437,173,3541,0.04892307692307692,318,6500,False,False
Epuyen/18-19 Patient 12,p1052,ANDV Epuyen/18-19 Patient 12,p1052,II,I,Argentinean sequences,Chilean sequences,False,False,False,0.03835764451647758,71,1851,0.043609434997257265,159,3646,0.0481651376146789,315,6540,False,False
Epuyen/18-19 Patient 12,131D,ANDV Epuyen/18-19 Patient 12,131D,II,I,Argentinean sequences,Chilean sequences,False,False,False,0.04056246619794483,75,1849,0.044232922732362824,158,3572,0.04920805781946794,320,6503,False,False
Epuyen/18-19 Patient 12,p127,ANDV Epuyen/18-19 Patient 12,p127,II,I,Argentinean sequences,Chilean sequences,False,False,False,0.03943814154511075,73,1851,0.045279912184412734,165,3644,0.04876184653011312,319,6542,False,False
Epuyen/18-19 Patient 12,p1427,ANDV Epuyen/18-19 Patient 12,p1427,II,I,Argentinean sequences,Chilean sequences,False,False,False,0.0372972972972973,69,1850,0.04226125137211855,154,3644,0.04616325282788138,302,6542,False,False
Epuyen/18-19 Patient 12,p1430,ANDV Epuyen/18-19 Patient 12,p1430,II,I,Argentinean sequences,Chilean sequences,False,False,False,0.03727714748784441,69,1851,0.041678091582122295,152,3647,0.046774686640171204,306,6542,False,False
Epuyen/18-19 Patient 12,ANDV-CH-LS-2016,ANDV Epuyen/18-19 Patient 12,ANDV-CH-LS-2016,II,I,Argentinean sequences,Chilean sequences,False,False,False,0.0384829894032348,69,1793,0.04270660011092623,154,3606,0.04760297096556381,282,5924,False,False
Epuyen/18-19 Patient 12,ANDV-CH-LS-2022,ANDV Epuyen/18-19 Patient 12,ANDV-CH-LS-2022,II,I,Argentinean sequences,Chilean sequences,False,False,False,0.03806818181818182,67,1760,0.04294478527607362,147,3423,0.047092743873137916,294,6243,False,False
Epuyen/18-19 Patient 12,ARG p19,ANDV Epuyen/18-19 Patient 12,ANDV ARG p19,II,III,Argentinean sequences,Argentinean sequences,False,False,False,0.04103671706263499,76,1852,0.03921030984370716,143,3647,0.04555984555984556,295,6475,False,False
Epuyen/18-19 Patient 12,ARG p3,ANDV Epuyen/18-19 Patient 12,ANDV ARG p3,II,III,Argentinean sequences,Argentinean sequences,False,False,False,0.04051863857374392,75,1851,0.03893611187277214,142,3647,0.04494038520330174,294,6542,False,False
Epuyen/18-19 Patient 12,ARG-M.a.,ANDV Epuyen/18-19 Patient 12,ANDV ARG-M.a.,II,III,Argentinean sequences,Argentinean sequences,False,False,False,0.04103671706263499,76,1852,0.039000274649821476,142,3641,0.045651501083255955,295,6462,False,False
Epuyen/18-19 Patient 12,ARG p9,ANDV Epuyen/18-19 Patient 12,ANDV ARG p9,II,III,Argentinean sequences,Argentinean sequences,False,False,False,0.04103671706263499,76,1852,0.03893611187277214,142,3647,0.04540540540540541,294,6475,False,False
Epuyen/18-19 Patient 12,p1316,ANDV Epuyen/18-19 Patient 12,p1316,II,III,Argentinean sequences,Chilean sequences,False,False,False,0.038876889848812095,72,1852,0.040866703236423475,149,3646,0.04465514604679614,292,6539,False,False
Epuyen/18-19 Patient 12,CHI-Hu13724 P2,ANDV Epuyen/18-19 Patient 12,ANDV CHI-Hu13724 P2,II,III,Argentinean sequences,Chilean sequences,False,False,False,0.04049676025917927,75,1852,0.04251234229292375,155,3646,0.046788990825688076,306,6540,False,False
Epuyen/18-19 Patient 12,p136,ANDV Epuyen/18-19 Patient 12,p136,II,III,Argentinean sequences,Chilean sequences,False,False,False,0.03995680345572354,74,1852,0.04253567508232711,155,3644,0.046774686640171204,306,6542,False,False
Epuyen/18-19 Patient 12,p137,ANDV Epuyen/18-19 Patient 12,p137,II,III,Argentinean sequences,Chilean sequences,False,False,False,0.03995680345572354,74,1852,0.042547351084271205,155,3643,0.04679614619972473,306,6539,False,False
Epuyen/18-19 Patient 12,CHI-Hu13724 P1,ANDV Epuyen/18-19 Patient 12,ANDV CHI-Hu13724 P1,II,III,Argentinean sequences,Chilean sequences,False,False,False,0.03995680345572354,74,1852,0.04253567508232711,155,3644,0.046774686640171204,306,6542,False,False
Epuyen/18-19 Patient 12,p1059,ANDV Epuyen/18-19 Patient 12,p1059,II,III,Argentinean sequences,Chilean sequences,False,True,False,0.039978390059427334,74,1851,0.04445664105378705,162,3644,0.0463302752293578,303,6540,False,False
Epuyen/18-19 Patient 12,NRC-4/18,ANDV Epuyen/18-19 Patient 12,ANDV NRC-4/18,II,III,Argentinean sequences,Argentinean sequences,False,True,False,0.04051863857374392,75,1851,0.04322845417236662,158,3655,0.044947255771288795,294,6541,False,False
Epuyen/18-19 Patient 12,NRC-3/18,ANDV Epuyen/18-19 Patient 12,ANDV NRC-3/18,II,III,Argentinean sequences,Argentinean sequences,False,True,False,0.04056246619794483,75,1849,0.04295485636114911,157,3655,0.044961003211500226,294,6539,False,False
Epuyen/18-19 Patient 12,132D,ANDV Epuyen/18-19 Patient 12,132D,II,III,Argentinean sequences,Chilean sequences,False,True,False,0.03896103896103896,72,1848,0.04705558613098514,171,3634,0.04730557256582976,309,6532,False,False
Epuyen/18-19 Patient 12,p1239,ANDV Epuyen/18-19 Patient 12,p1239,II,III,Argentinean sequences,Chilean sequences,False,True,False,0.03835764451647758,71,1851,0.0434185215718604,158,3639,0.04665035178953809,305,6538,False,False
Epuyen/18-19 Patient 12,p1242,ANDV Epuyen/18-19 Patient 12,p1242,II,III,Argentinean sequences,Chilean sequences,False,True,False,0.041599135602377095,77,1851,0.0444932710793738,162,3641,0.04649028903502064,304,6539,False,False
Epuyen/18-19 Patient 12,p931,ANDV Epuyen/18-19 Patient 12,p931,II,III,Argentinean sequences,Chilean sequences,False,True,False,0.041058887088060506,76,1851,0.0444932710793738,162,3641,0.04542673600489446,297,6538,False,False
Epuyen/18-19 Patient 12,p1236,ANDV Epuyen/18-19 Patient 12,p1236,II,III,Argentinean sequences,Chilean sequences,False,True,False,0.03943814154511075,73,1851,0.04282185012352457,156,3643,0.05105058365758755,328,6425,True,False
Epuyen/18-19 Patient 12,cruise,ANDV Epuyen/18-19 Patient 12,France-Case 9,II,III,Argentinean sequences,Cruise ship outbreak sequences,False,True,False,0.03956639566395664,73,1845,0.04469426926240746,163,3647,0.04555181901559156,298,6542,False,True
Epuyen/18-19 Patient 12,cruise,ANDV Epuyen/18-19 Patient 12,Spain-Case 10,II,III,Argentinean sequences,Cruise ship outbreak sequences,False,True,False,0.0396093326098752,73,1843,0.04474334339829811,163,3643,0.04558666054765183,298,6537,False,True
Epuyen/18-19 Patient 12,cruise,ANDV Epuyen/18-19 Patient 12,Spain-Case 12,II,III,Argentinean sequences,Cruise ship outbreak sequences,False,True,False,0.0396093326098752,73,1843,0.04474334339829811,163,3643,0.04558666054765183,298,6537,False,True
Epuyen/18-19 Patient 12,Switzerland-Case 7,ANDV Epuyen/18-19 Patient 12,Switzerland-Case 7,II,III,Argentinean sequences,Cruise ship outbreak sequences,False,True,False,0.0396093326098752,73,1843,0.04474334339829811,163,3643,0.045704677468664016,299,6542,False,True
Epuyen/18-19 Patient 12,cruise,ANDV Epuyen/18-19 Patient 12,Netherlands-Case 6,II,III,Argentinean sequences,Cruise ship outbreak sequences,False,True,False,0.04006586169045005,73,1822,0.04496551724137931,163,3625,0.04514452744397532,278,6158,False,True
Epuyen/18-19 Patient 12,cruise,ANDV Epuyen/18-19 Patient 12,Netherlands-Case 5,II,III,Argentinean sequences,Cruise ship outbreak sequences,False,True,False,0.04053303720155469,73,1801,0.04549283909014322,162,3561,0.045763760049474335,296,6468,False,True
Epuyen/18-19 Patient 12,cruise,ANDV Epuyen/18-19 Patient 12,Johannesburg-Case 2,II,III,Argentinean sequences,Cruise ship outbreak sequences,False,True,False,0.041500852757248435,73,1759,0.045102379634753734,163,3614,0.046108618288720406,298,6463,False,True
Epuyen/18-19 Patient 12,cruise,ANDV Epuyen/18-19 Patient 12,Johannesburg-Case 3,II,III,Argentinean sequences,Cruise ship outbreak sequences,False,True,False,0.04152445961319681,73,1758,0.045112781954887216,162,3591,0.04569150567310641,298,6522,False,True
Epuyen/18-19 Patient 12,cruise,ANDV Epuyen/18-19 Patient 12,Canada-Case 11_NPswab,II,III,Argentinean sequences,Cruise ship outbreak sequences,False,True,False,0.039597737272155875,63,1591,0.04665825977301387,148,3172,0.04586404586404586,280,6105,False,True
Epuyen/18-19 Patient 12,cruise,ANDV Epuyen/18-19 Patient 12,Canada-Case 11_blood,II,III,Argentinean sequences,Cruise ship outbreak sequences,False,True,False,0.042045454545454546,74,1760,0.04540358744394619,162,3568,0.045964642582628744,299,6505,False,True
Epuyen/18-19 Patient 25,Epuyen/18-19 Patient 17,ANDV Epuyen/18-19 Patient 25,ANDV Epuyen/18-19 Patient 17,II,II,Argentinean sequences,Argentinean sequences,False,False,True,0.0,0,1861,0.0,0,3654,0.0,0,6542,False,False
Epuyen/18-19 Patient 25,Epuyen/18-19 Patient 3,ANDV Epuyen/18-19 Patient 25,ANDV Epuyen/18-19 Patient 3,II,II,Argentinean sequences,Argentinean sequences,False,False,True,0.0,0,1851,0.0,0,3654,0.0,0,6539,False,False
Epuyen/18-19 Patient 25,Epuyen/18-19 Patient 13,ANDV Epuyen/18-19 Patient 25,ANDV Epuyen/18-19 Patient 13,II,II,Argentinean sequences,Argentinean sequences,False,False,True,0.0,0,1851,0.0,0,3654,0.0,0,6541,False,False
Epuyen/18-19 Patient 25,Epuyen/18-19 Patient 1,ANDV Epuyen/18-19 Patient 25,ANDV Epuyen/18-19 Patient 1,II,II,Argentinean sequences,Argentinean sequences,False,False,True,0.0,0,1851,0.0,0,3653,0.0,0,6541,False,False
Epuyen/18-19 Patient 25,Epuyen/18-19 Patient 28,ANDV Epuyen/18-19 Patient 25,ANDV Epuyen/18-19 Patient 28,II,II,Argentinean sequences,Argentinean sequences,False,False,True,0.0,0,1849,0.0,0,3647,0.0,0,6532,False,False
Epuyen/18-19 Patient 25,Epuyen/18-19 Patient 16,ANDV Epuyen/18-19 Patient 25,ANDV Epuyen/18-19 Patient 16,II,II,Argentinean sequences,Argentinean sequences,False,False,True,0.0,0,1857,0.0,0,3648,0.0,0,6541,False,False
Epuyen/18-19 Patient 25,Epuyen/18-19 Patient 29,ANDV Epuyen/18-19 Patient 25,ANDV Epuyen/18-19 Patient 29,II,II,Argentinean sequences,Argentinean sequences,False,False,True,0.0,0,1857,0.0,0,3654,0.0,0,6542,False,False
Epuyen/18-19 Patient 25,Epuyen/18-19 Patient 19,ANDV Epuyen/18-19 Patient 25,ANDV Epuyen/18-19 Patient 19,II,II,Argentinean sequences,Argentinean sequences,False,False,True,0.0,0,1861,0.0,0,3654,0.0,0,6542,False,False
Epuyen/18-19 Patient 25,Epuyen/18-19 Patient 9,ANDV Epuyen/18-19 Patient 25,ANDV Epuyen/18-19 Patient 9,II,II,Argentinean sequences,Argentinean sequences,False,False,True,0.0,0,1861,0.0,0,3654,0.0,0,6542,False,False
Epuyen/18-19 Patient 25,Epuyen/18-19 Patient 20,ANDV Epuyen/18-19 Patient 25,ANDV Epuyen/18-19 Patient 20,II,II,Argentinean sequences,Argentinean sequences,False,False,True,0.0,0,1861,0.0,0,3654,0.0,0,6538,False,False
Epuyen/18-19 Patient 25,Epuyen/18-19 Patient 8,ANDV Epuyen/18-19 Patient 25,ANDV Epuyen/18-19 Patient 8,II,II,Argentinean sequences,Argentinean sequences,False,False,True,0.0,0,1858,0.0,0,3653,0.0,0,6542,False,False
Epuyen/18-19 Patient 25,Epuyen/18-19 Patient 14,ANDV Epuyen/18-19 Patient 25,ANDV Epuyen/18-19 Patient 14,II,II,Argentinean sequences,Argentinean sequences,False,False,True,0.0,0,1855,0.0,0,3654,0.0,0,6542,False,False
Epuyen/18-19 Patient 25,Epuyen/18-19 Patient 11,ANDV Epuyen/18-19 Patient 25,ANDV Epuyen/18-19 Patient 11,II,II,Argentinean sequences,Argentinean sequences,False,False,True,0.0,0,1844,0.0,0,3645,0.0,0,6522,False,False
Epuyen/18-19 Patient 25,Epuyen/18-19 Patient 27,ANDV Epuyen/18-19 Patient 25,ANDV Epuyen/18-19 Patient 27,II,II,Argentinean sequences,Argentinean sequences,False,False,True,0.0,0,1848,0.0,0,3647,0.0,0,6533,False,False
Epuyen/18-19 Patient 25,Epuyen/18-19 Patient 5,ANDV Epuyen/18-19 Patient 25,ANDV Epuyen/18-19 Patient 5,II,II,Argentinean sequences,Argentinean sequences,False,False,True,0.0,0,1849,0.0,0,3648,0.0,0,6540,False,False
Epuyen/18-19 Patient 25,Epuyen,ANDV Epuyen/18-19 Patient 25,ANDV Epuyen,II,II,Argentinean sequences,Argentinean sequences,False,False,True,0.0005431830526887561,1,1841,0.0005483959418700301,2,3647,0.0001544878727019929,1,6473,False,False
Epuyen/18-19 Patient 25,p334,ANDV Epuyen/18-19 Patient 25,p334,II,I,Argentinean sequences,Chilean sequences,False,False,False,0.04790096878363832,89,1858,0.06888035126234907,251,3644,0.0654234179150107,428,6542,False,False
Epuyen/18-19 Patient 25,p1060,ANDV Epuyen/18-19 Patient 25,p1060,II,I,Argentinean sequences,Chilean sequences,False,False,False,0.04256465517241379,79,1856,0.06611796982167352,241,3645,0.07110091743119266,465,6540,False,False
Epuyen/18-19 Patient 25,p1056,ANDV Epuyen/18-19 Patient 25,p1056,II,I,Argentinean sequences,Chilean sequences,False,False,False,0.04305705059203445,80,1858,0.0458161865569273,167,3645,0.04724770642201835,309,6540,False,False
Epuyen/18-19 Patient 25,NRC-2/97,ANDV Epuyen/18-19 Patient 25,ANDV NRC-2/97,II,I,Argentinean sequences,Argentinean sequences,False,False,False,0.04162162162162162,77,1850,0.04470652770159078,163,3646,0.04648299215022318,302,6497,False,False
Epuyen/18-19 Patient 25,p115D,ANDV Epuyen/18-19 Patient 25,p115D,II,I,Argentinean sequences,Chilean sequences,False,False,False,0.037116729424421735,69,1859,0.04395604395604396,160,3640,0.08498929990828492,556,6542,False,False
Epuyen/18-19 Patient 25,p915,ANDV Epuyen/18-19 Patient 25,p915,II,I,Argentinean sequences,Chilean sequences,False,False,False,0.03823371028540657,71,1857,0.045354590434304565,165,3638,0.08488834505965127,555,6538,False,False
Epuyen/18-19 Patient 25,p201,ANDV Epuyen/18-19 Patient 25,p201,II,I,Argentinean sequences,Chilean sequences,False,False,False,0.03773584905660377,70,1855,0.044481054365733116,162,3642,0.08458244111349036,553,6538,False,False
Epuyen/18-19 Patient 25,p1064,ANDV Epuyen/18-19 Patient 25,p1064,II,I,Argentinean sequences,Chilean sequences,False,False,False,0.03933189655172414,73,1856,0.04782847718526663,174,3638,0.04418960244648318,289,6540,False,False
Epuyen/18-19 Patient 25,CHI-7913,ANDV Epuyen/18-19 Patient 25,ANDV CHI-7913,II,I,Argentinean sequences,Chilean sequences,False,False,False,0.03995560488346282,72,1802,0.042400881057268726,154,3632,0.04299412310547479,278,6466,False,False
Epuyen/18-19 Patient 25,p1062,ANDV Epuyen/18-19 Patient 25,p1062,II,I,Argentinean sequences,Chilean sequences,False,False,False,0.038730500268961805,72,1859,0.03786008230452675,138,3645,0.047233261999388564,309,6542,False,False
Epuyen/18-19 Patient 25,p1058,ANDV Epuyen/18-19 Patient 25,p1058,II,I,Argentinean sequences,Chilean sequences,False,False,False,0.037654653039268425,70,1859,0.0458161865569273,167,3645,0.046483180428134555,304,6540,False,False
Epuyen/18-19 Patient 25,NRC-5/18,ANDV Epuyen/18-19 Patient 25,ANDV NRC-5/18,II,I,Argentinean sequences,Argentinean sequences,False,False,False,0.03719676549865229,69,1855,0.047123287671232875,172,3650,0.04764823042745519,311,6527,False,False
Epuyen/18-19 Patient 25,p1241,ANDV Epuyen/18-19 Patient 25,p1241,II,I,Argentinean sequences,Chilean sequences,False,False,False,0.03763440860215054,70,1860,0.0458036204059243,167,3646,0.04876930133007185,319,6541,False,False
Epuyen/18-19 Patient 25,p1313,ANDV Epuyen/18-19 Patient 25,p1313,II,I,Argentinean sequences,Chilean sequences,False,False,False,0.03336921420882669,62,1858,0.04529234147680483,165,3643,0.05076452599388379,332,6540,False,False
Epuyen/18-19 Patient 25,p126,ANDV Epuyen/18-19 Patient 25,p126,II,I,Argentinean sequences,Chilean sequences,False,False,False,0.03336921420882669,62,1858,0.04693933571232501,171,3643,0.05015290519877676,328,6540,False,False
Epuyen/18-19 Patient 25,136D,ANDV Epuyen/18-19 Patient 25,136D,II,I,Argentinean sequences,Chilean sequences,False,False,False,0.04065934065934066,74,1820,0.04857384919514261,172,3541,0.04892307692307692,318,6500,False,False
Epuyen/18-19 Patient 25,p1052,ANDV Epuyen/18-19 Patient 25,p1052,II,I,Argentinean sequences,Chilean sequences,False,False,False,0.038172043010752686,71,1860,0.04334705075445816,158,3645,0.0481651376146789,315,6540,False,False
Epuyen/18-19 Patient 25,131D,ANDV Epuyen/18-19 Patient 25,131D,II,I,Argentinean sequences,Chilean sequences,False,False,False,0.04054054054054054,75,1850,0.043952967525195966,157,3572,0.04920805781946794,320,6503,False,False
Epuyen/18-19 Patient 25,p127,ANDV Epuyen/18-19 Patient 25,p127,II,I,Argentinean sequences,Chilean sequences,False,False,False,0.039289558665231435,73,1858,0.04501784243755147,164,3643,0.04876184653011312,319,6542,False,False
Epuyen/18-19 Patient 25,p1427,ANDV Epuyen/18-19 Patient 25,p1427,II,I,Argentinean sequences,Chilean sequences,False,False,False,0.037176724137931036,69,1856,0.04199835300576448,153,3643,0.04616325282788138,302,6542,False,False
Epuyen/18-19 Patient 25,p1430,ANDV Epuyen/18-19 Patient 25,p1430,II,I,Argentinean sequences,Chilean sequences,False,False,False,0.037096774193548385,69,1860,0.04141524958859023,151,3646,0.046774686640171204,306,6542,False,False
Epuyen/18-19 Patient 25,ANDV-CH-LS-2016,ANDV Epuyen/18-19 Patient 25,ANDV-CH-LS-2016,II,I,Argentinean sequences,Chilean sequences,False,False,False,0.0384829894032348,69,1793,0.042429284525790346,153,3606,0.04760297096556381,282,5924,False,False
Epuyen/18-19 Patient 25,ANDV-CH-LS-2022,ANDV Epuyen/18-19 Patient 25,ANDV-CH-LS-2022,II,I,Argentinean sequences,Chilean sequences,False,False,False,0.03806818181818182,67,1760,0.04265264387963774,146,3423,0.047092743873137916,294,6243,False,False
Epuyen/18-19 Patient 25,ARG p19,ANDV Epuyen/18-19 Patient 25,ANDV ARG p19,II,III,Argentinean sequences,Argentinean sequences,False,False,False,0.04083825900053734,76,1861,0.038946791003839826,142,3646,0.04555984555984556,295,6475,False,False
Epuyen/18-19 Patient 25,ARG p3,ANDV Epuyen/18-19 Patient 25,ANDV ARG p3,II,III,Argentinean sequences,Argentinean sequences,False,False,False,0.04040948275862069,75,1856,0.03867251782775644,141,3646,0.04494038520330174,294,6542,False,False
Epuyen/18-19 Patient 25,ARG-M.a.,ANDV Epuyen/18-19 Patient 25,ANDV ARG-M.a.,II,III,Argentinean sequences,Argentinean sequences,False,False,False,0.04083825900053734,76,1861,0.03873626373626374,141,3640,0.045651501083255955,295,6462,False,False
Epuyen/18-19 Patient 25,ARG p9,ANDV Epuyen/18-19 Patient 25,ANDV ARG p9,II,III,Argentinean sequences,Argentinean sequences,False,False,False,0.04083825900053734,76,1861,0.03867251782775644,141,3646,0.04540540540540541,294,6475,False,False
Epuyen/18-19 Patient 25,p1316,ANDV Epuyen/18-19 Patient 25,p1316,II,III,Argentinean sequences,Chilean sequences,False,False,False,0.038730500268961805,72,1859,0.04060356652949246,148,3645,0.04465514604679614,292,6539,False,False
Epuyen/18-19 Patient 25,CHI-Hu13724 P2,ANDV Epuyen/18-19 Patient 25,ANDV CHI-Hu13724 P2,II,III,Argentinean sequences,Chilean sequences,False,False,False,0.04034427111350188,75,1859,0.04224965706447188,154,3645,0.046788990825688076,306,6540,False,False
Epuyen/18-19 Patient 25,p136,ANDV Epuyen/18-19 Patient 25,p136,II,III,Argentinean sequences,Chilean sequences,False,False,False,0.03980634749865519,74,1859,0.04227285204501784,154,3643,0.046774686640171204,306,6542,False,False
Epuyen/18-19 Patient 25,p137,ANDV Epuyen/18-19 Patient 25,p137,II,III,Argentinean sequences,Chilean sequences,False,False,False,0.03984921917070544,74,1857,0.04228445908841296,154,3642,0.04679614619972473,306,6539,False,False
Epuyen/18-19 Patient 25,CHI-Hu13724 P1,ANDV Epuyen/18-19 Patient 25,ANDV CHI-Hu13724 P1,II,III,Argentinean sequences,Chilean sequences,False,False,False,0.039763567974207416,74,1861,0.04227285204501784,154,3643,0.046774686640171204,306,6542,False,False
Epuyen/18-19 Patient 25,p1059,ANDV Epuyen/18-19 Patient 25,p1059,II,III,Argentinean sequences,Chilean sequences,False,True,False,0.03978494623655914,74,1860,0.044194345319791384,161,3643,0.0463302752293578,303,6540,False,False
Epuyen/18-19 Patient 25,NRC-4/18,ANDV Epuyen/18-19 Patient 25,ANDV NRC-4/18,II,III,Argentinean sequences,Argentinean sequences,False,True,False,0.040365984930032295,75,1858,0.042966611932129174,157,3654,0.044947255771288795,294,6541,False,False
Epuyen/18-19 Patient 25,NRC-3/18,ANDV Epuyen/18-19 Patient 25,ANDV NRC-3/18,II,III,Argentinean sequences,Argentinean sequences,False,True,False,0.040453074433656956,75,1854,0.042692939244663386,156,3654,0.044961003211500226,294,6539,False,False
Epuyen/18-19 Patient 25,132D,ANDV Epuyen/18-19 Patient 25,132D,II,III,Argentinean sequences,Chilean sequences,False,True,False,0.03891891891891892,72,1850,0.04679328378750344,170,3633,0.04730557256582976,309,6532,False,False
Epuyen/18-19 Patient 25,p1239,ANDV Epuyen/18-19 Patient 25,p1239,II,III,Argentinean sequences,Chilean sequences,False,True,False,0.038172043010752686,71,1860,0.04315557998900495,157,3638,0.04665035178953809,305,6538,False,False
Epuyen/18-19 Patient 25,p1242,ANDV Epuyen/18-19 Patient 25,p1242,II,III,Argentinean sequences,Chilean sequences,False,True,False,0.04139784946236559,77,1860,0.04423076923076923,161,3640,0.04649028903502064,304,6539,False,False
Epuyen/18-19 Patient 25,p931,ANDV Epuyen/18-19 Patient 25,p931,II,III,Argentinean sequences,Chilean sequences,False,True,False,0.04086021505376344,76,1860,0.04423076923076923,161,3640,0.04542673600489446,297,6538,False,False
Epuyen/18-19 Patient 25,p1236,ANDV Epuyen/18-19 Patient 25,p1236,II,III,Argentinean sequences,Chilean sequences,False,True,False,0.03924731182795699,73,1860,0.04255903349807798,155,3642,0.05105058365758755,328,6425,True,False
Epuyen/18-19 Patient 25,cruise,ANDV Epuyen/18-19 Patient 25,France-Case 9,II,III,Argentinean sequences,Cruise ship outbreak sequences,False,True,False,0.03941684665226782,73,1852,0.044432254525507406,162,3646,0.04555181901559156,298,6542,False,True
Epuyen/18-19 Patient 25,cruise,ANDV Epuyen/18-19 Patient 25,Spain-Case 10,II,III,Argentinean sequences,Cruise ship outbreak sequences,False,True,False,0.03952355170546833,73,1847,0.044481054365733116,162,3642,0.04558666054765183,298,6537,False,True
Epuyen/18-19 Patient 25,cruise,ANDV Epuyen/18-19 Patient 25,Spain-Case 12,II,III,Argentinean sequences,Cruise ship outbreak sequences,False,True,False,0.03952355170546833,73,1847,0.044481054365733116,162,3642,0.04558666054765183,298,6537,False,True
Epuyen/18-19 Patient 25,Switzerland-Case 7,ANDV Epuyen/18-19 Patient 25,Switzerland-Case 7,II,III,Argentinean sequences,Cruise ship outbreak sequences,False,True,False,0.03952355170546833,73,1847,0.044481054365733116,162,3642,0.045704677468664016,299,6542,False,True
Epuyen/18-19 Patient 25,cruise,ANDV Epuyen/18-19 Patient 25,Netherlands-Case 6,II,III,Argentinean sequences,Cruise ship outbreak sequences,False,True,False,0.04006586169045005,73,1822,0.04468965517241379,162,3625,0.04514452744397532,278,6158,False,True
Epuyen/18-19 Patient 25,cruise,ANDV Epuyen/18-19 Patient 25,Netherlands-Case 5,II,III,Argentinean sequences,Cruise ship outbreak sequences,False,True,False,0.04053303720155469,73,1801,0.045212019095759615,161,3561,0.045763760049474335,296,6468,False,True
Epuyen/18-19 Patient 25,cruise,ANDV Epuyen/18-19 Patient 25,Johannesburg-Case 2,II,III,Argentinean sequences,Cruise ship outbreak sequences,False,True,False,0.041500852757248435,73,1759,0.0448256779192031,162,3614,0.046108618288720406,298,6463,False,True
Epuyen/18-19 Patient 25,cruise,ANDV Epuyen/18-19 Patient 25,Johannesburg-Case 3,II,III,Argentinean sequences,Cruise ship outbreak sequences,False,True,False,0.04152445961319681,73,1758,0.04483430799220273,161,3591,0.04569150567310641,298,6522,False,True
Epuyen/18-19 Patient 25,cruise,ANDV Epuyen/18-19 Patient 25,Canada-Case 11_NPswab,II,III,Argentinean sequences,Cruise ship outbreak sequences,False,True,False,0.039597737272155875,63,1591,0.04665825977301387,148,3172,0.04586404586404586,280,6105,False,True
Epuyen/18-19 Patient 25,cruise,ANDV Epuyen/18-19 Patient 25,Canada-Case 11_blood,II,III,Argentinean sequences,Cruise ship outbreak sequences,False,True,False,0.042045454545454546,74,1760,0.04512331838565022,161,3568,0.045964642582628744,299,6505,False,True
Epuyen/18-19 Patient 17,Epuyen/18-19 Patient 3,ANDV Epuyen/18-19 Patient 17,ANDV Epuyen/18-19 Patient 3,II,II,Argentinean sequences,Argentinean sequences,False,False,True,0.0,0,1851,0.0,0,3654,0.0,0,6539,False,False
Epuyen/18-19 Patient 17,Epuyen/18-19 Patient 13,ANDV Epuyen/18-19 Patient 17,ANDV Epuyen/18-19 Patient 13,II,II,Argentinean sequences,Argentinean sequences,False,False,True,0.0,0,1851,0.0,0,3657,0.0,0,6541,False,False
Epuyen/18-19 Patient 17,Epuyen/18-19 Patient 1,ANDV Epuyen/18-19 Patient 17,ANDV Epuyen/18-19 Patient 1,II,II,Argentinean sequences,Argentinean sequences,False,False,True,0.0,0,1851,0.0,0,3654,0.0,0,6541,False,False
Epuyen/18-19 Patient 17,Epuyen/18-19 Patient 28,ANDV Epuyen/18-19 Patient 17,ANDV Epuyen/18-19 Patient 28,II,II,Argentinean sequences,Argentinean sequences,False,False,True,0.0,0,1849,0.0,0,3647,0.0,0,6532,False,False
Epuyen/18-19 Patient 17,Epuyen/18-19 Patient 16,ANDV Epuyen/18-19 Patient 17,ANDV Epuyen/18-19 Patient 16,II,II,Argentinean sequences,Argentinean sequences,False,False,True,0.0,0,1857,0.0,0,3651,0.0,0,6541,False,False
Epuyen/18-19 Patient 17,Epuyen/18-19 Patient 29,ANDV Epuyen/18-19 Patient 17,ANDV Epuyen/18-19 Patient 29,II,II,Argentinean sequences,Argentinean sequences,False,False,True,0.0,0,1857,0.0,0,3657,0.0,0,6542,False,False
Epuyen/18-19 Patient 17,Epuyen/18-19 Patient 19,ANDV Epuyen/18-19 Patient 17,ANDV Epuyen/18-19 Patient 19,II,II,Argentinean sequences,Argentinean sequences,False,False,True,0.0,0,1861,0.0,0,3656,0.0,0,6543,False,False
Epuyen/18-19 Patient 17,Epuyen/18-19 Patient 9,ANDV Epuyen/18-19 Patient 17,ANDV Epuyen/18-19 Patient 9,II,II,Argentinean sequences,Argentinean sequences,False,False,True,0.0,0,1861,0.00027329871549603714,1,3659,0.0,0,6543,False,False
Epuyen/18-19 Patient 17,Epuyen/18-19 Patient 20,ANDV Epuyen/18-19 Patient 17,ANDV Epuyen/18-19 Patient 20,II,II,Argentinean sequences,Argentinean sequences,False,False,True,0.0,0,1861,0.0,0,3655,0.0,0,6539,False,False
Epuyen/18-19 Patient 17,Epuyen/18-19 Patient 8,ANDV Epuyen/18-19 Patient 17,ANDV Epuyen/18-19 Patient 8,II,II,Argentinean sequences,Argentinean sequences,False,False,True,0.0,0,1858,0.0,0,3654,0.0,0,6542,False,False
Epuyen/18-19 Patient 17,Epuyen/18-19 Patient 14,ANDV Epuyen/18-19 Patient 17,ANDV Epuyen/18-19 Patient 14,II,II,Argentinean sequences,Argentinean sequences,False,False,True,0.0,0,1855,0.0,0,3658,0.0,0,6542,False,False
Epuyen/18-19 Patient 17,Epuyen/18-19 Patient 11,ANDV Epuyen/18-19 Patient 17,ANDV Epuyen/18-19 Patient 11,II,II,Argentinean sequences,Argentinean sequences,False,False,True,0.0,0,1844,0.0,0,3645,0.0,0,6522,False,False
Epuyen/18-19 Patient 17,Epuyen/18-19 Patient 27,ANDV Epuyen/18-19 Patient 17,ANDV Epuyen/18-19 Patient 27,II,II,Argentinean sequences,Argentinean sequences,False,False,True,0.0,0,1848,0.0,0,3647,0.0,0,6533,False,False
Epuyen/18-19 Patient 17,Epuyen/18-19 Patient 5,ANDV Epuyen/18-19 Patient 17,ANDV Epuyen/18-19 Patient 5,II,II,Argentinean sequences,Argentinean sequences,False,False,True,0.0,0,1849,0.0,0,3649,0.0,0,6540,False,False
Epuyen/18-19 Patient 17,Epuyen,ANDV Epuyen/18-19 Patient 17,ANDV Epuyen,II,II,Argentinean sequences,Argentinean sequences,False,False,True,0.0005431830526887561,1,1841,0.0005483959418700301,2,3647,0.00015446400988569664,1,6474,False,False
Epuyen/18-19 Patient 17,p334,ANDV Epuyen/18-19 Patient 17,p334,II,I,Argentinean sequences,Chilean sequences,False,False,False,0.04790096878363832,89,1858,0.06882369070468879,251,3647,0.0654234179150107,428,6542,False,False
Epuyen/18-19 Patient 17,p1060,ANDV Epuyen/18-19 Patient 17,p1060,II,I,Argentinean sequences,Chilean sequences,False,False,False,0.04256465517241379,79,1856,0.06606359649122807,241,3648,0.07110091743119266,465,6540,False,False
Epuyen/18-19 Patient 17,p1056,ANDV Epuyen/18-19 Patient 17,p1056,II,I,Argentinean sequences,Chilean sequences,False,False,False,0.04305705059203445,80,1858,0.04577850877192982,167,3648,0.04724770642201835,309,6540,False,False
Epuyen/18-19 Patient 17,NRC-2/97,ANDV Epuyen/18-19 Patient 17,ANDV NRC-2/97,II,I,Argentinean sequences,Argentinean sequences,False,False,False,0.04162162162162162,77,1850,0.04470652770159078,163,3646,0.04648299215022318,302,6497,False,False
Epuyen/18-19 Patient 17,p115D,ANDV Epuyen/18-19 Patient 17,p115D,II,I,Argentinean sequences,Chilean sequences,False,False,False,0.037116729424421735,69,1859,0.043919846280538015,160,3643,0.08497631056090478,556,6543,False,False
Epuyen/18-19 Patient 17,p915,ANDV Epuyen/18-19 Patient 17,p915,II,I,Argentinean sequences,Chilean sequences,False,False,False,0.03823371028540657,71,1857,0.045317220543806644,165,3641,0.08488834505965127,555,6538,False,False
Epuyen/18-19 Patient 17,p201,ANDV Epuyen/18-19 Patient 17,p201,II,I,Argentinean sequences,Chilean sequences,False,False,False,0.03773584905660377,70,1855,0.044444444444444446,162,3645,0.08458244111349036,553,6538,False,False
Epuyen/18-19 Patient 17,p1064,ANDV Epuyen/18-19 Patient 17,p1064,II,I,Argentinean sequences,Chilean sequences,False,False,False,0.03933189655172414,73,1856,0.04778906893710519,174,3641,0.04418960244648318,289,6540,False,False
Epuyen/18-19 Patient 17,CHI-7913,ANDV Epuyen/18-19 Patient 17,ANDV CHI-7913,II,I,Argentinean sequences,Chilean sequences,False,False,False,0.03995560488346282,72,1802,0.04236588720770289,154,3635,0.04299412310547479,278,6466,False,False
Epuyen/18-19 Patient 17,p1062,ANDV Epuyen/18-19 Patient 17,p1062,II,I,Argentinean sequences,Chilean sequences,False,False,False,0.038730500268961805,72,1859,0.03782894736842105,138,3648,0.047233261999388564,309,6542,False,False
Epuyen/18-19 Patient 17,p1058,ANDV Epuyen/18-19 Patient 17,p1058,II,I,Argentinean sequences,Chilean sequences,False,False,False,0.037654653039268425,70,1859,0.04577850877192982,167,3648,0.046483180428134555,304,6540,False,False
Epuyen/18-19 Patient 17,NRC-5/18,ANDV Epuyen/18-19 Patient 17,ANDV NRC-5/18,II,I,Argentinean sequences,Argentinean sequences,False,False,False,0.03719676549865229,69,1855,0.047123287671232875,172,3650,0.04764823042745519,311,6527,False,False
Epuyen/18-19 Patient 17,p1241,ANDV Epuyen/18-19 Patient 17,p1241,II,I,Argentinean sequences,Chilean sequences,False,False,False,0.03763440860215054,70,1860,0.045740892906053134,167,3651,0.04876184653011312,319,6542,False,False
Epuyen/18-19 Patient 17,p1313,ANDV Epuyen/18-19 Patient 17,p1313,II,I,Argentinean sequences,Chilean sequences,False,False,False,0.03336921420882669,62,1858,0.04525507405375754,165,3646,0.05076452599388379,332,6540,False,False
Epuyen/18-19 Patient 17,p126,ANDV Epuyen/18-19 Patient 17,p126,II,I,Argentinean sequences,Chilean sequences,False,False,False,0.03336921420882669,62,1858,0.04690071311025781,171,3646,0.05015290519877676,328,6540,False,False
Epuyen/18-19 Patient 17,136D,ANDV Epuyen/18-19 Patient 17,136D,II,I,Argentinean sequences,Chilean sequences,False,False,False,0.04065934065934066,74,1820,0.04857384919514261,172,3541,0.04892307692307692,318,6500,False,False
Epuyen/18-19 Patient 17,p1052,ANDV Epuyen/18-19 Patient 17,p1052,II,I,Argentinean sequences,Chilean sequences,False,False,False,0.038172043010752686,71,1860,0.04331140350877193,158,3648,0.0481651376146789,315,6540,False,False
Epuyen/18-19 Patient 17,131D,ANDV Epuyen/18-19 Patient 17,131D,II,I,Argentinean sequences,Chilean sequences,False,False,False,0.04054054054054054,75,1850,0.043952967525195966,157,3572,0.04920805781946794,320,6503,False,False
Epuyen/18-19 Patient 17,p127,ANDV Epuyen/18-19 Patient 17,p127,II,I,Argentinean sequences,Chilean sequences,False,False,False,0.039289558665231435,73,1858,0.044980800877674164,164,3646,0.04876184653011312,319,6542,False,False
Epuyen/18-19 Patient 17,p1427,ANDV Epuyen/18-19 Patient 17,p1427,II,I,Argentinean sequences,Chilean sequences,False,False,False,0.037176724137931036,69,1856,0.04196379594075699,153,3646,0.04615619746293749,302,6543,False,False
Epuyen/18-19 Patient 17,p1430,ANDV Epuyen/18-19 Patient 17,p1430,II,I,Argentinean sequences,Chilean sequences,False,False,False,0.037096774193548385,69,1860,0.04135853190906601,151,3651,0.04676753782668501,306,6543,False,False
Epuyen/18-19 Patient 17,ANDV-CH-LS-2016,ANDV Epuyen/18-19 Patient 17,ANDV-CH-LS-2016,II,I,Argentinean sequences,Chilean sequences,False,False,False,0.0384829894032348,69,1793,0.042429284525790346,153,3606,0.04760297096556381,282,5924,False,False
Epuyen/18-19 Patient 17,ANDV-CH-LS-2022,ANDV Epuyen/18-19 Patient 17,ANDV-CH-LS-2022,II,I,Argentinean sequences,Chilean sequences,False,False,False,0.03806818181818182,67,1760,0.04265264387963774,146,3423,0.047092743873137916,294,6243,False,False
Epuyen/18-19 Patient 17,ARG p19,ANDV Epuyen/18-19 Patient 17,ANDV ARG p19,II,III,Argentinean sequences,Argentinean sequences,False,False,False,0.04083825900053734,76,1861,0.03890410958904109,142,3650,0.04555984555984556,295,6475,False,False
Epuyen/18-19 Patient 17,ARG p3,ANDV Epuyen/18-19 Patient 17,ANDV ARG p3,II,III,Argentinean sequences,Argentinean sequences,False,False,False,0.04040948275862069,75,1856,0.03863013698630137,141,3650,0.04493351673544246,294,6543,False,False
Epuyen/18-19 Patient 17,ARG-M.a.,ANDV Epuyen/18-19 Patient 17,ANDV ARG-M.a.,II,III,Argentinean sequences,Argentinean sequences,False,False,False,0.04083825900053734,76,1861,0.03870436453472413,141,3643,0.045651501083255955,295,6462,False,False
Epuyen/18-19 Patient 17,ARG p9,ANDV Epuyen/18-19 Patient 17,ANDV ARG p9,II,III,Argentinean sequences,Argentinean sequences,False,False,False,0.04083825900053734,76,1861,0.03863013698630137,141,3650,0.04540540540540541,294,6475,False,False
Epuyen/18-19 Patient 17,p1316,ANDV Epuyen/18-19 Patient 17,p1316,II,III,Argentinean sequences,Chilean sequences,False,False,False,0.038730500268961805,72,1859,0.04057017543859649,148,3648,0.04465514604679614,292,6539,False,False
Epuyen/18-19 Patient 17,CHI-Hu13724 P2,ANDV Epuyen/18-19 Patient 17,ANDV CHI-Hu13724 P2,II,III,Argentinean sequences,Chilean sequences,False,False,False,0.04034427111350188,75,1859,0.042214912280701754,154,3648,0.046788990825688076,306,6540,False,False
Epuyen/18-19 Patient 17,p136,ANDV Epuyen/18-19 Patient 17,p136,II,III,Argentinean sequences,Chilean sequences,False,False,False,0.03980634749865519,74,1859,0.042238069116840374,154,3646,0.046774686640171204,306,6542,False,False
Epuyen/18-19 Patient 17,p137,ANDV Epuyen/18-19 Patient 17,p137,II,III,Argentinean sequences,Chilean sequences,False,False,False,0.03984921917070544,74,1857,0.04224965706447188,154,3645,0.04679614619972473,306,6539,False,False
Epuyen/18-19 Patient 17,CHI-Hu13724 P1,ANDV Epuyen/18-19 Patient 17,ANDV CHI-Hu13724 P1,II,III,Argentinean sequences,Chilean sequences,False,False,False,0.039763567974207416,74,1861,0.042238069116840374,154,3646,0.04676753782668501,306,6543,False,False
Epuyen/18-19 Patient 17,p1059,ANDV Epuyen/18-19 Patient 17,p1059,II,III,Argentinean sequences,Chilean sequences,False,True,False,0.03978494623655914,74,1860,0.04415798134942402,161,3646,0.0463302752293578,303,6540,False,False
Epuyen/18-19 Patient 17,NRC-4/18,ANDV Epuyen/18-19 Patient 17,ANDV NRC-4/18,II,III,Argentinean sequences,Argentinean sequences,False,True,False,0.040365984930032295,75,1858,0.04291962821213778,157,3658,0.044947255771288795,294,6541,False,False
Epuyen/18-19 Patient 17,NRC-3/18,ANDV Epuyen/18-19 Patient 17,ANDV NRC-3/18,II,III,Argentinean sequences,Argentinean sequences,False,True,False,0.040453074433656956,75,1854,0.0426812585499316,156,3655,0.044954128440366975,294,6540,False,False
Epuyen/18-19 Patient 17,132D,ANDV Epuyen/18-19 Patient 17,132D,II,III,Argentinean sequences,Chilean sequences,False,True,False,0.03891891891891892,72,1850,0.04678040726472207,170,3634,0.04730557256582976,309,6532,False,False
Epuyen/18-19 Patient 17,p1239,ANDV Epuyen/18-19 Patient 17,p1239,II,III,Argentinean sequences,Chilean sequences,False,True,False,0.038172043010752686,71,1860,0.043120021971985716,157,3641,0.04665035178953809,305,6538,False,False
Epuyen/18-19 Patient 17,p1242,ANDV Epuyen/18-19 Patient 17,p1242,II,III,Argentinean sequences,Chilean sequences,False,True,False,0.04139784946236559,77,1860,0.044194345319791384,161,3643,0.04649028903502064,304,6539,False,False
Epuyen/18-19 Patient 17,p931,ANDV Epuyen/18-19 Patient 17,p931,II,III,Argentinean sequences,Chilean sequences,False,True,False,0.04086021505376344,76,1860,0.044194345319791384,161,3643,0.04542673600489446,297,6538,False,False
Epuyen/18-19 Patient 17,p1236,ANDV Epuyen/18-19 Patient 17,p1236,II,III,Argentinean sequences,Chilean sequences,False,True,False,0.03924731182795699,73,1860,0.04252400548696845,155,3645,0.05105058365758755,328,6425,True,False
Epuyen/18-19 Patient 17,cruise,ANDV Epuyen/18-19 Patient 17,France-Case 9,II,III,Argentinean sequences,Cruise ship outbreak sequences,False,True,False,0.03941684665226782,73,1852,0.04438356164383562,162,3650,0.04555181901559156,298,6542,False,True
Epuyen/18-19 Patient 17,cruise,ANDV Epuyen/18-19 Patient 17,Spain-Case 10,II,III,Argentinean sequences,Cruise ship outbreak sequences,False,True,False,0.03952355170546833,73,1847,0.044444444444444446,162,3645,0.04558666054765183,298,6537,False,True
Epuyen/18-19 Patient 17,cruise,ANDV Epuyen/18-19 Patient 17,Spain-Case 12,II,III,Argentinean sequences,Cruise ship outbreak sequences,False,True,False,0.03952355170546833,73,1847,0.044444444444444446,162,3645,0.04558666054765183,298,6537,False,True
Epuyen/18-19 Patient 17,Switzerland-Case 7,ANDV Epuyen/18-19 Patient 17,Switzerland-Case 7,II,III,Argentinean sequences,Cruise ship outbreak sequences,False,True,False,0.03952355170546833,73,1847,0.044444444444444446,162,3645,0.04569769219012685,299,6543,False,True
Epuyen/18-19 Patient 17,cruise,ANDV Epuyen/18-19 Patient 17,Netherlands-Case 6,II,III,Argentinean sequences,Cruise ship outbreak sequences,False,True,False,0.04006586169045005,73,1822,0.04468965517241379,162,3625,0.04514452744397532,278,6158,False,True
Epuyen/18-19 Patient 17,cruise,ANDV Epuyen/18-19 Patient 17,Netherlands-Case 5,II,III,Argentinean sequences,Cruise ship outbreak sequences,False,True,False,0.04053303720155469,73,1801,0.045212019095759615,161,3561,0.045763760049474335,296,6468,False,True
Epuyen/18-19 Patient 17,cruise,ANDV Epuyen/18-19 Patient 17,Johannesburg-Case 2,II,III,Argentinean sequences,Cruise ship outbreak sequences,False,True,False,0.041500852757248435,73,1759,0.0448256779192031,162,3614,0.046108618288720406,298,6463,False,True
Epuyen/18-19 Patient 17,cruise,ANDV Epuyen/18-19 Patient 17,Johannesburg-Case 3,II,III,Argentinean sequences,Cruise ship outbreak sequences,False,True,False,0.04152445961319681,73,1758,0.04483430799220273,161,3591,0.04569150567310641,298,6522,False,True
Epuyen/18-19 Patient 17,cruise,ANDV Epuyen/18-19 Patient 17,Canada-Case 11_NPswab,II,III,Argentinean sequences,Cruise ship outbreak sequences,False,True,False,0.039597737272155875,63,1591,0.04665825977301387,148,3172,0.04586404586404586,280,6105,False,True
Epuyen/18-19 Patient 17,cruise,ANDV Epuyen/18-19 Patient 17,Canada-Case 11_blood,II,III,Argentinean sequences,Cruise ship outbreak sequences,False,True,False,0.042045454545454546,74,1760,0.04512331838565022,161,3568,0.045964642582628744,299,6505,False,True
Epuyen/18-19 Patient 3,Epuyen/18-19 Patient 13,ANDV Epuyen/18-19 Patient 3,ANDV Epuyen/18-19 Patient 13,II,II,Argentinean sequences,Argentinean sequences,False,False,True,0.0,0,1851,0.0,0,3654,0.0,0,6539,False,False
Epuyen/18-19 Patient 3,Epuyen/18-19 Patient 1,ANDV Epuyen/18-19 Patient 3,ANDV Epuyen/18-19 Patient 1,II,II,Argentinean sequences,Argentinean sequences,False,False,True,0.0,0,1851,0.0,0,3653,0.0,0,6539,False,False
Epuyen/18-19 Patient 3,Epuyen/18-19 Patient 28,ANDV Epuyen/18-19 Patient 3,ANDV Epuyen/18-19 Patient 28,II,II,Argentinean sequences,Argentinean sequences,False,False,True,0.0,0,1849,0.0,0,3647,0.0,0,6532,False,False
Epuyen/18-19 Patient 3,Epuyen/18-19 Patient 16,ANDV Epuyen/18-19 Patient 3,ANDV Epuyen/18-19 Patient 16,II,II,Argentinean sequences,Argentinean sequences,False,False,True,0.0,0,1851,0.0,0,3648,0.0,0,6539,False,False
Epuyen/18-19 Patient 3,Epuyen/18-19 Patient 29,ANDV Epuyen/18-19 Patient 3,ANDV Epuyen/18-19 Patient 29,II,II,Argentinean sequences,Argentinean sequences,False,False,True,0.0,0,1851,0.0,0,3654,0.0,0,6539,False,False
Epuyen/18-19 Patient 3,Epuyen/18-19 Patient 19,ANDV Epuyen/18-19 Patient 3,ANDV Epuyen/18-19 Patient 19,II,II,Argentinean sequences,Argentinean sequences,False,False,True,0.0,0,1851,0.0,0,3654,0.0,0,6539,False,False
Epuyen/18-19 Patient 3,Epuyen/18-19 Patient 9,ANDV Epuyen/18-19 Patient 3,ANDV Epuyen/18-19 Patient 9,II,II,Argentinean sequences,Argentinean sequences,False,False,True,0.0,0,1851,0.0,0,3654,0.0,0,6539,False,False
Epuyen/18-19 Patient 3,Epuyen/18-19 Patient 20,ANDV Epuyen/18-19 Patient 3,ANDV Epuyen/18-19 Patient 20,II,II,Argentinean sequences,Argentinean sequences,False,False,True,0.0,0,1851,0.0,0,3654,0.0,0,6538,False,False
Epuyen/18-19 Patient 3,Epuyen/18-19 Patient 8,ANDV Epuyen/18-19 Patient 3,ANDV Epuyen/18-19 Patient 8,II,II,Argentinean sequences,Argentinean sequences,False,False,True,0.0,0,1851,0.0,0,3653,0.0,0,6539,False,False
Epuyen/18-19 Patient 3,Epuyen/18-19 Patient 14,ANDV Epuyen/18-19 Patient 3,ANDV Epuyen/18-19 Patient 14,II,II,Argentinean sequences,Argentinean sequences,False,False,True,0.0,0,1851,0.0,0,3654,0.0,0,6539,False,False
Epuyen/18-19 Patient 3,Epuyen/18-19 Patient 11,ANDV Epuyen/18-19 Patient 3,ANDV Epuyen/18-19 Patient 11,II,II,Argentinean sequences,Argentinean sequences,False,False,True,0.0,0,1844,0.0,0,3645,0.0,0,6522,False,False
Epuyen/18-19 Patient 3,Epuyen/18-19 Patient 27,ANDV Epuyen/18-19 Patient 3,ANDV Epuyen/18-19 Patient 27,II,II,Argentinean sequences,Argentinean sequences,False,False,True,0.0,0,1848,0.0,0,3647,0.0,0,6533,False,False
Epuyen/18-19 Patient 3,Epuyen/18-19 Patient 5,ANDV Epuyen/18-19 Patient 3,ANDV Epuyen/18-19 Patient 5,II,II,Argentinean sequences,Argentinean sequences,False,False,True,0.0,0,1849,0.0,0,3648,0.0,0,6539,False,False
Epuyen/18-19 Patient 3,Epuyen,ANDV Epuyen/18-19 Patient 3,ANDV Epuyen,II,II,Argentinean sequences,Argentinean sequences,False,False,True,0.0005449591280653951,1,1835,0.0005483959418700301,2,3647,0.0001544878727019929,1,6473,False,False
Epuyen/18-19 Patient 3,p334,ANDV Epuyen/18-19 Patient 3,p334,II,I,Argentinean sequences,Chilean sequences,False,False,False,0.04810810810810811,89,1850,0.06888035126234907,251,3644,0.0654534332466738,428,6539,False,False
Epuyen/18-19 Patient 3,p1060,ANDV Epuyen/18-19 Patient 3,p1060,II,I,Argentinean sequences,Chilean sequences,False,False,False,0.04274891774891775,79,1848,0.06611796982167352,241,3645,0.07113354749885269,465,6537,False,False
Epuyen/18-19 Patient 3,p1056,ANDV Epuyen/18-19 Patient 3,p1056,II,I,Argentinean sequences,Chilean sequences,False,False,False,0.043243243243243246,80,1850,0.0458161865569273,167,3645,0.04726938962826985,309,6537,False,False
Epuyen/18-19 Patient 3,NRC-2/97,ANDV Epuyen/18-19 Patient 3,ANDV NRC-2/97,II,I,Argentinean sequences,Argentinean sequences,False,False,False,0.04164413196322336,77,1849,0.04470652770159078,163,3646,0.04649730561970747,302,6495,False,False
Epuyen/18-19 Patient 3,p115D,ANDV Epuyen/18-19 Patient 3,p115D,II,I,Argentinean sequences,Chilean sequences,False,False,False,0.03731746890210925,69,1849,0.04395604395604396,160,3640,0.08502829178773513,556,6539,False,False
Epuyen/18-19 Patient 3,p915,ANDV Epuyen/18-19 Patient 3,p915,II,I,Argentinean sequences,Chilean sequences,False,False,False,0.0384407146724418,71,1847,0.045354590434304565,165,3638,0.08492731446059679,555,6535,False,False
Epuyen/18-19 Patient 3,p201,ANDV Epuyen/18-19 Patient 3,p201,II,I,Argentinean sequences,Chilean sequences,False,False,False,0.03785830178474851,70,1849,0.044481054365733116,162,3642,0.0846212700841622,553,6535,False,False
Epuyen/18-19 Patient 3,p1064,ANDV Epuyen/18-19 Patient 3,p1064,II,I,Argentinean sequences,Chilean sequences,False,False,False,0.03945945945945946,73,1850,0.04782847718526663,174,3638,0.04420988220896436,289,6537,False,False
Epuyen/18-19 Patient 3,CHI-7913,ANDV Epuyen/18-19 Patient 3,ANDV CHI-7913,II,I,Argentinean sequences,Chilean sequences,False,False,False,0.03995560488346282,72,1802,0.042400881057268726,154,3632,0.04299412310547479,278,6466,False,False
Epuyen/18-19 Patient 3,p1062,ANDV Epuyen/18-19 Patient 3,p1062,II,I,Argentinean sequences,Chilean sequences,False,False,False,0.03891891891891892,72,1850,0.03786008230452675,138,3645,0.047254931946780855,309,6539,False,False
Epuyen/18-19 Patient 3,p1058,ANDV Epuyen/18-19 Patient 3,p1058,II,I,Argentinean sequences,Chilean sequences,False,False,False,0.03785830178474851,70,1849,0.0458161865569273,167,3645,0.046504512773443474,304,6537,False,False
Epuyen/18-19 Patient 3,NRC-5/18,ANDV Epuyen/18-19 Patient 3,ANDV NRC-5/18,II,I,Argentinean sequences,Argentinean sequences,False,False,False,0.03727714748784441,69,1851,0.047123287671232875,172,3650,0.04764823042745519,311,6527,False,False
Epuyen/18-19 Patient 3,p1241,ANDV Epuyen/18-19 Patient 3,p1241,II,I,Argentinean sequences,Chilean sequences,False,False,False,0.03783783783783784,70,1850,0.0458036204059243,167,3646,0.04879167941266442,319,6538,False,False
Epuyen/18-19 Patient 3,p1313,ANDV Epuyen/18-19 Patient 3,p1313,II,I,Argentinean sequences,Chilean sequences,False,False,False,0.03351351351351351,62,1850,0.04529234147680483,165,3643,0.05078782316047117,332,6537,False,False
Epuyen/18-19 Patient 3,p126,ANDV Epuyen/18-19 Patient 3,p126,II,I,Argentinean sequences,Chilean sequences,False,False,False,0.03351351351351351,62,1850,0.04693933571232501,171,3643,0.050175921676610065,328,6537,False,False
Epuyen/18-19 Patient 3,136D,ANDV Epuyen/18-19 Patient 3,136D,II,I,Argentinean sequences,Chilean sequences,False,False,False,0.04065934065934066,74,1820,0.04857384919514261,172,3541,0.04892307692307692,318,6500,False,False
Epuyen/18-19 Patient 3,p1052,ANDV Epuyen/18-19 Patient 3,p1052,II,I,Argentinean sequences,Chilean sequences,False,False,False,0.038378378378378375,71,1850,0.04334705075445816,158,3645,0.048187241854061494,315,6537,False,False
Epuyen/18-19 Patient 3,131D,ANDV Epuyen/18-19 Patient 3,131D,II,I,Argentinean sequences,Chilean sequences,False,False,False,0.040584415584415584,75,1848,0.043952967525195966,157,3572,0.04920805781946794,320,6503,False,False
Epuyen/18-19 Patient 3,p127,ANDV Epuyen/18-19 Patient 3,p127,II,I,Argentinean sequences,Chilean sequences,False,False,False,0.03945945945945946,73,1850,0.04501784243755147,164,3643,0.04878421777030127,319,6539,False,False
Epuyen/18-19 Patient 3,p1427,ANDV Epuyen/18-19 Patient 3,p1427,II,I,Argentinean sequences,Chilean sequences,False,False,False,0.03731746890210925,69,1849,0.04199835300576448,153,3643,0.04618443187031656,302,6539,False,False
Epuyen/18-19 Patient 3,p1430,ANDV Epuyen/18-19 Patient 3,p1430,II,I,Argentinean sequences,Chilean sequences,False,False,False,0.0372972972972973,69,1850,0.04141524958859023,151,3646,0.04679614619972473,306,6539,False,False
Epuyen/18-19 Patient 3,ANDV-CH-LS-2016,ANDV Epuyen/18-19 Patient 3,ANDV-CH-LS-2016,II,I,Argentinean sequences,Chilean sequences,False,False,False,0.0384829894032348,69,1793,0.042429284525790346,153,3606,0.04760297096556381,282,5924,False,False
Epuyen/18-19 Patient 3,ANDV-CH-LS-2022,ANDV Epuyen/18-19 Patient 3,ANDV-CH-LS-2022,II,I,Argentinean sequences,Chilean sequences,False,False,False,0.03806818181818182,67,1760,0.04265264387963774,146,3423,0.047092743873137916,294,6243,False,False
Epuyen/18-19 Patient 3,ARG p19,ANDV Epuyen/18-19 Patient 3,ANDV ARG p19,II,III,Argentinean sequences,Argentinean sequences,False,False,False,0.041058887088060506,76,1851,0.038946791003839826,142,3646,0.04555984555984556,295,6475,False,False
Epuyen/18-19 Patient 3,ARG p3,ANDV Epuyen/18-19 Patient 3,ANDV ARG p3,II,III,Argentinean sequences,Argentinean sequences,False,False,False,0.04051863857374392,75,1851,0.03867251782775644,141,3646,0.044961003211500226,294,6539,False,False
Epuyen/18-19 Patient 3,ARG-M.a.,ANDV Epuyen/18-19 Patient 3,ANDV ARG-M.a.,II,III,Argentinean sequences,Argentinean sequences,False,False,False,0.041058887088060506,76,1851,0.03873626373626374,141,3640,0.045651501083255955,295,6462,False,False
Epuyen/18-19 Patient 3,ARG p9,ANDV Epuyen/18-19 Patient 3,ANDV ARG p9,II,III,Argentinean sequences,Argentinean sequences,False,False,False,0.041058887088060506,76,1851,0.03867251782775644,141,3646,0.04540540540540541,294,6475,False,False
Epuyen/18-19 Patient 3,p1316,ANDV Epuyen/18-19 Patient 3,p1316,II,III,Argentinean sequences,Chilean sequences,False,False,False,0.03889789303079417,72,1851,0.04060356652949246,148,3645,0.04467564259485924,292,6536,False,False
Epuyen/18-19 Patient 3,CHI-Hu13724 P2,ANDV Epuyen/18-19 Patient 3,ANDV CHI-Hu13724 P2,II,III,Argentinean sequences,Chilean sequences,False,False,False,0.04051863857374392,75,1851,0.04224965706447188,154,3645,0.046810463515374025,306,6537,False,False
Epuyen/18-19 Patient 3,p136,ANDV Epuyen/18-19 Patient 3,p136,II,III,Argentinean sequences,Chilean sequences,False,False,False,0.039978390059427334,74,1851,0.04227285204501784,154,3643,0.04679614619972473,306,6539,False,False
Epuyen/18-19 Patient 3,p137,ANDV Epuyen/18-19 Patient 3,p137,II,III,Argentinean sequences,Chilean sequences,False,False,False,0.039978390059427334,74,1851,0.04228445908841296,154,3642,0.04681762545899633,306,6536,False,False
Epuyen/18-19 Patient 3,CHI-Hu13724 P1,ANDV Epuyen/18-19 Patient 3,ANDV CHI-Hu13724 P1,II,III,Argentinean sequences,Chilean sequences,False,False,False,0.039978390059427334,74,1851,0.04227285204501784,154,3643,0.04679614619972473,306,6539,False,False
Epuyen/18-19 Patient 3,p1059,ANDV Epuyen/18-19 Patient 3,p1059,II,III,Argentinean sequences,Chilean sequences,False,True,False,0.04,74,1850,0.044194345319791384,161,3643,0.0463515374024782,303,6537,False,False
Epuyen/18-19 Patient 3,NRC-4/18,ANDV Epuyen/18-19 Patient 3,ANDV NRC-4/18,II,III,Argentinean sequences,Argentinean sequences,False,True,False,0.04054054054054054,75,1850,0.042966611932129174,157,3654,0.044967880085653104,294,6538,False,False
Epuyen/18-19 Patient 3,NRC-3/18,ANDV Epuyen/18-19 Patient 3,ANDV NRC-3/18,II,III,Argentinean sequences,Argentinean sequences,False,True,False,0.04054054054054054,75,1850,0.042692939244663386,156,3654,0.044961003211500226,294,6539,False,False
Epuyen/18-19 Patient 3,132D,ANDV Epuyen/18-19 Patient 3,132D,II,III,Argentinean sequences,Chilean sequences,False,True,False,0.03898213318895506,72,1847,0.04679328378750344,170,3633,0.047327308929391944,309,6529,False,False
Epuyen/18-19 Patient 3,p1239,ANDV Epuyen/18-19 Patient 3,p1239,II,III,Argentinean sequences,Chilean sequences,False,True,False,0.038378378378378375,71,1850,0.04315557998900495,157,3638,0.046671767406273906,305,6535,False,False
Epuyen/18-19 Patient 3,p1242,ANDV Epuyen/18-19 Patient 3,p1242,II,III,Argentinean sequences,Chilean sequences,False,True,False,0.04162162162162162,77,1850,0.04423076923076923,161,3640,0.046511627906976744,304,6536,False,False
Epuyen/18-19 Patient 3,p931,ANDV Epuyen/18-19 Patient 3,p931,II,III,Argentinean sequences,Chilean sequences,False,True,False,0.04108108108108108,76,1850,0.04423076923076923,161,3640,0.04544758990053558,297,6535,False,False
Epuyen/18-19 Patient 3,p1236,ANDV Epuyen/18-19 Patient 3,p1236,II,III,Argentinean sequences,Chilean sequences,False,True,False,0.03945945945945946,73,1850,0.04255903349807798,155,3642,0.05105058365758755,328,6425,True,False
Epuyen/18-19 Patient 3,cruise,ANDV Epuyen/18-19 Patient 3,France-Case 9,II,III,Argentinean sequences,Cruise ship outbreak sequences,False,True,False,0.039587852494577004,73,1844,0.044432254525507406,162,3646,0.04557271754090839,298,6539,False,True
Epuyen/18-19 Patient 3,cruise,ANDV Epuyen/18-19 Patient 3,Spain-Case 10,II,III,Argentinean sequences,Cruise ship outbreak sequences,False,True,False,0.039630836047774155,73,1842,0.044481054365733116,162,3642,0.045607591062136514,298,6534,False,True
Epuyen/18-19 Patient 3,cruise,ANDV Epuyen/18-19 Patient 3,Spain-Case 12,II,III,Argentinean sequences,Cruise ship outbreak sequences,False,True,False,0.039630836047774155,73,1842,0.044481054365733116,162,3642,0.045607591062136514,298,6534,False,True
Epuyen/18-19 Patient 3,Switzerland-Case 7,ANDV Epuyen/18-19 Patient 3,Switzerland-Case 7,II,III,Argentinean sequences,Cruise ship outbreak sequences,False,True,False,0.039630836047774155,73,1842,0.044481054365733116,162,3642,0.04572564612326044,299,6539,False,True
Epuyen/18-19 Patient 3,cruise,ANDV Epuyen/18-19 Patient 3,Netherlands-Case 6,II,III,Argentinean sequences,Cruise ship outbreak sequences,False,True,False,0.04006586169045005,73,1822,0.04468965517241379,162,3625,0.04515185967191814,278,6157,False,True
Epuyen/18-19 Patient 3,cruise,ANDV Epuyen/18-19 Patient 3,Netherlands-Case 5,II,III,Argentinean sequences,Cruise ship outbreak sequences,False,True,False,0.04053303720155469,73,1801,0.045212019095759615,161,3561,0.045784996133023975,296,6465,False,True
Epuyen/18-19 Patient 3,cruise,ANDV Epuyen/18-19 Patient 3,Johannesburg-Case 2,II,III,Argentinean sequences,Cruise ship outbreak sequences,False,True,False,0.041500852757248435,73,1759,0.0448256779192031,162,3614,0.046108618288720406,298,6463,False,True
Epuyen/18-19 Patient 3,cruise,ANDV Epuyen/18-19 Patient 3,Johannesburg-Case 3,II,III,Argentinean sequences,Cruise ship outbreak sequences,False,True,False,0.04152445961319681,73,1758,0.04483430799220273,161,3591,0.04569150567310641,298,6522,False,True
Epuyen/18-19 Patient 3,cruise,ANDV Epuyen/18-19 Patient 3,Canada-Case 11_NPswab,II,III,Argentinean sequences,Cruise ship outbreak sequences,False,True,False,0.039597737272155875,63,1591,0.04665825977301387,148,3172,0.04586404586404586,280,6105,False,True
Epuyen/18-19 Patient 3,cruise,ANDV Epuyen/18-19 Patient 3,Canada-Case 11_blood,II,III,Argentinean sequences,Cruise ship outbreak sequences,False,True,False,0.042045454545454546,74,1760,0.04512331838565022,161,3568,0.045964642582628744,299,6505,False,True
Epuyen/18-19 Patient 13,Epuyen/18-19 Patient 1,ANDV Epuyen/18-19 Patient 13,ANDV Epuyen/18-19 Patient 1,II,II,Argentinean sequences,Argentinean sequences,False,False,True,0.0,0,1851,0.0,0,3654,0.0,0,6541,False,False
Epuyen/18-19 Patient 13,Epuyen/18-19 Patient 28,ANDV Epuyen/18-19 Patient 13,ANDV Epuyen/18-19 Patient 28,II,II,Argentinean sequences,Argentinean sequences,False,False,True,0.0,0,1849,0.0,0,3647,0.0,0,6532,False,False
Epuyen/18-19 Patient 13,Epuyen/18-19 Patient 16,ANDV Epuyen/18-19 Patient 13,ANDV Epuyen/18-19 Patient 16,II,II,Argentinean sequences,Argentinean sequences,False,False,True,0.0,0,1851,0.0,0,3649,0.0,0,6541,False,False
Epuyen/18-19 Patient 13,Epuyen/18-19 Patient 29,ANDV Epuyen/18-19 Patient 13,ANDV Epuyen/18-19 Patient 29,II,II,Argentinean sequences,Argentinean sequences,False,False,True,0.0,0,1851,0.0,0,3655,0.0,0,6541,False,False
Epuyen/18-19 Patient 13,Epuyen/18-19 Patient 19,ANDV Epuyen/18-19 Patient 13,ANDV Epuyen/18-19 Patient 19,II,II,Argentinean sequences,Argentinean sequences,False,False,True,0.0,0,1851,0.0,0,3656,0.0,0,6541,False,False
Epuyen/18-19 Patient 13,Epuyen/18-19 Patient 9,ANDV Epuyen/18-19 Patient 13,ANDV Epuyen/18-19 Patient 9,II,II,Argentinean sequences,Argentinean sequences,False,False,True,0.0,0,1851,0.00027344818156959256,1,3657,0.0,0,6541,False,False
Epuyen/18-19 Patient 13,Epuyen/18-19 Patient 20,ANDV Epuyen/18-19 Patient 13,ANDV Epuyen/18-19 Patient 20,II,II,Argentinean sequences,Argentinean sequences,False,False,True,0.0,0,1851,0.0,0,3655,0.0,0,6538,False,False
Epuyen/18-19 Patient 13,Epuyen/18-19 Patient 8,ANDV Epuyen/18-19 Patient 13,ANDV Epuyen/18-19 Patient 8,II,II,Argentinean sequences,Argentinean sequences,False,False,True,0.0,0,1851,0.0,0,3654,0.0,0,6541,False,False
Epuyen/18-19 Patient 13,Epuyen/18-19 Patient 14,ANDV Epuyen/18-19 Patient 13,ANDV Epuyen/18-19 Patient 14,II,II,Argentinean sequences,Argentinean sequences,False,False,True,0.0,0,1851,0.0,0,3656,0.0,0,6541,False,False
Epuyen/18-19 Patient 13,Epuyen/18-19 Patient 11,ANDV Epuyen/18-19 Patient 13,ANDV Epuyen/18-19 Patient 11,II,II,Argentinean sequences,Argentinean sequences,False,False,True,0.0,0,1844,0.0,0,3645,0.0,0,6522,False,False
Epuyen/18-19 Patient 13,Epuyen/18-19 Patient 27,ANDV Epuyen/18-19 Patient 13,ANDV Epuyen/18-19 Patient 27,II,II,Argentinean sequences,Argentinean sequences,False,False,True,0.0,0,1848,0.0,0,3647,0.0,0,6533,False,False
Epuyen/18-19 Patient 13,Epuyen/18-19 Patient 5,ANDV Epuyen/18-19 Patient 13,ANDV Epuyen/18-19 Patient 5,II,II,Argentinean sequences,Argentinean sequences,False,False,True,0.0,0,1849,0.0,0,3649,0.0,0,6539,False,False
Epuyen/18-19 Patient 13,Epuyen,ANDV Epuyen/18-19 Patient 13,ANDV Epuyen,II,II,Argentinean sequences,Argentinean sequences,False,False,True,0.0005449591280653951,1,1835,0.0005483959418700301,2,3647,0.0001544878727019929,1,6473,False,False
Epuyen/18-19 Patient 13,p334,ANDV Epuyen/18-19 Patient 13,p334,II,I,Argentinean sequences,Chilean sequences,False,False,False,0.04810810810810811,89,1850,0.06886145404663924,251,3645,0.065433419966366,428,6541,False,False
Epuyen/18-19 Patient 13,p1060,ANDV Epuyen/18-19 Patient 13,p1060,II,I,Argentinean sequences,Chilean sequences,False,False,False,0.04274891774891775,79,1848,0.06609983543609435,241,3646,0.07111179079369934,465,6539,False,False
Epuyen/18-19 Patient 13,p1056,ANDV Epuyen/18-19 Patient 13,p1056,II,I,Argentinean sequences,Chilean sequences,False,False,False,0.043243243243243246,80,1850,0.0458036204059243,167,3646,0.047254931946780855,309,6539,False,False
Epuyen/18-19 Patient 13,NRC-2/97,ANDV Epuyen/18-19 Patient 13,ANDV NRC-2/97,II,I,Argentinean sequences,Argentinean sequences,False,False,False,0.04164413196322336,77,1849,0.04470652770159078,163,3646,0.04649014778325123,302,6496,False,False
Epuyen/18-19 Patient 13,p115D,ANDV Epuyen/18-19 Patient 13,p115D,II,I,Argentinean sequences,Chilean sequences,False,False,False,0.03731746890210925,69,1849,0.043943971436418566,160,3641,0.08500229322733527,556,6541,False,False
Epuyen/18-19 Patient 13,p915,ANDV Epuyen/18-19 Patient 13,p915,II,I,Argentinean sequences,Chilean sequences,False,False,False,0.0384407146724418,71,1847,0.04534212695795548,165,3639,0.08490133088572739,555,6537,False,False
Epuyen/18-19 Patient 13,p201,ANDV Epuyen/18-19 Patient 13,p201,II,I,Argentinean sequences,Chilean sequences,False,False,False,0.03785830178474851,70,1849,0.044468844359044746,162,3643,0.08459538014379685,553,6537,False,False
Epuyen/18-19 Patient 13,p1064,ANDV Epuyen/18-19 Patient 13,p1064,II,I,Argentinean sequences,Chilean sequences,False,False,False,0.03945945945945946,73,1850,0.04781533388293487,174,3639,0.04419636029974002,289,6539,False,False
Epuyen/18-19 Patient 13,CHI-7913,ANDV Epuyen/18-19 Patient 13,ANDV CHI-7913,II,I,Argentinean sequences,Chilean sequences,False,False,False,0.03995560488346282,72,1802,0.04238921001926782,154,3633,0.04299412310547479,278,6466,False,False
Epuyen/18-19 Patient 13,p1062,ANDV Epuyen/18-19 Patient 13,p1062,II,I,Argentinean sequences,Chilean sequences,False,False,False,0.03891891891891892,72,1850,0.03784969829950631,138,3646,0.04724048310655863,309,6541,False,False
Epuyen/18-19 Patient 13,p1058,ANDV Epuyen/18-19 Patient 13,p1058,II,I,Argentinean sequences,Chilean sequences,False,False,False,0.03785830178474851,70,1849,0.0458036204059243,167,3646,0.04649028903502064,304,6539,False,False
Epuyen/18-19 Patient 13,NRC-5/18,ANDV Epuyen/18-19 Patient 13,ANDV NRC-5/18,II,I,Argentinean sequences,Argentinean sequences,False,False,False,0.03727714748784441,69,1851,0.047123287671232875,172,3650,0.04764823042745519,311,6527,False,False
Epuyen/18-19 Patient 13,p1241,ANDV Epuyen/18-19 Patient 13,p1241,II,I,Argentinean sequences,Chilean sequences,False,False,False,0.03783783783783784,70,1850,0.0457659632776103,167,3649,0.04877675840978593,319,6540,False,False
Epuyen/18-19 Patient 13,p1313,ANDV Epuyen/18-19 Patient 13,p1313,II,I,Argentinean sequences,Chilean sequences,False,False,False,0.03351351351351351,62,1850,0.045279912184412734,165,3644,0.05077228934087781,332,6539,False,False
Epuyen/18-19 Patient 13,p126,ANDV Epuyen/18-19 Patient 13,p126,II,I,Argentinean sequences,Chilean sequences,False,False,False,0.03351351351351351,62,1850,0.0469264544456641,171,3644,0.050160575011469644,328,6539,False,False
Epuyen/18-19 Patient 13,136D,ANDV Epuyen/18-19 Patient 13,136D,II,I,Argentinean sequences,Chilean sequences,False,False,False,0.04065934065934066,74,1820,0.04857384919514261,172,3541,0.04892307692307692,318,6500,False,False
Epuyen/18-19 Patient 13,p1052,ANDV Epuyen/18-19 Patient 13,p1052,II,I,Argentinean sequences,Chilean sequences,False,False,False,0.038378378378378375,71,1850,0.04333516182117389,158,3646,0.048172503440893105,315,6539,False,False
Epuyen/18-19 Patient 13,131D,ANDV Epuyen/18-19 Patient 13,131D,II,I,Argentinean sequences,Chilean sequences,False,False,False,0.040584415584415584,75,1848,0.043952967525195966,157,3572,0.04920805781946794,320,6503,False,False
Epuyen/18-19 Patient 13,p127,ANDV Epuyen/18-19 Patient 13,p127,II,I,Argentinean sequences,Chilean sequences,False,False,False,0.03945945945945946,73,1850,0.04500548847420417,164,3644,0.04876930133007185,319,6541,False,False
Epuyen/18-19 Patient 13,p1427,ANDV Epuyen/18-19 Patient 13,p1427,II,I,Argentinean sequences,Chilean sequences,False,False,False,0.03731746890210925,69,1849,0.04198682766190999,153,3644,0.04617031035009937,302,6541,False,False
Epuyen/18-19 Patient 13,p1430,ANDV Epuyen/18-19 Patient 13,p1430,II,I,Argentinean sequences,Chilean sequences,False,False,False,0.0372972972972973,69,1850,0.04138120032885722,151,3649,0.046781837639504664,306,6541,False,False
Epuyen/18-19 Patient 13,ANDV-CH-LS-2016,ANDV Epuyen/18-19 Patient 13,ANDV-CH-LS-2016,II,I,Argentinean sequences,Chilean sequences,False,False,False,0.0384829894032348,69,1793,0.042429284525790346,153,3606,0.04760297096556381,282,5924,False,False
Epuyen/18-19 Patient 13,ANDV-CH-LS-2022,ANDV Epuyen/18-19 Patient 13,ANDV-CH-LS-2022,II,I,Argentinean sequences,Chilean sequences,False,False,False,0.03806818181818182,67,1760,0.04265264387963774,146,3423,0.047092743873137916,294,6243,False,False
Epuyen/18-19 Patient 13,ARG p19,ANDV Epuyen/18-19 Patient 13,ANDV ARG p19,II,III,Argentinean sequences,Argentinean sequences,False,False,False,0.041058887088060506,76,1851,0.03892543859649123,142,3648,0.04555984555984556,295,6475,False,False
Epuyen/18-19 Patient 13,ARG p3,ANDV Epuyen/18-19 Patient 13,ANDV ARG p3,II,III,Argentinean sequences,Argentinean sequences,False,False,False,0.04051863857374392,75,1851,0.038651315789473686,141,3648,0.044947255771288795,294,6541,False,False
Epuyen/18-19 Patient 13,ARG-M.a.,ANDV Epuyen/18-19 Patient 13,ANDV ARG-M.a.,II,III,Argentinean sequences,Argentinean sequences,False,False,False,0.041058887088060506,76,1851,0.03872562482834386,141,3641,0.045651501083255955,295,6462,False,False
Epuyen/18-19 Patient 13,ARG p9,ANDV Epuyen/18-19 Patient 13,ANDV ARG p9,II,III,Argentinean sequences,Argentinean sequences,False,False,False,0.041058887088060506,76,1851,0.038651315789473686,141,3648,0.04540540540540541,294,6475,False,False
Epuyen/18-19 Patient 13,p1316,ANDV Epuyen/18-19 Patient 13,p1316,II,III,Argentinean sequences,Chilean sequences,False,False,False,0.03889789303079417,72,1851,0.0405924300603401,148,3646,0.0446619761394922,292,6538,False,False
Epuyen/18-19 Patient 13,CHI-Hu13724 P2,ANDV Epuyen/18-19 Patient 13,ANDV CHI-Hu13724 P2,II,III,Argentinean sequences,Chilean sequences,False,False,False,0.04051863857374392,75,1851,0.042238069116840374,154,3646,0.04679614619972473,306,6539,False,False
Epuyen/18-19 Patient 13,p136,ANDV Epuyen/18-19 Patient 13,p136,II,III,Argentinean sequences,Chilean sequences,False,False,False,0.039978390059427334,74,1851,0.04226125137211855,154,3644,0.046781837639504664,306,6541,False,False
Epuyen/18-19 Patient 13,p137,ANDV Epuyen/18-19 Patient 13,p137,II,III,Argentinean sequences,Chilean sequences,False,False,False,0.039978390059427334,74,1851,0.04227285204501784,154,3643,0.046803303762618535,306,6538,False,False
Epuyen/18-19 Patient 13,CHI-Hu13724 P1,ANDV Epuyen/18-19 Patient 13,ANDV CHI-Hu13724 P1,II,III,Argentinean sequences,Chilean sequences,False,False,False,0.039978390059427334,74,1851,0.04226125137211855,154,3644,0.046781837639504664,306,6541,False,False
Epuyen/18-19 Patient 13,p1059,ANDV Epuyen/18-19 Patient 13,p1059,II,III,Argentinean sequences,Chilean sequences,False,True,False,0.04,74,1850,0.04418221734357849,161,3644,0.046337360452668605,303,6539,False,False
Epuyen/18-19 Patient 13,NRC-4/18,ANDV Epuyen/18-19 Patient 13,ANDV NRC-4/18,II,III,Argentinean sequences,Argentinean sequences,False,True,False,0.04054054054054054,75,1850,0.04293136450642603,157,3657,0.044954128440366975,294,6540,False,False
Epuyen/18-19 Patient 13,NRC-3/18,ANDV Epuyen/18-19 Patient 13,ANDV NRC-3/18,II,III,Argentinean sequences,Argentinean sequences,False,True,False,0.04054054054054054,75,1850,0.0426812585499316,156,3655,0.044961003211500226,294,6539,False,False
Epuyen/18-19 Patient 13,132D,ANDV Epuyen/18-19 Patient 13,132D,II,III,Argentinean sequences,Chilean sequences,False,True,False,0.03898213318895506,72,1847,0.04678040726472207,170,3634,0.04731281580156178,309,6531,False,False
Epuyen/18-19 Patient 13,p1239,ANDV Epuyen/18-19 Patient 13,p1239,II,III,Argentinean sequences,Chilean sequences,False,True,False,0.038378378378378375,71,1850,0.043143720802418246,157,3639,0.04665748814440875,305,6537,False,False
Epuyen/18-19 Patient 13,p1242,ANDV Epuyen/18-19 Patient 13,p1242,II,III,Argentinean sequences,Chilean sequences,False,True,False,0.04162162162162162,77,1850,0.04421862125789618,161,3641,0.04649739981645763,304,6538,False,False
Epuyen/18-19 Patient 13,p931,ANDV Epuyen/18-19 Patient 13,p931,II,III,Argentinean sequences,Chilean sequences,False,True,False,0.04108108108108108,76,1850,0.04421862125789618,161,3641,0.045433685176686556,297,6537,False,False
Epuyen/18-19 Patient 13,p1236,ANDV Epuyen/18-19 Patient 13,p1236,II,III,Argentinean sequences,Chilean sequences,False,True,False,0.03945945945945946,73,1850,0.042547351084271205,155,3643,0.05105058365758755,328,6425,True,False
Epuyen/18-19 Patient 13,cruise,ANDV Epuyen/18-19 Patient 13,France-Case 9,II,III,Argentinean sequences,Cruise ship outbreak sequences,False,True,False,0.039587852494577004,73,1844,0.04439572485612497,162,3649,0.04555878306069408,298,6541,False,True
Epuyen/18-19 Patient 13,cruise,ANDV Epuyen/18-19 Patient 13,Spain-Case 10,II,III,Argentinean sequences,Cruise ship outbreak sequences,False,True,False,0.039630836047774155,73,1842,0.044468844359044746,162,3643,0.045593635250917995,298,6536,False,True
Epuyen/18-19 Patient 13,cruise,ANDV Epuyen/18-19 Patient 13,Spain-Case 12,II,III,Argentinean sequences,Cruise ship outbreak sequences,False,True,False,0.039630836047774155,73,1842,0.044468844359044746,162,3643,0.045593635250917995,298,6536,False,True
Epuyen/18-19 Patient 13,Switzerland-Case 7,ANDV Epuyen/18-19 Patient 13,Switzerland-Case 7,II,III,Argentinean sequences,Cruise ship outbreak sequences,False,True,False,0.039630836047774155,73,1842,0.044468844359044746,162,3643,0.04571166488304541,299,6541,False,True
Epuyen/18-19 Patient 13,cruise,ANDV Epuyen/18-19 Patient 13,Netherlands-Case 6,II,III,Argentinean sequences,Cruise ship outbreak sequences,False,True,False,0.04006586169045005,73,1822,0.04468965517241379,162,3625,0.04514452744397532,278,6158,False,True
Epuyen/18-19 Patient 13,cruise,ANDV Epuyen/18-19 Patient 13,Netherlands-Case 5,II,III,Argentinean sequences,Cruise ship outbreak sequences,False,True,False,0.04053303720155469,73,1801,0.045212019095759615,161,3561,0.045770836554816764,296,6467,False,True
Epuyen/18-19 Patient 13,cruise,ANDV Epuyen/18-19 Patient 13,Johannesburg-Case 2,II,III,Argentinean sequences,Cruise ship outbreak sequences,False,True,False,0.041500852757248435,73,1759,0.0448256779192031,162,3614,0.046108618288720406,298,6463,False,True
Epuyen/18-19 Patient 13,cruise,ANDV Epuyen/18-19 Patient 13,Johannesburg-Case 3,II,III,Argentinean sequences,Cruise ship outbreak sequences,False,True,False,0.04152445961319681,73,1758,0.04483430799220273,161,3591,0.04569150567310641,298,6522,False,True
Epuyen/18-19 Patient 13,cruise,ANDV Epuyen/18-19 Patient 13,Canada-Case 11_NPswab,II,III,Argentinean sequences,Cruise ship outbreak sequences,False,True,False,0.039597737272155875,63,1591,0.04665825977301387,148,3172,0.04586404586404586,280,6105,False,True
Epuyen/18-19 Patient 13,cruise,ANDV Epuyen/18-19 Patient 13,Canada-Case 11_blood,II,III,Argentinean sequences,Cruise ship outbreak sequences,False,True,False,0.042045454545454546,74,1760,0.04512331838565022,161,3568,0.045964642582628744,299,6505,False,True
Epuyen/18-19 Patient 1,Epuyen/18-19 Patient 28,ANDV Epuyen/18-19 Patient 1,ANDV Epuyen/18-19 Patient 28,II,II,Argentinean sequences,Argentinean sequences,False,False,True,0.0,0,1849,0.0,0,3647,0.0,0,6532,False,False
Epuyen/18-19 Patient 1,Epuyen/18-19 Patient 16,ANDV Epuyen/18-19 Patient 1,ANDV Epuyen/18-19 Patient 16,II,II,Argentinean sequences,Argentinean sequences,False,False,True,0.0,0,1851,0.0,0,3649,0.0,0,6541,False,False
Epuyen/18-19 Patient 1,Epuyen/18-19 Patient 29,ANDV Epuyen/18-19 Patient 1,ANDV Epuyen/18-19 Patient 29,II,II,Argentinean sequences,Argentinean sequences,False,False,True,0.0,0,1851,0.0,0,3654,0.0,0,6541,False,False
Epuyen/18-19 Patient 1,Epuyen/18-19 Patient 19,ANDV Epuyen/18-19 Patient 1,ANDV Epuyen/18-19 Patient 19,II,II,Argentinean sequences,Argentinean sequences,False,False,True,0.0,0,1851,0.0,0,3654,0.0,0,6541,False,False
Epuyen/18-19 Patient 1,Epuyen/18-19 Patient 9,ANDV Epuyen/18-19 Patient 1,ANDV Epuyen/18-19 Patient 9,II,II,Argentinean sequences,Argentinean sequences,False,False,True,0.0,0,1851,0.0,0,3654,0.0,0,6541,False,False
Epuyen/18-19 Patient 1,Epuyen/18-19 Patient 20,ANDV Epuyen/18-19 Patient 1,ANDV Epuyen/18-19 Patient 20,II,II,Argentinean sequences,Argentinean sequences,False,False,True,0.0,0,1851,0.0,0,3653,0.0,0,6538,False,False
Epuyen/18-19 Patient 1,Epuyen/18-19 Patient 8,ANDV Epuyen/18-19 Patient 1,ANDV Epuyen/18-19 Patient 8,II,II,Argentinean sequences,Argentinean sequences,False,False,True,0.0,0,1851,0.0,0,3654,0.0,0,6541,False,False
Epuyen/18-19 Patient 1,Epuyen/18-19 Patient 14,ANDV Epuyen/18-19 Patient 1,ANDV Epuyen/18-19 Patient 14,II,II,Argentinean sequences,Argentinean sequences,False,False,True,0.0,0,1851,0.0,0,3654,0.0,0,6541,False,False
Epuyen/18-19 Patient 1,Epuyen/18-19 Patient 11,ANDV Epuyen/18-19 Patient 1,ANDV Epuyen/18-19 Patient 11,II,II,Argentinean sequences,Argentinean sequences,False,False,True,0.0,0,1844,0.0,0,3645,0.0,0,6522,False,False
Epuyen/18-19 Patient 1,Epuyen/18-19 Patient 27,ANDV Epuyen/18-19 Patient 1,ANDV Epuyen/18-19 Patient 27,II,II,Argentinean sequences,Argentinean sequences,False,False,True,0.0,0,1848,0.0,0,3647,0.0,0,6533,False,False
Epuyen/18-19 Patient 1,Epuyen/18-19 Patient 5,ANDV Epuyen/18-19 Patient 1,ANDV Epuyen/18-19 Patient 5,II,II,Argentinean sequences,Argentinean sequences,False,False,True,0.0,0,1849,0.0,0,3649,0.0,0,6539,False,False
Epuyen/18-19 Patient 1,Epuyen,ANDV Epuyen/18-19 Patient 1,ANDV Epuyen,II,II,Argentinean sequences,Argentinean sequences,False,False,True,0.0005449591280653951,1,1835,0.0005483959418700301,2,3647,0.0001544878727019929,1,6473,False,False
Epuyen/18-19 Patient 1,p334,ANDV Epuyen/18-19 Patient 1,p334,II,I,Argentinean sequences,Chilean sequences,False,False,False,0.04810810810810811,89,1850,0.06886145404663924,251,3645,0.065433419966366,428,6541,False,False
Epuyen/18-19 Patient 1,p1060,ANDV Epuyen/18-19 Patient 1,p1060,II,I,Argentinean sequences,Chilean sequences,False,False,False,0.04274891774891775,79,1848,0.06609983543609435,241,3646,0.07111179079369934,465,6539,False,False
Epuyen/18-19 Patient 1,p1056,ANDV Epuyen/18-19 Patient 1,p1056,II,I,Argentinean sequences,Chilean sequences,False,False,False,0.043243243243243246,80,1850,0.0458036204059243,167,3646,0.047254931946780855,309,6539,False,False
Epuyen/18-19 Patient 1,NRC-2/97,ANDV Epuyen/18-19 Patient 1,ANDV NRC-2/97,II,I,Argentinean sequences,Argentinean sequences,False,False,False,0.04164413196322336,77,1849,0.04470652770159078,163,3646,0.04649014778325123,302,6496,False,False
Epuyen/18-19 Patient 1,p115D,ANDV Epuyen/18-19 Patient 1,p115D,II,I,Argentinean sequences,Chilean sequences,False,False,False,0.03731746890210925,69,1849,0.043943971436418566,160,3641,0.08500229322733527,556,6541,False,False
Epuyen/18-19 Patient 1,p915,ANDV Epuyen/18-19 Patient 1,p915,II,I,Argentinean sequences,Chilean sequences,False,False,False,0.0384407146724418,71,1847,0.04534212695795548,165,3639,0.08490133088572739,555,6537,False,False
Epuyen/18-19 Patient 1,p201,ANDV Epuyen/18-19 Patient 1,p201,II,I,Argentinean sequences,Chilean sequences,False,False,False,0.03785830178474851,70,1849,0.044468844359044746,162,3643,0.08459538014379685,553,6537,False,False
Epuyen/18-19 Patient 1,p1064,ANDV Epuyen/18-19 Patient 1,p1064,II,I,Argentinean sequences,Chilean sequences,False,False,False,0.03945945945945946,73,1850,0.04781533388293487,174,3639,0.04419636029974002,289,6539,False,False
Epuyen/18-19 Patient 1,CHI-7913,ANDV Epuyen/18-19 Patient 1,ANDV CHI-7913,II,I,Argentinean sequences,Chilean sequences,False,False,False,0.03995560488346282,72,1802,0.04238921001926782,154,3633,0.04299412310547479,278,6466,False,False
Epuyen/18-19 Patient 1,p1062,ANDV Epuyen/18-19 Patient 1,p1062,II,I,Argentinean sequences,Chilean sequences,False,False,False,0.03891891891891892,72,1850,0.03784969829950631,138,3646,0.04724048310655863,309,6541,False,False
Epuyen/18-19 Patient 1,p1058,ANDV Epuyen/18-19 Patient 1,p1058,II,I,Argentinean sequences,Chilean sequences,False,False,False,0.03785830178474851,70,1849,0.0458036204059243,167,3646,0.04649028903502064,304,6539,False,False
Epuyen/18-19 Patient 1,NRC-5/18,ANDV Epuyen/18-19 Patient 1,ANDV NRC-5/18,II,I,Argentinean sequences,Argentinean sequences,False,False,False,0.03727714748784441,69,1851,0.047123287671232875,172,3650,0.04764823042745519,311,6527,False,False
Epuyen/18-19 Patient 1,p1241,ANDV Epuyen/18-19 Patient 1,p1241,II,I,Argentinean sequences,Chilean sequences,False,False,False,0.03783783783783784,70,1850,0.0458036204059243,167,3646,0.04877675840978593,319,6540,False,False
Epuyen/18-19 Patient 1,p1313,ANDV Epuyen/18-19 Patient 1,p1313,II,I,Argentinean sequences,Chilean sequences,False,False,False,0.03351351351351351,62,1850,0.045279912184412734,165,3644,0.05077228934087781,332,6539,False,False
Epuyen/18-19 Patient 1,p126,ANDV Epuyen/18-19 Patient 1,p126,II,I,Argentinean sequences,Chilean sequences,False,False,False,0.03351351351351351,62,1850,0.0469264544456641,171,3644,0.050160575011469644,328,6539,False,False
Epuyen/18-19 Patient 1,136D,ANDV Epuyen/18-19 Patient 1,136D,II,I,Argentinean sequences,Chilean sequences,False,False,False,0.04065934065934066,74,1820,0.04857384919514261,172,3541,0.04892307692307692,318,6500,False,False
Epuyen/18-19 Patient 1,p1052,ANDV Epuyen/18-19 Patient 1,p1052,II,I,Argentinean sequences,Chilean sequences,False,False,False,0.038378378378378375,71,1850,0.04333516182117389,158,3646,0.048172503440893105,315,6539,False,False
Epuyen/18-19 Patient 1,131D,ANDV Epuyen/18-19 Patient 1,131D,II,I,Argentinean sequences,Chilean sequences,False,False,False,0.040584415584415584,75,1848,0.043952967525195966,157,3572,0.04920805781946794,320,6503,False,False
Epuyen/18-19 Patient 1,p127,ANDV Epuyen/18-19 Patient 1,p127,II,I,Argentinean sequences,Chilean sequences,False,False,False,0.03945945945945946,73,1850,0.04500548847420417,164,3644,0.04876930133007185,319,6541,False,False
Epuyen/18-19 Patient 1,p1427,ANDV Epuyen/18-19 Patient 1,p1427,II,I,Argentinean sequences,Chilean sequences,False,False,False,0.03731746890210925,69,1849,0.04198682766190999,153,3644,0.04617031035009937,302,6541,False,False
Epuyen/18-19 Patient 1,p1430,ANDV Epuyen/18-19 Patient 1,p1430,II,I,Argentinean sequences,Chilean sequences,False,False,False,0.0372972972972973,69,1850,0.04141524958859023,151,3646,0.046781837639504664,306,6541,False,False
Epuyen/18-19 Patient 1,ANDV-CH-LS-2016,ANDV Epuyen/18-19 Patient 1,ANDV-CH-LS-2016,II,I,Argentinean sequences,Chilean sequences,False,False,False,0.0384829894032348,69,1793,0.042429284525790346,153,3606,0.04760297096556381,282,5924,False,False
Epuyen/18-19 Patient 1,ANDV-CH-LS-2022,ANDV Epuyen/18-19 Patient 1,ANDV-CH-LS-2022,II,I,Argentinean sequences,Chilean sequences,False,False,False,0.03806818181818182,67,1760,0.04265264387963774,146,3423,0.047092743873137916,294,6243,False,False
Epuyen/18-19 Patient 1,ARG p19,ANDV Epuyen/18-19 Patient 1,ANDV ARG p19,II,III,Argentinean sequences,Argentinean sequences,False,False,False,0.041058887088060506,76,1851,0.038946791003839826,142,3646,0.04555984555984556,295,6475,False,False
Epuyen/18-19 Patient 1,ARG p3,ANDV Epuyen/18-19 Patient 1,ANDV ARG p3,II,III,Argentinean sequences,Argentinean sequences,False,False,False,0.04051863857374392,75,1851,0.03867251782775644,141,3646,0.044947255771288795,294,6541,False,False
Epuyen/18-19 Patient 1,ARG-M.a.,ANDV Epuyen/18-19 Patient 1,ANDV ARG-M.a.,II,III,Argentinean sequences,Argentinean sequences,False,False,False,0.041058887088060506,76,1851,0.03872562482834386,141,3641,0.045651501083255955,295,6462,False,False
Epuyen/18-19 Patient 1,ARG p9,ANDV Epuyen/18-19 Patient 1,ANDV ARG p9,II,III,Argentinean sequences,Argentinean sequences,False,False,False,0.041058887088060506,76,1851,0.03867251782775644,141,3646,0.04540540540540541,294,6475,False,False
Epuyen/18-19 Patient 1,p1316,ANDV Epuyen/18-19 Patient 1,p1316,II,III,Argentinean sequences,Chilean sequences,False,False,False,0.03889789303079417,72,1851,0.0405924300603401,148,3646,0.0446619761394922,292,6538,False,False
Epuyen/18-19 Patient 1,CHI-Hu13724 P2,ANDV Epuyen/18-19 Patient 1,ANDV CHI-Hu13724 P2,II,III,Argentinean sequences,Chilean sequences,False,False,False,0.04051863857374392,75,1851,0.042238069116840374,154,3646,0.04679614619972473,306,6539,False,False
Epuyen/18-19 Patient 1,p136,ANDV Epuyen/18-19 Patient 1,p136,II,III,Argentinean sequences,Chilean sequences,False,False,False,0.039978390059427334,74,1851,0.04226125137211855,154,3644,0.046781837639504664,306,6541,False,False
Epuyen/18-19 Patient 1,p137,ANDV Epuyen/18-19 Patient 1,p137,II,III,Argentinean sequences,Chilean sequences,False,False,False,0.039978390059427334,74,1851,0.04227285204501784,154,3643,0.046803303762618535,306,6538,False,False
Epuyen/18-19 Patient 1,CHI-Hu13724 P1,ANDV Epuyen/18-19 Patient 1,ANDV CHI-Hu13724 P1,II,III,Argentinean sequences,Chilean sequences,False,False,False,0.039978390059427334,74,1851,0.04226125137211855,154,3644,0.046781837639504664,306,6541,False,False
Epuyen/18-19 Patient 1,p1059,ANDV Epuyen/18-19 Patient 1,p1059,II,III,Argentinean sequences,Chilean sequences,False,True,False,0.04,74,1850,0.04418221734357849,161,3644,0.046337360452668605,303,6539,False,False
Epuyen/18-19 Patient 1,NRC-4/18,ANDV Epuyen/18-19 Patient 1,ANDV NRC-4/18,II,III,Argentinean sequences,Argentinean sequences,False,True,False,0.04054054054054054,75,1850,0.042966611932129174,157,3654,0.044954128440366975,294,6540,False,False
Epuyen/18-19 Patient 1,NRC-3/18,ANDV Epuyen/18-19 Patient 1,ANDV NRC-3/18,II,III,Argentinean sequences,Argentinean sequences,False,True,False,0.04054054054054054,75,1850,0.042692939244663386,156,3654,0.044961003211500226,294,6539,False,False
Epuyen/18-19 Patient 1,132D,ANDV Epuyen/18-19 Patient 1,132D,II,III,Argentinean sequences,Chilean sequences,False,True,False,0.03898213318895506,72,1847,0.04678040726472207,170,3634,0.04731281580156178,309,6531,False,False
Epuyen/18-19 Patient 1,p1239,ANDV Epuyen/18-19 Patient 1,p1239,II,III,Argentinean sequences,Chilean sequences,False,True,False,0.038378378378378375,71,1850,0.043143720802418246,157,3639,0.04665748814440875,305,6537,False,False
Epuyen/18-19 Patient 1,p1242,ANDV Epuyen/18-19 Patient 1,p1242,II,III,Argentinean sequences,Chilean sequences,False,True,False,0.04162162162162162,77,1850,0.04421862125789618,161,3641,0.04649739981645763,304,6538,False,False
Epuyen/18-19 Patient 1,p931,ANDV Epuyen/18-19 Patient 1,p931,II,III,Argentinean sequences,Chilean sequences,False,True,False,0.04108108108108108,76,1850,0.04421862125789618,161,3641,0.045433685176686556,297,6537,False,False
Epuyen/18-19 Patient 1,p1236,ANDV Epuyen/18-19 Patient 1,p1236,II,III,Argentinean sequences,Chilean sequences,False,True,False,0.03945945945945946,73,1850,0.042547351084271205,155,3643,0.05105058365758755,328,6425,True,False
Epuyen/18-19 Patient 1,cruise,ANDV Epuyen/18-19 Patient 1,France-Case 9,II,III,Argentinean sequences,Cruise ship outbreak sequences,False,True,False,0.039587852494577004,73,1844,0.044432254525507406,162,3646,0.04555878306069408,298,6541,False,True
Epuyen/18-19 Patient 1,cruise,ANDV Epuyen/18-19 Patient 1,Spain-Case 10,II,III,Argentinean sequences,Cruise ship outbreak sequences,False,True,False,0.039630836047774155,73,1842,0.044468844359044746,162,3643,0.045593635250917995,298,6536,False,True
Epuyen/18-19 Patient 1,cruise,ANDV Epuyen/18-19 Patient 1,Spain-Case 12,II,III,Argentinean sequences,Cruise ship outbreak sequences,False,True,False,0.039630836047774155,73,1842,0.044468844359044746,162,3643,0.045593635250917995,298,6536,False,True
Epuyen/18-19 Patient 1,Switzerland-Case 7,ANDV Epuyen/18-19 Patient 1,Switzerland-Case 7,II,III,Argentinean sequences,Cruise ship outbreak sequences,False,True,False,0.039630836047774155,73,1842,0.044468844359044746,162,3643,0.04571166488304541,299,6541,False,True
Epuyen/18-19 Patient 1,cruise,ANDV Epuyen/18-19 Patient 1,Netherlands-Case 6,II,III,Argentinean sequences,Cruise ship outbreak sequences,False,True,False,0.04006586169045005,73,1822,0.04468965517241379,162,3625,0.04514452744397532,278,6158,False,True
Epuyen/18-19 Patient 1,cruise,ANDV Epuyen/18-19 Patient 1,Netherlands-Case 5,II,III,Argentinean sequences,Cruise ship outbreak sequences,False,True,False,0.04053303720155469,73,1801,0.045212019095759615,161,3561,0.045770836554816764,296,6467,False,True
Epuyen/18-19 Patient 1,cruise,ANDV Epuyen/18-19 Patient 1,Johannesburg-Case 2,II,III,Argentinean sequences,Cruise ship outbreak sequences,False,True,False,0.041500852757248435,73,1759,0.0448256779192031,162,3614,0.046108618288720406,298,6463,False,True
Epuyen/18-19 Patient 1,cruise,ANDV Epuyen/18-19 Patient 1,Johannesburg-Case 3,II,III,Argentinean sequences,Cruise ship outbreak sequences,False,True,False,0.04152445961319681,73,1758,0.04483430799220273,161,3591,0.04569150567310641,298,6522,False,True
Epuyen/18-19 Patient 1,cruise,ANDV Epuyen/18-19 Patient 1,Canada-Case 11_NPswab,II,III,Argentinean sequences,Cruise ship outbreak sequences,False,True,False,0.039597737272155875,63,1591,0.04665825977301387,148,3172,0.04586404586404586,280,6105,False,True
Epuyen/18-19 Patient 1,cruise,ANDV Epuyen/18-19 Patient 1,Canada-Case 11_blood,II,III,Argentinean sequences,Cruise ship outbreak sequences,False,True,False,0.042045454545454546,74,1760,0.04512331838565022,161,3568,0.045964642582628744,299,6505,False,True
Epuyen/18-19 Patient 28,Epuyen/18-19 Patient 16,ANDV Epuyen/18-19 Patient 28,ANDV Epuyen/18-19 Patient 16,II,II,Argentinean sequences,Argentinean sequences,False,False,True,0.0,0,1849,0.0,0,3642,0.0,0,6532,False,False
Epuyen/18-19 Patient 28,Epuyen/18-19 Patient 29,ANDV Epuyen/18-19 Patient 28,ANDV Epuyen/18-19 Patient 29,II,II,Argentinean sequences,Argentinean sequences,False,False,True,0.0,0,1849,0.0,0,3647,0.0,0,6532,False,False
Epuyen/18-19 Patient 28,Epuyen/18-19 Patient 19,ANDV Epuyen/18-19 Patient 28,ANDV Epuyen/18-19 Patient 19,II,II,Argentinean sequences,Argentinean sequences,False,False,True,0.0,0,1849,0.0,0,3647,0.0,0,6532,False,False
Epuyen/18-19 Patient 28,Epuyen/18-19 Patient 9,ANDV Epuyen/18-19 Patient 28,ANDV Epuyen/18-19 Patient 9,II,II,Argentinean sequences,Argentinean sequences,False,False,True,0.0,0,1849,0.0,0,3647,0.0,0,6532,False,False
Epuyen/18-19 Patient 28,Epuyen/18-19 Patient 20,ANDV Epuyen/18-19 Patient 28,ANDV Epuyen/18-19 Patient 20,II,II,Argentinean sequences,Argentinean sequences,False,False,True,0.0,0,1849,0.0,0,3647,0.0,0,6532,False,False
Epuyen/18-19 Patient 28,Epuyen/18-19 Patient 8,ANDV Epuyen/18-19 Patient 28,ANDV Epuyen/18-19 Patient 8,II,II,Argentinean sequences,Argentinean sequences,False,False,True,0.0,0,1849,0.0,0,3647,0.0,0,6532,False,False
Epuyen/18-19 Patient 28,Epuyen/18-19 Patient 14,ANDV Epuyen/18-19 Patient 28,ANDV Epuyen/18-19 Patient 14,II,II,Argentinean sequences,Argentinean sequences,False,False,True,0.0,0,1849,0.0,0,3647,0.0,0,6532,False,False
Epuyen/18-19 Patient 28,Epuyen/18-19 Patient 11,ANDV Epuyen/18-19 Patient 28,ANDV Epuyen/18-19 Patient 11,II,II,Argentinean sequences,Argentinean sequences,False,False,True,0.0,0,1844,0.0,0,3642,0.0,0,6522,False,False
Epuyen/18-19 Patient 28,Epuyen/18-19 Patient 27,ANDV Epuyen/18-19 Patient 28,ANDV Epuyen/18-19 Patient 27,II,II,Argentinean sequences,Argentinean sequences,False,False,True,0.0,0,1847,0.0,0,3645,0.0,0,6532,False,False
Epuyen/18-19 Patient 28,Epuyen/18-19 Patient 5,ANDV Epuyen/18-19 Patient 28,ANDV Epuyen/18-19 Patient 5,II,II,Argentinean sequences,Argentinean sequences,False,False,True,0.0,0,1848,0.0,0,3642,0.0,0,6532,False,False
Epuyen/18-19 Patient 28,Epuyen,ANDV Epuyen/18-19 Patient 28,ANDV Epuyen,II,II,Argentinean sequences,Argentinean sequences,False,False,True,0.0005452562704471102,1,1834,0.0,0,3643,0.00015460729746444033,1,6468,False,False
Epuyen/18-19 Patient 28,p334,ANDV Epuyen/18-19 Patient 28,p334,II,I,Argentinean sequences,Chilean sequences,False,False,False,0.04816017316017316,89,1848,0.06899395272127543,251,3638,0.065523576240049,428,6532,False,False
Epuyen/18-19 Patient 28,p1060,ANDV Epuyen/18-19 Patient 28,p1060,II,I,Argentinean sequences,Chilean sequences,False,False,False,0.04279523293607801,79,1846,0.06622698543555922,241,3639,0.07118799755052052,465,6532,False,False
Epuyen/18-19 Patient 28,p1056,ANDV Epuyen/18-19 Patient 28,p1056,II,I,Argentinean sequences,Chilean sequences,False,False,False,0.04329004329004329,80,1848,0.04561692772739764,166,3639,0.04730557256582976,309,6532,False,False
Epuyen/18-19 Patient 28,NRC-2/97,ANDV Epuyen/18-19 Patient 28,ANDV NRC-2/97,II,I,Argentinean sequences,Argentinean sequences,False,False,False,0.041689225771521385,77,1847,0.04473106476399561,163,3644,0.04654747225647349,302,6488,False,False
Epuyen/18-19 Patient 28,p115D,ANDV Epuyen/18-19 Patient 28,p115D,II,I,Argentinean sequences,Chilean sequences,False,False,False,0.03735787763941527,69,1847,0.04402861860209136,160,3634,0.08511941212492345,556,6532,False,False
Epuyen/18-19 Patient 28,p915,ANDV Epuyen/18-19 Patient 28,p915,II,I,Argentinean sequences,Chilean sequences,False,False,False,0.03848238482384824,71,1845,0.0454295154185022,165,3632,0.08496631965707287,555,6532,False,False
Epuyen/18-19 Patient 28,p201,ANDV Epuyen/18-19 Patient 28,p201,II,I,Argentinean sequences,Chilean sequences,False,False,False,0.03789929615592853,70,1847,0.04455445544554455,162,3636,0.08466013472137171,553,6532,False,False
Epuyen/18-19 Patient 28,p1064,ANDV Epuyen/18-19 Patient 28,p1064,II,I,Argentinean sequences,Chilean sequences,False,False,False,0.03896103896103896,72,1848,0.04790748898678414,174,3632,0.04424372320881813,289,6532,False,False
Epuyen/18-19 Patient 28,CHI-7913,ANDV Epuyen/18-19 Patient 28,ANDV CHI-7913,II,I,Argentinean sequences,Chilean sequences,False,False,False,0.03995560488346282,72,1802,0.04247104247104247,154,3626,0.04299412310547479,278,6466,False,False
Epuyen/18-19 Patient 28,p1062,ANDV Epuyen/18-19 Patient 28,p1062,II,I,Argentinean sequences,Chilean sequences,False,False,False,0.03896103896103896,72,1848,0.03764770541357516,137,3639,0.04730557256582976,309,6532,False,False
Epuyen/18-19 Patient 28,p1058,ANDV Epuyen/18-19 Patient 28,p1058,II,I,Argentinean sequences,Chilean sequences,False,False,False,0.03789929615592853,70,1847,0.04589172849683979,167,3639,0.04654011022657685,304,6532,False,False
Epuyen/18-19 Patient 28,NRC-5/18,ANDV Epuyen/18-19 Patient 28,ANDV NRC-5/18,II,I,Argentinean sequences,Argentinean sequences,False,False,False,0.03731746890210925,69,1849,0.04720087815587267,172,3644,0.04769938650306749,311,6520,False,False
Epuyen/18-19 Patient 28,p1241,ANDV Epuyen/18-19 Patient 28,p1241,II,I,Argentinean sequences,Chilean sequences,False,False,False,0.03787878787878788,70,1848,0.04589172849683979,167,3639,0.04884397488899097,319,6531,False,False
Epuyen/18-19 Patient 28,p1313,ANDV Epuyen/18-19 Patient 28,p1313,II,I,Argentinean sequences,Chilean sequences,False,False,False,0.03354978354978355,62,1848,0.04536706076436624,165,3637,0.050826699326393145,332,6532,False,False
Epuyen/18-19 Patient 28,p126,ANDV Epuyen/18-19 Patient 28,p126,II,I,Argentinean sequences,Chilean sequences,False,False,False,0.03354978354978355,62,1848,0.04701677206488864,171,3637,0.05021432945499082,328,6532,False,False
Epuyen/18-19 Patient 28,136D,ANDV Epuyen/18-19 Patient 28,136D,II,I,Argentinean sequences,Chilean sequences,False,False,False,0.04065934065934066,74,1820,0.04857384919514261,172,3541,0.04892307692307692,318,6500,False,False
Epuyen/18-19 Patient 28,p1052,ANDV Epuyen/18-19 Patient 28,p1052,II,I,Argentinean sequences,Chilean sequences,False,False,False,0.038419913419913417,71,1848,0.0434185215718604,158,3639,0.04822412737293325,315,6532,False,False
Epuyen/18-19 Patient 28,131D,ANDV Epuyen/18-19 Patient 28,131D,II,I,Argentinean sequences,Chilean sequences,False,False,False,0.040606388738494856,75,1847,0.043952967525195966,157,3572,0.04920805781946794,320,6503,False,False
Epuyen/18-19 Patient 28,p127,ANDV Epuyen/18-19 Patient 28,p127,II,I,Argentinean sequences,Chilean sequences,False,False,False,0.039502164502164504,73,1848,0.045092108880945836,164,3637,0.04883649724433558,319,6532,False,False
Epuyen/18-19 Patient 28,p1427,ANDV Epuyen/18-19 Patient 28,p1427,II,I,Argentinean sequences,Chilean sequences,False,False,False,0.03735787763941527,69,1847,0.042067638163321416,153,3637,0.04623392529087569,302,6532,False,False
Epuyen/18-19 Patient 28,p1430,ANDV Epuyen/18-19 Patient 28,p1430,II,I,Argentinean sequences,Chilean sequences,False,False,False,0.037337662337662336,69,1848,0.04149491618576532,151,3639,0.046846295162278014,306,6532,False,False
Epuyen/18-19 Patient 28,ANDV-CH-LS-2016,ANDV Epuyen/18-19 Patient 28,ANDV-CH-LS-2016,II,I,Argentinean sequences,Chilean sequences,False,False,False,0.0384829894032348,69,1793,0.042429284525790346,153,3606,0.04760297096556381,282,5924,False,False
Epuyen/18-19 Patient 28,ANDV-CH-LS-2022,ANDV Epuyen/18-19 Patient 28,ANDV-CH-LS-2022,II,I,Argentinean sequences,Chilean sequences,False,False,False,0.03806818181818182,67,1760,0.04265264387963774,146,3423,0.047092743873137916,294,6243,False,False
Epuyen/18-19 Patient 28,ARG p19,ANDV Epuyen/18-19 Patient 28,ANDV ARG p19,II,III,Argentinean sequences,Argentinean sequences,False,False,False,0.0411032990805841,76,1849,0.03902170926078593,142,3639,0.04555984555984556,295,6475,False,False
Epuyen/18-19 Patient 28,ARG p3,ANDV Epuyen/18-19 Patient 28,ANDV ARG p3,II,III,Argentinean sequences,Argentinean sequences,False,False,False,0.04056246619794483,75,1849,0.038746908491343775,141,3639,0.04500918554807103,294,6532,False,False
Epuyen/18-19 Patient 28,ARG-M.a.,ANDV Epuyen/18-19 Patient 28,ANDV ARG-M.a.,II,III,Argentinean sequences,Argentinean sequences,False,False,False,0.0411032990805841,76,1849,0.03880022014309301,141,3634,0.045651501083255955,295,6462,False,False
Epuyen/18-19 Patient 28,ARG p9,ANDV Epuyen/18-19 Patient 28,ANDV ARG p9,II,III,Argentinean sequences,Argentinean sequences,False,False,False,0.0411032990805841,76,1849,0.038746908491343775,141,3639,0.04540540540540541,294,6475,False,False
Epuyen/18-19 Patient 28,p1316,ANDV Epuyen/18-19 Patient 28,p1316,II,III,Argentinean sequences,Chilean sequences,False,False,False,0.038939967550027044,72,1849,0.040670513877438856,148,3639,0.04470300061236987,292,6532,False,False
Epuyen/18-19 Patient 28,CHI-Hu13724 P2,ANDV Epuyen/18-19 Patient 28,ANDV CHI-Hu13724 P2,II,III,Argentinean sequences,Chilean sequences,False,False,False,0.04056246619794483,75,1849,0.04231931849409178,154,3639,0.046846295162278014,306,6532,False,False
Epuyen/18-19 Patient 28,p136,ANDV Epuyen/18-19 Patient 28,p136,II,III,Argentinean sequences,Chilean sequences,False,False,False,0.04002163331530557,74,1849,0.04234259004674182,154,3637,0.046846295162278014,306,6532,False,False
Epuyen/18-19 Patient 28,p137,ANDV Epuyen/18-19 Patient 28,p137,II,III,Argentinean sequences,Chilean sequences,False,False,False,0.04002163331530557,74,1849,0.04235423542354235,154,3636,0.046846295162278014,306,6532,False,False
Epuyen/18-19 Patient 28,CHI-Hu13724 P1,ANDV Epuyen/18-19 Patient 28,ANDV CHI-Hu13724 P1,II,III,Argentinean sequences,Chilean sequences,False,False,False,0.04002163331530557,74,1849,0.04234259004674182,154,3637,0.046846295162278014,306,6532,False,False
Epuyen/18-19 Patient 28,p1059,ANDV Epuyen/18-19 Patient 28,p1059,II,III,Argentinean sequences,Chilean sequences,False,True,False,0.04004329004329004,74,1848,0.04426725323068463,161,3637,0.04638701775872627,303,6532,False,False
Epuyen/18-19 Patient 28,NRC-4/18,ANDV Epuyen/18-19 Patient 28,ANDV NRC-4/18,II,III,Argentinean sequences,Argentinean sequences,False,True,False,0.040584415584415584,75,1848,0.043049081436797365,157,3647,0.04501607717041801,294,6531,False,False
Epuyen/18-19 Patient 28,NRC-3/18,ANDV Epuyen/18-19 Patient 28,ANDV NRC-3/18,II,III,Argentinean sequences,Argentinean sequences,False,True,False,0.040584415584415584,75,1848,0.042774883465862355,156,3647,0.04500918554807103,294,6532,False,False
Epuyen/18-19 Patient 28,132D,ANDV Epuyen/18-19 Patient 28,132D,II,III,Argentinean sequences,Chilean sequences,False,True,False,0.0390032502708559,72,1846,0.04687069203198235,170,3627,0.04734181093917573,309,6527,False,False
Epuyen/18-19 Patient 28,p1239,ANDV Epuyen/18-19 Patient 28,p1239,II,III,Argentinean sequences,Chilean sequences,False,True,False,0.038419913419913417,71,1848,0.04322687224669604,157,3632,0.046693202694427435,305,6532,False,False
Epuyen/18-19 Patient 28,p1242,ANDV Epuyen/18-19 Patient 28,p1242,II,III,Argentinean sequences,Chilean sequences,False,True,False,0.041666666666666664,77,1848,0.04430379746835443,161,3634,0.04654011022657685,304,6532,False,False
Epuyen/18-19 Patient 28,p931,ANDV Epuyen/18-19 Patient 28,p931,II,III,Argentinean sequences,Chilean sequences,False,True,False,0.04112554112554113,76,1848,0.04430379746835443,161,3634,0.04546846295162278,297,6532,False,False
Epuyen/18-19 Patient 28,p1236,ANDV Epuyen/18-19 Patient 28,p1236,II,III,Argentinean sequences,Chilean sequences,False,True,False,0.039502164502164504,73,1848,0.04262926292629263,155,3636,0.05105058365758755,328,6425,True,False
Epuyen/18-19 Patient 28,cruise,ANDV Epuyen/18-19 Patient 28,France-Case 9,II,III,Argentinean sequences,Cruise ship outbreak sequences,False,True,False,0.039630836047774155,73,1842,0.04451772464962902,162,3639,0.04562155541947336,298,6532,False,True
Epuyen/18-19 Patient 28,cruise,ANDV Epuyen/18-19 Patient 28,Spain-Case 10,II,III,Argentinean sequences,Cruise ship outbreak sequences,False,True,False,0.039652362846279196,73,1841,0.04455445544554455,162,3636,0.04562155541947336,298,6532,False,True
Epuyen/18-19 Patient 28,cruise,ANDV Epuyen/18-19 Patient 28,Spain-Case 12,II,III,Argentinean sequences,Cruise ship outbreak sequences,False,True,False,0.039652362846279196,73,1841,0.04455445544554455,162,3636,0.04562155541947336,298,6532,False,True
Epuyen/18-19 Patient 28,Switzerland-Case 7,ANDV Epuyen/18-19 Patient 28,Switzerland-Case 7,II,III,Argentinean sequences,Cruise ship outbreak sequences,False,True,False,0.039652362846279196,73,1841,0.04455445544554455,162,3636,0.045774647887323945,299,6532,False,True
Epuyen/18-19 Patient 28,cruise,ANDV Epuyen/18-19 Patient 28,Netherlands-Case 6,II,III,Argentinean sequences,Cruise ship outbreak sequences,False,True,False,0.04006586169045005,73,1822,0.04468965517241379,162,3625,0.04516653127538586,278,6155,False,True
Epuyen/18-19 Patient 28,cruise,ANDV Epuyen/18-19 Patient 28,Netherlands-Case 5,II,III,Argentinean sequences,Cruise ship outbreak sequences,False,True,False,0.04053303720155469,73,1801,0.045212019095759615,161,3561,0.04579916447470215,296,6463,False,True
Epuyen/18-19 Patient 28,cruise,ANDV Epuyen/18-19 Patient 28,Johannesburg-Case 2,II,III,Argentinean sequences,Cruise ship outbreak sequences,False,True,False,0.041500852757248435,73,1759,0.044850498338870434,162,3612,0.04596100278551532,297,6462,False,True
Epuyen/18-19 Patient 28,cruise,ANDV Epuyen/18-19 Patient 28,Johannesburg-Case 3,II,III,Argentinean sequences,Cruise ship outbreak sequences,False,True,False,0.04152445961319681,73,1758,0.0448592922819727,161,3589,0.04570552147239264,298,6520,False,True
Epuyen/18-19 Patient 28,cruise,ANDV Epuyen/18-19 Patient 28,Canada-Case 11_NPswab,II,III,Argentinean sequences,Cruise ship outbreak sequences,False,True,False,0.039597737272155875,63,1591,0.04665825977301387,148,3172,0.04586404586404586,280,6105,False,True
Epuyen/18-19 Patient 28,cruise,ANDV Epuyen/18-19 Patient 28,Canada-Case 11_blood,II,III,Argentinean sequences,Cruise ship outbreak sequences,False,True,False,0.042045454545454546,74,1760,0.04512331838565022,161,3568,0.045964642582628744,299,6505,False,True
Epuyen/18-19 Patient 16,Epuyen/18-19 Patient 29,ANDV Epuyen/18-19 Patient 16,ANDV Epuyen/18-19 Patient 29,II,II,Argentinean sequences,Argentinean sequences,False,False,True,0.0,0,1859,0.0,0,3651,0.0,0,6541,False,False
Epuyen/18-19 Patient 16,Epuyen/18-19 Patient 19,ANDV Epuyen/18-19 Patient 16,ANDV Epuyen/18-19 Patient 19,II,II,Argentinean sequences,Argentinean sequences,False,False,True,0.0,0,1859,0.0,0,3649,0.0,0,6541,False,False
Epuyen/18-19 Patient 16,Epuyen/18-19 Patient 9,ANDV Epuyen/18-19 Patient 16,ANDV Epuyen/18-19 Patient 9,II,II,Argentinean sequences,Argentinean sequences,False,False,True,0.0,0,1859,0.0,0,3651,0.0,0,6541,False,False
Epuyen/18-19 Patient 16,Epuyen/18-19 Patient 20,ANDV Epuyen/18-19 Patient 16,ANDV Epuyen/18-19 Patient 20,II,II,Argentinean sequences,Argentinean sequences,False,False,True,0.0,0,1858,0.0,0,3648,0.0,0,6538,False,False
Epuyen/18-19 Patient 16,Epuyen/18-19 Patient 8,ANDV Epuyen/18-19 Patient 16,ANDV Epuyen/18-19 Patient 8,II,II,Argentinean sequences,Argentinean sequences,False,False,True,0.0,0,1854,0.0,0,3649,0.0,0,6541,False,False
Epuyen/18-19 Patient 16,Epuyen/18-19 Patient 14,ANDV Epuyen/18-19 Patient 16,ANDV Epuyen/18-19 Patient 14,II,II,Argentinean sequences,Argentinean sequences,False,False,True,0.0,0,1854,0.0,0,3651,0.0,0,6541,False,False
Epuyen/18-19 Patient 16,Epuyen/18-19 Patient 11,ANDV Epuyen/18-19 Patient 16,ANDV Epuyen/18-19 Patient 11,II,II,Argentinean sequences,Argentinean sequences,False,False,True,0.0,0,1844,0.0,0,3645,0.0,0,6522,False,False
Epuyen/18-19 Patient 16,Epuyen/18-19 Patient 27,ANDV Epuyen/18-19 Patient 16,ANDV Epuyen/18-19 Patient 27,II,II,Argentinean sequences,Argentinean sequences,False,False,True,0.0,0,1848,0.0,0,3644,0.0,0,6533,False,False
Epuyen/18-19 Patient 16,Epuyen/18-19 Patient 5,ANDV Epuyen/18-19 Patient 16,ANDV Epuyen/18-19 Patient 5,II,II,Argentinean sequences,Argentinean sequences,False,False,True,0.0,0,1849,0.0,0,3649,0.0,0,6539,False,False
Epuyen/18-19 Patient 16,Epuyen,ANDV Epuyen/18-19 Patient 16,ANDV Epuyen,II,II,Argentinean sequences,Argentinean sequences,False,False,True,0.0005443658138268917,1,1837,0.0005485463521667581,2,3646,0.0001544878727019929,1,6473,False,False
Epuyen/18-19 Patient 16,p334,ANDV Epuyen/18-19 Patient 16,p334,II,I,Argentinean sequences,Chilean sequences,False,False,False,0.04800431499460626,89,1854,0.06891817682591983,251,3642,0.065433419966366,428,6541,False,False
Epuyen/18-19 Patient 16,p1060,ANDV Epuyen/18-19 Patient 16,p1060,II,I,Argentinean sequences,Chilean sequences,False,False,False,0.04265658747300216,79,1852,0.0661542684600604,241,3643,0.07111179079369934,465,6539,False,False
Epuyen/18-19 Patient 16,p1056,ANDV Epuyen/18-19 Patient 16,p1056,II,I,Argentinean sequences,Chilean sequences,False,False,False,0.043149946062567425,80,1854,0.045841339555311555,167,3643,0.047254931946780855,309,6539,False,False
Epuyen/18-19 Patient 16,NRC-2/97,ANDV Epuyen/18-19 Patient 16,ANDV NRC-2/97,II,I,Argentinean sequences,Argentinean sequences,False,False,False,0.04162162162162162,77,1850,0.04473106476399561,163,3644,0.04649014778325123,302,6496,False,False
Epuyen/18-19 Patient 16,p115D,ANDV Epuyen/18-19 Patient 16,p115D,II,I,Argentinean sequences,Chilean sequences,False,False,False,0.03715670436187399,69,1857,0.043919846280538015,160,3643,0.08500229322733527,556,6541,False,False
Epuyen/18-19 Patient 16,p915,ANDV Epuyen/18-19 Patient 16,p915,II,I,Argentinean sequences,Chilean sequences,False,False,False,0.03827493261455526,71,1855,0.045317220543806644,165,3641,0.08490133088572739,555,6537,False,False
Epuyen/18-19 Patient 16,p201,ANDV Epuyen/18-19 Patient 16,p201,II,I,Argentinean sequences,Chilean sequences,False,False,False,0.037817396002161,70,1851,0.044468844359044746,162,3643,0.08459538014379685,553,6537,False,False
Epuyen/18-19 Patient 16,p1064,ANDV Epuyen/18-19 Patient 16,p1064,II,I,Argentinean sequences,Chilean sequences,False,False,False,0.03941684665226782,73,1852,0.04778906893710519,174,3641,0.04419636029974002,289,6539,False,False
Epuyen/18-19 Patient 16,CHI-7913,ANDV Epuyen/18-19 Patient 16,ANDV CHI-7913,II,I,Argentinean sequences,Chilean sequences,False,False,False,0.03995560488346282,72,1802,0.04236588720770289,154,3635,0.04299412310547479,278,6466,False,False
Epuyen/18-19 Patient 16,p1062,ANDV Epuyen/18-19 Patient 16,p1062,II,I,Argentinean sequences,Chilean sequences,False,False,False,0.03881401617250674,72,1855,0.03788086741696404,138,3643,0.04724048310655863,309,6541,False,False
Epuyen/18-19 Patient 16,p1058,ANDV Epuyen/18-19 Patient 16,p1058,II,I,Argentinean sequences,Chilean sequences,False,False,False,0.03769520732364028,70,1857,0.045841339555311555,167,3643,0.04649028903502064,304,6539,False,False
Epuyen/18-19 Patient 16,NRC-5/18,ANDV Epuyen/18-19 Patient 16,ANDV NRC-5/18,II,I,Argentinean sequences,Argentinean sequences,False,False,False,0.03715670436187399,69,1857,0.047149122807017545,172,3648,0.04764823042745519,311,6527,False,False
Epuyen/18-19 Patient 16,p1241,ANDV Epuyen/18-19 Patient 16,p1241,II,I,Argentinean sequences,Chilean sequences,False,False,False,0.03767491926803014,70,1858,0.045841339555311555,167,3643,0.04877675840978593,319,6540,False,False
Epuyen/18-19 Patient 16,p1313,ANDV Epuyen/18-19 Patient 16,p1313,II,I,Argentinean sequences,Chilean sequences,False,False,False,0.03344120819848975,62,1854,0.04529234147680483,165,3643,0.05077228934087781,332,6539,False,False
Epuyen/18-19 Patient 16,p126,ANDV Epuyen/18-19 Patient 16,p126,II,I,Argentinean sequences,Chilean sequences,False,False,False,0.03344120819848975,62,1854,0.04693933571232501,171,3643,0.050160575011469644,328,6539,False,False
Epuyen/18-19 Patient 16,136D,ANDV Epuyen/18-19 Patient 16,136D,II,I,Argentinean sequences,Chilean sequences,False,False,False,0.04065934065934066,74,1820,0.04857384919514261,172,3541,0.04892307692307692,318,6500,False,False
Epuyen/18-19 Patient 16,p1052,ANDV Epuyen/18-19 Patient 16,p1052,II,I,Argentinean sequences,Chilean sequences,False,False,False,0.03821313240043057,71,1858,0.04337084820203129,158,3643,0.048172503440893105,315,6539,False,False
Epuyen/18-19 Patient 16,131D,ANDV Epuyen/18-19 Patient 16,131D,II,I,Argentinean sequences,Chilean sequences,False,False,False,0.04054054054054054,75,1850,0.043952967525195966,157,3572,0.04920805781946794,320,6503,False,False
Epuyen/18-19 Patient 16,p127,ANDV Epuyen/18-19 Patient 16,p127,II,I,Argentinean sequences,Chilean sequences,False,False,False,0.039374325782092774,73,1854,0.04501784243755147,164,3643,0.04876930133007185,319,6541,False,False
Epuyen/18-19 Patient 16,p1427,ANDV Epuyen/18-19 Patient 16,p1427,II,I,Argentinean sequences,Chilean sequences,False,False,False,0.03725701943844492,69,1852,0.04199835300576448,153,3643,0.04617031035009937,302,6541,False,False
Epuyen/18-19 Patient 16,p1430,ANDV Epuyen/18-19 Patient 16,p1430,II,I,Argentinean sequences,Chilean sequences,False,False,False,0.03715670436187399,69,1857,0.04144935492725776,151,3643,0.046781837639504664,306,6541,False,False
Epuyen/18-19 Patient 16,ANDV-CH-LS-2016,ANDV Epuyen/18-19 Patient 16,ANDV-CH-LS-2016,II,I,Argentinean sequences,Chilean sequences,False,False,False,0.0384829894032348,69,1793,0.042429284525790346,153,3606,0.04760297096556381,282,5924,False,False
Epuyen/18-19 Patient 16,ANDV-CH-LS-2022,ANDV Epuyen/18-19 Patient 16,ANDV-CH-LS-2022,II,I,Argentinean sequences,Chilean sequences,False,False,False,0.03806818181818182,67,1760,0.04265264387963774,146,3423,0.047092743873137916,294,6243,False,False
Epuyen/18-19 Patient 16,ARG p19,ANDV Epuyen/18-19 Patient 16,ANDV ARG p19,II,III,Argentinean sequences,Argentinean sequences,False,False,False,0.04088219472834857,76,1859,0.03897886357397749,142,3643,0.04555984555984556,295,6475,False,False
Epuyen/18-19 Patient 16,ARG p3,ANDV Epuyen/18-19 Patient 16,ANDV ARG p3,II,III,Argentinean sequences,Argentinean sequences,False,False,False,0.040365984930032295,75,1858,0.03870436453472413,141,3643,0.044947255771288795,294,6541,False,False
Epuyen/18-19 Patient 16,ARG-M.a.,ANDV Epuyen/18-19 Patient 16,ANDV ARG-M.a.,II,III,Argentinean sequences,Argentinean sequences,False,False,False,0.04088219472834857,76,1859,0.03870436453472413,141,3643,0.045651501083255955,295,6462,False,False
Epuyen/18-19 Patient 16,ARG p9,ANDV Epuyen/18-19 Patient 16,ANDV ARG p9,II,III,Argentinean sequences,Argentinean sequences,False,False,False,0.04088219472834857,76,1859,0.03870436453472413,141,3643,0.04540540540540541,294,6475,False,False
Epuyen/18-19 Patient 16,p1316,ANDV Epuyen/18-19 Patient 16,p1316,II,III,Argentinean sequences,Chilean sequences,False,False,False,0.03881401617250674,72,1855,0.040625857809497665,148,3643,0.0446619761394922,292,6538,False,False
Epuyen/18-19 Patient 16,CHI-Hu13724 P2,ANDV Epuyen/18-19 Patient 16,ANDV CHI-Hu13724 P2,II,III,Argentinean sequences,Chilean sequences,False,False,False,0.04043126684636118,75,1855,0.04227285204501784,154,3643,0.04679614619972473,306,6539,False,False
Epuyen/18-19 Patient 16,p136,ANDV Epuyen/18-19 Patient 16,p136,II,III,Argentinean sequences,Chilean sequences,False,False,False,0.039892183288409704,74,1855,0.04227285204501784,154,3643,0.046781837639504664,306,6541,False,False
Epuyen/18-19 Patient 16,p137,ANDV Epuyen/18-19 Patient 16,p137,II,III,Argentinean sequences,Chilean sequences,False,False,False,0.039913700107874865,74,1854,0.04227285204501784,154,3643,0.046803303762618535,306,6538,False,False
Epuyen/18-19 Patient 16,CHI-Hu13724 P1,ANDV Epuyen/18-19 Patient 16,ANDV CHI-Hu13724 P1,II,III,Argentinean sequences,Chilean sequences,False,False,False,0.03980634749865519,74,1859,0.04227285204501784,154,3643,0.046781837639504664,306,6541,False,False
Epuyen/18-19 Patient 16,p1059,ANDV Epuyen/18-19 Patient 16,p1059,II,III,Argentinean sequences,Chilean sequences,False,True,False,0.03982777179763186,74,1858,0.044194345319791384,161,3643,0.046337360452668605,303,6539,False,False
Epuyen/18-19 Patient 16,NRC-4/18,ANDV Epuyen/18-19 Patient 16,ANDV NRC-4/18,II,III,Argentinean sequences,Argentinean sequences,False,True,False,0.040453074433656956,75,1854,0.04301369863013699,157,3650,0.044954128440366975,294,6540,False,False
Epuyen/18-19 Patient 16,NRC-3/18,ANDV Epuyen/18-19 Patient 16,ANDV NRC-3/18,II,III,Argentinean sequences,Argentinean sequences,False,True,False,0.04040948275862069,75,1856,0.04275143875034256,156,3649,0.044961003211500226,294,6539,False,False
Epuyen/18-19 Patient 16,132D,ANDV Epuyen/18-19 Patient 16,132D,II,III,Argentinean sequences,Chilean sequences,False,True,False,0.038939967550027044,72,1849,0.04678040726472207,170,3634,0.04731281580156178,309,6531,False,False
Epuyen/18-19 Patient 16,p1239,ANDV Epuyen/18-19 Patient 16,p1239,II,III,Argentinean sequences,Chilean sequences,False,True,False,0.03821313240043057,71,1858,0.043120021971985716,157,3641,0.04665748814440875,305,6537,False,False
Epuyen/18-19 Patient 16,p1242,ANDV Epuyen/18-19 Patient 16,p1242,II,III,Argentinean sequences,Chilean sequences,False,True,False,0.041442411194833155,77,1858,0.044194345319791384,161,3643,0.04649739981645763,304,6538,False,False
Epuyen/18-19 Patient 16,p931,ANDV Epuyen/18-19 Patient 16,p931,II,III,Argentinean sequences,Chilean sequences,False,True,False,0.04090419806243272,76,1858,0.044194345319791384,161,3643,0.045433685176686556,297,6537,False,False
Epuyen/18-19 Patient 16,p1236,ANDV Epuyen/18-19 Patient 16,p1236,II,III,Argentinean sequences,Chilean sequences,False,True,False,0.039289558665231435,73,1858,0.042547351084271205,155,3643,0.05105058365758755,328,6425,True,False
Epuyen/18-19 Patient 16,cruise,ANDV Epuyen/18-19 Patient 16,France-Case 9,II,III,Argentinean sequences,Cruise ship outbreak sequences,False,True,False,0.039502164502164504,73,1848,0.044481054365733116,162,3642,0.04555878306069408,298,6541,False,True
Epuyen/18-19 Patient 16,cruise,ANDV Epuyen/18-19 Patient 16,Spain-Case 10,II,III,Argentinean sequences,Cruise ship outbreak sequences,False,True,False,0.039587852494577004,73,1844,0.044468844359044746,162,3643,0.045593635250917995,298,6536,False,True
Epuyen/18-19 Patient 16,cruise,ANDV Epuyen/18-19 Patient 16,Spain-Case 12,II,III,Argentinean sequences,Cruise ship outbreak sequences,False,True,False,0.039587852494577004,73,1844,0.044468844359044746,162,3643,0.045593635250917995,298,6536,False,True
Epuyen/18-19 Patient 16,Switzerland-Case 7,ANDV Epuyen/18-19 Patient 16,Switzerland-Case 7,II,III,Argentinean sequences,Cruise ship outbreak sequences,False,True,False,0.039587852494577004,73,1844,0.044468844359044746,162,3643,0.04571166488304541,299,6541,False,True
Epuyen/18-19 Patient 16,cruise,ANDV Epuyen/18-19 Patient 16,Netherlands-Case 6,II,III,Argentinean sequences,Cruise ship outbreak sequences,False,True,False,0.04006586169045005,73,1822,0.04468965517241379,162,3625,0.04514452744397532,278,6158,False,True
Epuyen/18-19 Patient 16,cruise,ANDV Epuyen/18-19 Patient 16,Netherlands-Case 5,II,III,Argentinean sequences,Cruise ship outbreak sequences,False,True,False,0.04053303720155469,73,1801,0.045212019095759615,161,3561,0.045770836554816764,296,6467,False,True
Epuyen/18-19 Patient 16,cruise,ANDV Epuyen/18-19 Patient 16,Johannesburg-Case 2,II,III,Argentinean sequences,Cruise ship outbreak sequences,False,True,False,0.041500852757248435,73,1759,0.0448256779192031,162,3614,0.046108618288720406,298,6463,False,True
Epuyen/18-19 Patient 16,cruise,ANDV Epuyen/18-19 Patient 16,Johannesburg-Case 3,II,III,Argentinean sequences,Cruise ship outbreak sequences,False,True,False,0.04152445961319681,73,1758,0.04483430799220273,161,3591,0.04569150567310641,298,6522,False,True
Epuyen/18-19 Patient 16,cruise,ANDV Epuyen/18-19 Patient 16,Canada-Case 11_NPswab,II,III,Argentinean sequences,Cruise ship outbreak sequences,False,True,False,0.039597737272155875,63,1591,0.04665825977301387,148,3172,0.04586404586404586,280,6105,False,True
Epuyen/18-19 Patient 16,cruise,ANDV Epuyen/18-19 Patient 16,Canada-Case 11_blood,II,III,Argentinean sequences,Cruise ship outbreak sequences,False,True,False,0.042045454545454546,74,1760,0.04512331838565022,161,3568,0.045964642582628744,299,6505,False,True
Epuyen/18-19 Patient 29,Epuyen/18-19 Patient 19,ANDV Epuyen/18-19 Patient 29,ANDV Epuyen/18-19 Patient 19,II,II,Argentinean sequences,Argentinean sequences,False,False,True,0.0,0,1861,0.0,0,3655,0.0,0,6542,False,False
Epuyen/18-19 Patient 29,Epuyen/18-19 Patient 9,ANDV Epuyen/18-19 Patient 29,ANDV Epuyen/18-19 Patient 9,II,II,Argentinean sequences,Argentinean sequences,False,False,True,0.0,0,1860,0.0,0,3665,0.0,0,6542,False,False
Epuyen/18-19 Patient 29,Epuyen/18-19 Patient 20,ANDV Epuyen/18-19 Patient 29,ANDV Epuyen/18-19 Patient 20,II,II,Argentinean sequences,Argentinean sequences,False,False,True,0.0,0,1858,0.0,0,3654,0.0,0,6538,False,False
Epuyen/18-19 Patient 29,Epuyen/18-19 Patient 8,ANDV Epuyen/18-19 Patient 29,ANDV Epuyen/18-19 Patient 8,II,II,Argentinean sequences,Argentinean sequences,False,False,True,0.0,0,1854,0.0,0,3654,0.0,0,6542,False,False
Epuyen/18-19 Patient 29,Epuyen/18-19 Patient 14,ANDV Epuyen/18-19 Patient 29,ANDV Epuyen/18-19 Patient 14,II,II,Argentinean sequences,Argentinean sequences,False,False,True,0.0,0,1854,0.0,0,3657,0.0,0,6542,False,False
Epuyen/18-19 Patient 29,Epuyen/18-19 Patient 11,ANDV Epuyen/18-19 Patient 29,ANDV Epuyen/18-19 Patient 11,II,II,Argentinean sequences,Argentinean sequences,False,False,True,0.0,0,1844,0.0,0,3645,0.0,0,6522,False,False
Epuyen/18-19 Patient 29,Epuyen/18-19 Patient 27,ANDV Epuyen/18-19 Patient 29,ANDV Epuyen/18-19 Patient 27,II,II,Argentinean sequences,Argentinean sequences,False,False,True,0.0,0,1848,0.0,0,3647,0.0,0,6533,False,False
Epuyen/18-19 Patient 29,Epuyen/18-19 Patient 5,ANDV Epuyen/18-19 Patient 29,ANDV Epuyen/18-19 Patient 5,II,II,Argentinean sequences,Argentinean sequences,False,False,True,0.0,0,1849,0.0,0,3649,0.0,0,6540,False,False
Epuyen/18-19 Patient 29,Epuyen,ANDV Epuyen/18-19 Patient 29,ANDV Epuyen,II,II,Argentinean sequences,Argentinean sequences,False,False,True,0.0005443658138268917,1,1837,0.0005483959418700301,2,3647,0.0001544878727019929,1,6473,False,False
Epuyen/18-19 Patient 29,p334,ANDV Epuyen/18-19 Patient 29,p334,II,I,Argentinean sequences,Chilean sequences,False,False,False,0.04800431499460626,89,1854,0.06867305061559507,251,3655,0.0654234179150107,428,6542,False,False
Epuyen/18-19 Patient 29,p1060,ANDV Epuyen/18-19 Patient 29,p1060,II,I,Argentinean sequences,Chilean sequences,False,False,False,0.04265658747300216,79,1852,0.06591903719912473,241,3656,0.07110091743119266,465,6540,False,False
Epuyen/18-19 Patient 29,p1056,ANDV Epuyen/18-19 Patient 29,p1056,II,I,Argentinean sequences,Chilean sequences,False,False,False,0.043149946062567425,80,1854,0.04567833698030634,167,3656,0.04724770642201835,309,6540,False,False
Epuyen/18-19 Patient 29,NRC-2/97,ANDV Epuyen/18-19 Patient 29,ANDV NRC-2/97,II,I,Argentinean sequences,Argentinean sequences,False,False,False,0.04162162162162162,77,1850,0.04470652770159078,163,3646,0.04648299215022318,302,6497,False,False
Epuyen/18-19 Patient 29,p115D,ANDV Epuyen/18-19 Patient 29,p115D,II,I,Argentinean sequences,Chilean sequences,False,False,False,0.03713670613562971,69,1858,0.043823609969871266,160,3651,0.08498929990828492,556,6542,False,False
Epuyen/18-19 Patient 29,p915,ANDV Epuyen/18-19 Patient 29,p915,II,I,Argentinean sequences,Chilean sequences,False,False,False,0.03823371028540657,71,1857,0.04521786790901617,165,3649,0.08488834505965127,555,6538,False,False
Epuyen/18-19 Patient 29,p201,ANDV Epuyen/18-19 Patient 29,p201,II,I,Argentinean sequences,Chilean sequences,False,False,False,0.037817396002161,70,1851,0.04434711196277032,162,3653,0.08458244111349036,553,6538,False,False
Epuyen/18-19 Patient 29,p1064,ANDV Epuyen/18-19 Patient 29,p1064,II,I,Argentinean sequences,Chilean sequences,False,False,False,0.03941684665226782,73,1852,0.04768429706768978,174,3649,0.04418960244648318,289,6540,False,False
Epuyen/18-19 Patient 29,CHI-7913,ANDV Epuyen/18-19 Patient 29,ANDV CHI-7913,II,I,Argentinean sequences,Chilean sequences,False,False,False,0.03995560488346282,72,1802,0.04229607250755287,154,3641,0.04299412310547479,278,6466,False,False
Epuyen/18-19 Patient 29,p1062,ANDV Epuyen/18-19 Patient 29,p1062,II,I,Argentinean sequences,Chilean sequences,False,False,False,0.03881401617250674,72,1855,0.03774617067833698,138,3656,0.047233261999388564,309,6542,False,False
Epuyen/18-19 Patient 29,p1058,ANDV Epuyen/18-19 Patient 29,p1058,II,I,Argentinean sequences,Chilean sequences,False,False,False,0.037654653039268425,70,1859,0.04567833698030634,167,3656,0.046483180428134555,304,6540,False,False
Epuyen/18-19 Patient 29,NRC-5/18,ANDV Epuyen/18-19 Patient 29,ANDV NRC-5/18,II,I,Argentinean sequences,Argentinean sequences,False,False,False,0.03715670436187399,69,1857,0.047123287671232875,172,3650,0.04764823042745519,311,6527,False,False
Epuyen/18-19 Patient 29,p1241,ANDV Epuyen/18-19 Patient 29,p1241,II,I,Argentinean sequences,Chilean sequences,False,False,False,0.03763440860215054,70,1860,0.04566584632212196,167,3657,0.04876930133007185,319,6541,False,False
Epuyen/18-19 Patient 29,p1313,ANDV Epuyen/18-19 Patient 29,p1313,II,I,Argentinean sequences,Chilean sequences,False,False,False,0.03344120819848975,62,1854,0.0451559934318555,165,3654,0.05076452599388379,332,6540,False,False
Epuyen/18-19 Patient 29,p126,ANDV Epuyen/18-19 Patient 29,p126,II,I,Argentinean sequences,Chilean sequences,False,False,False,0.03344120819848975,62,1854,0.046798029556650245,171,3654,0.05015290519877676,328,6540,False,False
Epuyen/18-19 Patient 29,136D,ANDV Epuyen/18-19 Patient 29,136D,II,I,Argentinean sequences,Chilean sequences,False,False,False,0.04065934065934066,74,1820,0.04857384919514261,172,3541,0.04892307692307692,318,6500,False,False
Epuyen/18-19 Patient 29,p1052,ANDV Epuyen/18-19 Patient 29,p1052,II,I,Argentinean sequences,Chilean sequences,False,False,False,0.03821313240043057,71,1858,0.04321663019693654,158,3656,0.0481651376146789,315,6540,False,False
Epuyen/18-19 Patient 29,131D,ANDV Epuyen/18-19 Patient 29,131D,II,I,Argentinean sequences,Chilean sequences,False,False,False,0.04054054054054054,75,1850,0.043952967525195966,157,3572,0.04920805781946794,320,6503,False,False
Epuyen/18-19 Patient 29,p127,ANDV Epuyen/18-19 Patient 29,p127,II,I,Argentinean sequences,Chilean sequences,False,False,False,0.039374325782092774,73,1854,0.04488232074438971,164,3654,0.04876184653011312,319,6542,False,False
Epuyen/18-19 Patient 29,p1427,ANDV Epuyen/18-19 Patient 29,p1427,II,I,Argentinean sequences,Chilean sequences,False,False,False,0.03725701943844492,69,1852,0.04187192118226601,153,3654,0.04616325282788138,302,6542,False,False
Epuyen/18-19 Patient 29,p1430,ANDV Epuyen/18-19 Patient 29,p1430,II,I,Argentinean sequences,Chilean sequences,False,False,False,0.03715670436187399,69,1857,0.041290675417008475,151,3657,0.046774686640171204,306,6542,False,False
Epuyen/18-19 Patient 29,ANDV-CH-LS-2016,ANDV Epuyen/18-19 Patient 29,ANDV-CH-LS-2016,II,I,Argentinean sequences,Chilean sequences,False,False,False,0.0384829894032348,69,1793,0.042429284525790346,153,3606,0.04760297096556381,282,5924,False,False
Epuyen/18-19 Patient 29,ANDV-CH-LS-2022,ANDV Epuyen/18-19 Patient 29,ANDV-CH-LS-2022,II,I,Argentinean sequences,Chilean sequences,False,False,False,0.03806818181818182,67,1760,0.04265264387963774,146,3423,0.047092743873137916,294,6243,False,False
Epuyen/18-19 Patient 29,ARG p19,ANDV Epuyen/18-19 Patient 29,ANDV ARG p19,II,III,Argentinean sequences,Argentinean sequences,False,False,False,0.04083825900053734,76,1861,0.038829641782882146,142,3657,0.04555984555984556,295,6475,False,False
Epuyen/18-19 Patient 29,ARG p3,ANDV Epuyen/18-19 Patient 29,ANDV ARG p3,II,III,Argentinean sequences,Argentinean sequences,False,False,False,0.04032258064516129,75,1860,0.038619556285949055,141,3651,0.04494038520330174,294,6542,False,False
Epuyen/18-19 Patient 29,ARG-M.a.,ANDV Epuyen/18-19 Patient 29,ANDV ARG-M.a.,II,III,Argentinean sequences,Argentinean sequences,False,False,False,0.04083825900053734,76,1861,0.038619556285949055,141,3651,0.045651501083255955,295,6462,False,False
Epuyen/18-19 Patient 29,ARG p9,ANDV Epuyen/18-19 Patient 29,ANDV ARG p9,II,III,Argentinean sequences,Argentinean sequences,False,False,False,0.04083825900053734,76,1861,0.03855619360131255,141,3657,0.04540540540540541,294,6475,False,False
Epuyen/18-19 Patient 29,p1316,ANDV Epuyen/18-19 Patient 29,p1316,II,III,Argentinean sequences,Chilean sequences,False,False,False,0.03881401617250674,72,1855,0.04048140043763676,148,3656,0.04465514604679614,292,6539,False,False
Epuyen/18-19 Patient 29,CHI-Hu13724 P2,ANDV Epuyen/18-19 Patient 29,ANDV CHI-Hu13724 P2,II,III,Argentinean sequences,Chilean sequences,False,False,False,0.04043126684636118,75,1855,0.04212253829321663,154,3656,0.046788990825688076,306,6540,False,False
Epuyen/18-19 Patient 29,p136,ANDV Epuyen/18-19 Patient 29,p136,II,III,Argentinean sequences,Chilean sequences,False,False,False,0.039892183288409704,74,1855,0.0421455938697318,154,3654,0.046774686640171204,306,6542,False,False
Epuyen/18-19 Patient 29,p137,ANDV Epuyen/18-19 Patient 29,p137,II,III,Argentinean sequences,Chilean sequences,False,False,False,0.039913700107874865,74,1854,0.04215713112510266,154,3653,0.04679614619972473,306,6539,False,False
Epuyen/18-19 Patient 29,CHI-Hu13724 P1,ANDV Epuyen/18-19 Patient 29,ANDV CHI-Hu13724 P1,II,III,Argentinean sequences,Chilean sequences,False,False,False,0.039763567974207416,74,1861,0.0421455938697318,154,3654,0.046774686640171204,306,6542,False,False
Epuyen/18-19 Patient 29,p1059,ANDV Epuyen/18-19 Patient 29,p1059,II,III,Argentinean sequences,Chilean sequences,False,True,False,0.03982777179763186,74,1858,0.044061302681992334,161,3654,0.0463302752293578,303,6540,False,False
Epuyen/18-19 Patient 29,NRC-4/18,ANDV Epuyen/18-19 Patient 29,ANDV NRC-4/18,II,III,Argentinean sequences,Argentinean sequences,False,True,False,0.040453074433656956,75,1854,0.04294310722100656,157,3656,0.044947255771288795,294,6541,False,False
Epuyen/18-19 Patient 29,NRC-3/18,ANDV Epuyen/18-19 Patient 29,ANDV NRC-3/18,II,III,Argentinean sequences,Argentinean sequences,False,True,False,0.04040948275862069,75,1856,0.0426812585499316,156,3655,0.044961003211500226,294,6539,False,False
Epuyen/18-19 Patient 29,132D,ANDV Epuyen/18-19 Patient 29,132D,II,III,Argentinean sequences,Chilean sequences,False,True,False,0.038939967550027044,72,1849,0.04678040726472207,170,3634,0.04730557256582976,309,6532,False,False
Epuyen/18-19 Patient 29,p1239,ANDV Epuyen/18-19 Patient 29,p1239,II,III,Argentinean sequences,Chilean sequences,False,True,False,0.038172043010752686,71,1860,0.043025486434639625,157,3649,0.04665035178953809,305,6538,False,False
Epuyen/18-19 Patient 29,p1242,ANDV Epuyen/18-19 Patient 29,p1242,II,III,Argentinean sequences,Chilean sequences,False,True,False,0.04139784946236559,77,1860,0.044097507532182965,161,3651,0.04649028903502064,304,6539,False,False
Epuyen/18-19 Patient 29,p931,ANDV Epuyen/18-19 Patient 29,p931,II,III,Argentinean sequences,Chilean sequences,False,True,False,0.04086021505376344,76,1860,0.044097507532182965,161,3651,0.04542673600489446,297,6538,False,False
Epuyen/18-19 Patient 29,p1236,ANDV Epuyen/18-19 Patient 29,p1236,II,III,Argentinean sequences,Chilean sequences,False,True,False,0.03924731182795699,73,1860,0.04243087872981111,155,3653,0.05105058365758755,328,6425,True,False
Epuyen/18-19 Patient 29,cruise,ANDV Epuyen/18-19 Patient 29,France-Case 9,II,III,Argentinean sequences,Cruise ship outbreak sequences,False,True,False,0.039502164502164504,73,1848,0.044407894736842105,162,3648,0.04555181901559156,298,6542,False,True
Epuyen/18-19 Patient 29,cruise,ANDV Epuyen/18-19 Patient 29,Spain-Case 10,II,III,Argentinean sequences,Cruise ship outbreak sequences,False,True,False,0.039587852494577004,73,1844,0.04439572485612497,162,3649,0.04558666054765183,298,6537,False,True
Epuyen/18-19 Patient 29,cruise,ANDV Epuyen/18-19 Patient 29,Spain-Case 12,II,III,Argentinean sequences,Cruise ship outbreak sequences,False,True,False,0.039587852494577004,73,1844,0.04439572485612497,162,3649,0.04558666054765183,298,6537,False,True
Epuyen/18-19 Patient 29,Switzerland-Case 7,ANDV Epuyen/18-19 Patient 29,Switzerland-Case 7,II,III,Argentinean sequences,Cruise ship outbreak sequences,False,True,False,0.039587852494577004,73,1844,0.04439572485612497,162,3649,0.045704677468664016,299,6542,False,True
Epuyen/18-19 Patient 29,cruise,ANDV Epuyen/18-19 Patient 29,Netherlands-Case 6,II,III,Argentinean sequences,Cruise ship outbreak sequences,False,True,False,0.04006586169045005,73,1822,0.04468965517241379,162,3625,0.04514452744397532,278,6158,False,True
Epuyen/18-19 Patient 29,cruise,ANDV Epuyen/18-19 Patient 29,Netherlands-Case 5,II,III,Argentinean sequences,Cruise ship outbreak sequences,False,True,False,0.04053303720155469,73,1801,0.045212019095759615,161,3561,0.045763760049474335,296,6468,False,True
Epuyen/18-19 Patient 29,cruise,ANDV Epuyen/18-19 Patient 29,Johannesburg-Case 2,II,III,Argentinean sequences,Cruise ship outbreak sequences,False,True,False,0.041500852757248435,73,1759,0.0448256779192031,162,3614,0.046108618288720406,298,6463,False,True
Epuyen/18-19 Patient 29,cruise,ANDV Epuyen/18-19 Patient 29,Johannesburg-Case 3,II,III,Argentinean sequences,Cruise ship outbreak sequences,False,True,False,0.04152445961319681,73,1758,0.04483430799220273,161,3591,0.04569150567310641,298,6522,False,True
Epuyen/18-19 Patient 29,cruise,ANDV Epuyen/18-19 Patient 29,Canada-Case 11_NPswab,II,III,Argentinean sequences,Cruise ship outbreak sequences,False,True,False,0.039597737272155875,63,1591,0.04665825977301387,148,3172,0.04586404586404586,280,6105,False,True
Epuyen/18-19 Patient 29,cruise,ANDV Epuyen/18-19 Patient 29,Canada-Case 11_blood,II,III,Argentinean sequences,Cruise ship outbreak sequences,False,True,False,0.042045454545454546,74,1760,0.04512331838565022,161,3568,0.045964642582628744,299,6505,False,True
Epuyen/18-19 Patient 19,Epuyen/18-19 Patient 9,ANDV Epuyen/18-19 Patient 19,ANDV Epuyen/18-19 Patient 9,II,II,Argentinean sequences,Argentinean sequences,False,False,True,0.0,0,1864,0.0,0,3656,0.0,0,6545,False,False
Epuyen/18-19 Patient 19,Epuyen/18-19 Patient 20,ANDV Epuyen/18-19 Patient 19,ANDV Epuyen/18-19 Patient 20,II,II,Argentinean sequences,Argentinean sequences,False,False,True,0.0,0,1862,0.0,0,3655,0.0,0,6539,False,False
Epuyen/18-19 Patient 19,Epuyen/18-19 Patient 8,ANDV Epuyen/18-19 Patient 19,ANDV Epuyen/18-19 Patient 8,II,II,Argentinean sequences,Argentinean sequences,False,False,True,0.0,0,1858,0.0,0,3654,0.0,0,6543,False,False
Epuyen/18-19 Patient 19,Epuyen/18-19 Patient 14,ANDV Epuyen/18-19 Patient 19,ANDV Epuyen/18-19 Patient 14,II,II,Argentinean sequences,Argentinean sequences,False,False,True,0.0,0,1855,0.0,0,3656,0.0,0,6543,False,False
Epuyen/18-19 Patient 19,Epuyen/18-19 Patient 11,ANDV Epuyen/18-19 Patient 19,ANDV Epuyen/18-19 Patient 11,II,II,Argentinean sequences,Argentinean sequences,False,False,True,0.0,0,1844,0.0,0,3645,0.0,0,6522,False,False
Epuyen/18-19 Patient 19,Epuyen/18-19 Patient 27,ANDV Epuyen/18-19 Patient 19,ANDV Epuyen/18-19 Patient 27,II,II,Argentinean sequences,Argentinean sequences,False,False,True,0.0,0,1848,0.0,0,3647,0.0,0,6533,False,False
Epuyen/18-19 Patient 19,Epuyen/18-19 Patient 5,ANDV Epuyen/18-19 Patient 19,ANDV Epuyen/18-19 Patient 5,II,II,Argentinean sequences,Argentinean sequences,False,False,True,0.0,0,1849,0.0,0,3649,0.0,0,6540,False,False
Epuyen/18-19 Patient 19,Epuyen,ANDV Epuyen/18-19 Patient 19,ANDV Epuyen,II,II,Argentinean sequences,Argentinean sequences,False,False,True,0.0005431830526887561,1,1841,0.0005483959418700301,2,3647,0.00015446400988569664,1,6474,False,False
Epuyen/18-19 Patient 19,p334,ANDV Epuyen/18-19 Patient 19,p334,II,I,Argentinean sequences,Chilean sequences,False,False,False,0.04790096878363832,89,1858,0.06886145404663924,251,3645,0.06538344026886649,428,6546,False,False
Epuyen/18-19 Patient 19,p1060,ANDV Epuyen/18-19 Patient 19,p1060,II,I,Argentinean sequences,Chilean sequences,False,False,False,0.04256465517241379,79,1856,0.06609983543609435,241,3646,0.07105745721271393,465,6544,False,False
Epuyen/18-19 Patient 19,p1056,ANDV Epuyen/18-19 Patient 19,p1056,II,I,Argentinean sequences,Chilean sequences,False,False,False,0.04305705059203445,80,1858,0.0458036204059243,167,3646,0.04721882640586797,309,6544,False,False
Epuyen/18-19 Patient 19,NRC-2/97,ANDV Epuyen/18-19 Patient 19,ANDV NRC-2/97,II,I,Argentinean sequences,Argentinean sequences,False,False,False,0.04162162162162162,77,1850,0.04470652770159078,163,3646,0.04648299215022318,302,6497,False,False
Epuyen/18-19 Patient 19,p115D,ANDV Epuyen/18-19 Patient 19,p115D,II,I,Argentinean sequences,Chilean sequences,False,False,False,0.03705692803437164,69,1862,0.043943971436418566,160,3641,0.08492439285168779,556,6547,False,False
Epuyen/18-19 Patient 19,p915,ANDV Epuyen/18-19 Patient 19,p915,II,I,Argentinean sequences,Chilean sequences,False,False,False,0.03815153143471252,71,1861,0.04534212695795548,165,3639,0.08483644145521248,555,6542,False,False
Epuyen/18-19 Patient 19,p201,ANDV Epuyen/18-19 Patient 19,p201,II,I,Argentinean sequences,Chilean sequences,False,False,False,0.03773584905660377,70,1855,0.044468844359044746,162,3643,0.08453072454906756,553,6542,False,False
Epuyen/18-19 Patient 19,p1064,ANDV Epuyen/18-19 Patient 19,p1064,II,I,Argentinean sequences,Chilean sequences,False,False,False,0.03933189655172414,73,1856,0.04781533388293487,174,3639,0.044162591687041564,289,6544,False,False
Epuyen/18-19 Patient 19,CHI-7913,ANDV Epuyen/18-19 Patient 19,ANDV CHI-7913,II,I,Argentinean sequences,Chilean sequences,False,False,False,0.03995560488346282,72,1802,0.04238921001926782,154,3633,0.04299412310547479,278,6466,False,False
Epuyen/18-19 Patient 19,p1062,ANDV Epuyen/18-19 Patient 19,p1062,II,I,Argentinean sequences,Chilean sequences,False,False,False,0.038730500268961805,72,1859,0.03784969829950631,138,3646,0.04720439963336388,309,6546,False,False
Epuyen/18-19 Patient 19,p1058,ANDV Epuyen/18-19 Patient 19,p1058,II,I,Argentinean sequences,Chilean sequences,False,False,False,0.03757380568974772,70,1863,0.0458036204059243,167,3646,0.04645476772616137,304,6544,False,False
Epuyen/18-19 Patient 19,NRC-5/18,ANDV Epuyen/18-19 Patient 19,ANDV NRC-5/18,II,I,Argentinean sequences,Argentinean sequences,False,False,False,0.03715670436187399,69,1857,0.047123287671232875,172,3650,0.04764823042745519,311,6527,False,False
Epuyen/18-19 Patient 19,p1241,ANDV Epuyen/18-19 Patient 19,p1241,II,I,Argentinean sequences,Chilean sequences,False,False,False,0.03755364806866953,70,1864,0.04577850877192982,167,3648,0.048732050106935536,319,6546,False,False
Epuyen/18-19 Patient 19,p1313,ANDV Epuyen/18-19 Patient 19,p1313,II,I,Argentinean sequences,Chilean sequences,False,False,False,0.03336921420882669,62,1858,0.045279912184412734,165,3644,0.050733496332518335,332,6544,False,False
Epuyen/18-19 Patient 19,p126,ANDV Epuyen/18-19 Patient 19,p126,II,I,Argentinean sequences,Chilean sequences,False,False,False,0.03336921420882669,62,1858,0.0469264544456641,171,3644,0.05012224938875306,328,6544,False,False
Epuyen/18-19 Patient 19,136D,ANDV Epuyen/18-19 Patient 19,136D,II,I,Argentinean sequences,Chilean sequences,False,False,False,0.04065934065934066,74,1820,0.04857384919514261,172,3541,0.04892307692307692,318,6500,False,False
Epuyen/18-19 Patient 19,p1052,ANDV Epuyen/18-19 Patient 19,p1052,II,I,Argentinean sequences,Chilean sequences,False,False,False,0.038131041890440386,71,1862,0.04333516182117389,158,3646,0.048135696821515896,315,6544,False,False
Epuyen/18-19 Patient 19,131D,ANDV Epuyen/18-19 Patient 19,131D,II,I,Argentinean sequences,Chilean sequences,False,False,False,0.04054054054054054,75,1850,0.043952967525195966,157,3572,0.04920805781946794,320,6503,False,False
Epuyen/18-19 Patient 19,p127,ANDV Epuyen/18-19 Patient 19,p127,II,I,Argentinean sequences,Chilean sequences,False,False,False,0.039289558665231435,73,1858,0.04500548847420417,164,3644,0.048732050106935536,319,6546,False,False
Epuyen/18-19 Patient 19,p1427,ANDV Epuyen/18-19 Patient 19,p1427,II,I,Argentinean sequences,Chilean sequences,False,False,False,0.037176724137931036,69,1856,0.04198682766190999,153,3644,0.04612799755613258,302,6547,False,False
Epuyen/18-19 Patient 19,p1430,ANDV Epuyen/18-19 Patient 19,p1430,II,I,Argentinean sequences,Chilean sequences,False,False,False,0.03707684040838259,69,1861,0.04139254385964912,151,3648,0.046738964411180695,306,6547,False,False
Epuyen/18-19 Patient 19,ANDV-CH-LS-2016,ANDV Epuyen/18-19 Patient 19,ANDV-CH-LS-2016,II,I,Argentinean sequences,Chilean sequences,False,False,False,0.0384829894032348,69,1793,0.042429284525790346,153,3606,0.04760297096556381,282,5924,False,False
Epuyen/18-19 Patient 19,ANDV-CH-LS-2022,ANDV Epuyen/18-19 Patient 19,ANDV-CH-LS-2022,II,I,Argentinean sequences,Chilean sequences,False,False,False,0.03806818181818182,67,1760,0.04265264387963774,146,3423,0.047092743873137916,294,6243,False,False
Epuyen/18-19 Patient 19,ARG p19,ANDV Epuyen/18-19 Patient 19,ANDV ARG p19,II,III,Argentinean sequences,Argentinean sequences,False,False,False,0.04075067024128686,76,1865,0.03892543859649123,142,3648,0.04555984555984556,295,6475,False,False
Epuyen/18-19 Patient 19,ARG p3,ANDV Epuyen/18-19 Patient 19,ANDV ARG p3,II,III,Argentinean sequences,Argentinean sequences,False,False,False,0.04032258064516129,75,1860,0.038651315789473686,141,3648,0.04493351673544246,294,6543,False,False
Epuyen/18-19 Patient 19,ARG-M.a.,ANDV Epuyen/18-19 Patient 19,ANDV ARG-M.a.,II,III,Argentinean sequences,Argentinean sequences,False,False,False,0.04075067024128686,76,1865,0.03872562482834386,141,3641,0.045651501083255955,295,6462,False,False
Epuyen/18-19 Patient 19,ARG p9,ANDV Epuyen/18-19 Patient 19,ANDV ARG p9,II,III,Argentinean sequences,Argentinean sequences,False,False,False,0.04075067024128686,76,1865,0.038651315789473686,141,3648,0.04540540540540541,294,6475,False,False
Epuyen/18-19 Patient 19,p1316,ANDV Epuyen/18-19 Patient 19,p1316,II,III,Argentinean sequences,Chilean sequences,False,False,False,0.038730500268961805,72,1859,0.0405924300603401,148,3646,0.0446278465535687,292,6543,False,False
Epuyen/18-19 Patient 19,CHI-Hu13724 P2,ANDV Epuyen/18-19 Patient 19,ANDV CHI-Hu13724 P2,II,III,Argentinean sequences,Chilean sequences,False,False,False,0.04034427111350188,75,1859,0.042238069116840374,154,3646,0.04676039119804401,306,6544,False,False
Epuyen/18-19 Patient 19,p136,ANDV Epuyen/18-19 Patient 19,p136,II,III,Argentinean sequences,Chilean sequences,False,False,False,0.03980634749865519,74,1859,0.04226125137211855,154,3644,0.04674610449129239,306,6546,False,False
Epuyen/18-19 Patient 19,p137,ANDV Epuyen/18-19 Patient 19,p137,II,III,Argentinean sequences,Chilean sequences,False,False,False,0.03984921917070544,74,1857,0.04227285204501784,154,3643,0.04676753782668501,306,6543,False,False
Epuyen/18-19 Patient 19,CHI-Hu13724 P1,ANDV Epuyen/18-19 Patient 19,ANDV CHI-Hu13724 P1,II,III,Argentinean sequences,Chilean sequences,False,False,False,0.03967828418230563,74,1865,0.04226125137211855,154,3644,0.046738964411180695,306,6547,False,False
Epuyen/18-19 Patient 19,p1059,ANDV Epuyen/18-19 Patient 19,p1059,II,III,Argentinean sequences,Chilean sequences,False,True,False,0.0397422126745435,74,1862,0.04418221734357849,161,3644,0.04630195599022005,303,6544,False,False
Epuyen/18-19 Patient 19,NRC-4/18,ANDV Epuyen/18-19 Patient 19,ANDV NRC-4/18,II,III,Argentinean sequences,Argentinean sequences,False,True,False,0.040365984930032295,75,1858,0.04294310722100656,157,3656,0.044926650366748165,294,6544,False,False
Epuyen/18-19 Patient 19,NRC-3/18,ANDV Epuyen/18-19 Patient 19,ANDV NRC-3/18,II,III,Argentinean sequences,Argentinean sequences,False,True,False,0.04040948275862069,75,1856,0.0426812585499316,156,3655,0.044954128440366975,294,6540,False,False
Epuyen/18-19 Patient 19,132D,ANDV Epuyen/18-19 Patient 19,132D,II,III,Argentinean sequences,Chilean sequences,False,True,False,0.03891891891891892,72,1850,0.04678040726472207,170,3634,0.04728385615914307,309,6535,False,False
Epuyen/18-19 Patient 19,p1239,ANDV Epuyen/18-19 Patient 19,p1239,II,III,Argentinean sequences,Chilean sequences,False,True,False,0.038090128755364806,71,1864,0.043143720802418246,157,3639,0.04662182818709874,305,6542,False,False
Epuyen/18-19 Patient 19,p1242,ANDV Epuyen/18-19 Patient 19,p1242,II,III,Argentinean sequences,Chilean sequences,False,True,False,0.04130901287553648,77,1864,0.04421862125789618,161,3641,0.04646186764481125,304,6543,False,False
Epuyen/18-19 Patient 19,p931,ANDV Epuyen/18-19 Patient 19,p931,II,III,Argentinean sequences,Chilean sequences,False,True,False,0.0407725321888412,76,1864,0.04421862125789618,161,3641,0.04539896056251911,297,6542,False,False
Epuyen/18-19 Patient 19,p1236,ANDV Epuyen/18-19 Patient 19,p1236,II,III,Argentinean sequences,Chilean sequences,False,True,False,0.039163090128755365,73,1864,0.042547351084271205,155,3643,0.05105058365758755,328,6425,True,False
Epuyen/18-19 Patient 19,cruise,ANDV Epuyen/18-19 Patient 19,France-Case 9,II,III,Argentinean sequences,Cruise ship outbreak sequences,False,True,False,0.03941684665226782,73,1852,0.044407894736842105,162,3648,0.045530939648586705,298,6545,False,True
Epuyen/18-19 Patient 19,cruise,ANDV Epuyen/18-19 Patient 19,Spain-Case 10,II,III,Argentinean sequences,Cruise ship outbreak sequences,False,True,False,0.03952355170546833,73,1847,0.044468844359044746,162,3643,0.04557271754090839,298,6539,False,True
Epuyen/18-19 Patient 19,cruise,ANDV Epuyen/18-19 Patient 19,Spain-Case 12,II,III,Argentinean sequences,Cruise ship outbreak sequences,False,True,False,0.03952355170546833,73,1847,0.044468844359044746,162,3643,0.04557271754090839,298,6539,False,True
Epuyen/18-19 Patient 19,Switzerland-Case 7,ANDV Epuyen/18-19 Patient 19,Switzerland-Case 7,II,III,Argentinean sequences,Cruise ship outbreak sequences,False,True,False,0.03952355170546833,73,1847,0.044468844359044746,162,3643,0.045669772414846495,299,6547,False,True
Epuyen/18-19 Patient 19,cruise,ANDV Epuyen/18-19 Patient 19,Netherlands-Case 6,II,III,Argentinean sequences,Cruise ship outbreak sequences,False,True,False,0.04006586169045005,73,1822,0.04468965517241379,162,3625,0.04514452744397532,278,6158,False,True
Epuyen/18-19 Patient 19,cruise,ANDV Epuyen/18-19 Patient 19,Netherlands-Case 5,II,III,Argentinean sequences,Cruise ship outbreak sequences,False,True,False,0.04053303720155469,73,1801,0.045212019095759615,161,3561,0.04574961360123648,296,6470,False,True
Epuyen/18-19 Patient 19,cruise,ANDV Epuyen/18-19 Patient 19,Johannesburg-Case 2,II,III,Argentinean sequences,Cruise ship outbreak sequences,False,True,False,0.041500852757248435,73,1759,0.0448256779192031,162,3614,0.046108618288720406,298,6463,False,True
Epuyen/18-19 Patient 19,cruise,ANDV Epuyen/18-19 Patient 19,Johannesburg-Case 3,II,III,Argentinean sequences,Cruise ship outbreak sequences,False,True,False,0.04152445961319681,73,1758,0.04483430799220273,161,3591,0.04569150567310641,298,6522,False,True
Epuyen/18-19 Patient 19,cruise,ANDV Epuyen/18-19 Patient 19,Canada-Case 11_NPswab,II,III,Argentinean sequences,Cruise ship outbreak sequences,False,True,False,0.039597737272155875,63,1591,0.04665825977301387,148,3172,0.04586404586404586,280,6105,False,True
Epuyen/18-19 Patient 19,cruise,ANDV Epuyen/18-19 Patient 19,Canada-Case 11_blood,II,III,Argentinean sequences,Cruise ship outbreak sequences,False,True,False,0.042045454545454546,74,1760,0.04512331838565022,161,3568,0.045964642582628744,299,6505,False,True
Epuyen/18-19 Patient 9,Epuyen/18-19 Patient 20,ANDV Epuyen/18-19 Patient 9,ANDV Epuyen/18-19 Patient 20,II,II,Argentinean sequences,Argentinean sequences,False,False,True,0.0,0,1862,0.0,0,3655,0.0,0,6539,False,False
Epuyen/18-19 Patient 9,Epuyen/18-19 Patient 8,ANDV Epuyen/18-19 Patient 9,ANDV Epuyen/18-19 Patient 8,II,II,Argentinean sequences,Argentinean sequences,False,False,True,0.0,0,1858,0.0,0,3654,0.0,0,6543,False,False
Epuyen/18-19 Patient 9,Epuyen/18-19 Patient 14,ANDV Epuyen/18-19 Patient 9,ANDV Epuyen/18-19 Patient 14,II,II,Argentinean sequences,Argentinean sequences,False,False,True,0.0,0,1855,0.0,0,3658,0.0,0,6543,False,False
Epuyen/18-19 Patient 9,Epuyen/18-19 Patient 11,ANDV Epuyen/18-19 Patient 9,ANDV Epuyen/18-19 Patient 11,II,II,Argentinean sequences,Argentinean sequences,False,False,True,0.0,0,1844,0.0,0,3645,0.0,0,6522,False,False
Epuyen/18-19 Patient 9,Epuyen/18-19 Patient 27,ANDV Epuyen/18-19 Patient 9,ANDV Epuyen/18-19 Patient 27,II,II,Argentinean sequences,Argentinean sequences,False,False,True,0.0,0,1848,0.0,0,3647,0.0,0,6533,False,False
Epuyen/18-19 Patient 9,Epuyen/18-19 Patient 5,ANDV Epuyen/18-19 Patient 9,ANDV Epuyen/18-19 Patient 5,II,II,Argentinean sequences,Argentinean sequences,False,False,True,0.0,0,1849,0.0,0,3649,0.0,0,6540,False,False
Epuyen/18-19 Patient 9,Epuyen,ANDV Epuyen/18-19 Patient 9,ANDV Epuyen,II,II,Argentinean sequences,Argentinean sequences,False,False,True,0.0005422993492407809,1,1844,0.0005483959418700301,2,3647,0.0001543924656476764,1,6477,False,False
Epuyen/18-19 Patient 9,p334,ANDV Epuyen/18-19 Patient 9,p334,II,I,Argentinean sequences,Chilean sequences,False,False,False,0.04782375067168189,89,1861,0.06867305061559507,251,3655,0.06540342298288508,428,6544,False,False
Epuyen/18-19 Patient 9,p1060,ANDV Epuyen/18-19 Patient 9,p1060,II,I,Argentinean sequences,Chilean sequences,False,False,False,0.042518837459634015,79,1858,0.06591903719912473,241,3656,0.07107918067869153,465,6542,False,False
Epuyen/18-19 Patient 9,p1056,ANDV Epuyen/18-19 Patient 9,p1056,II,I,Argentinean sequences,Chilean sequences,False,False,False,0.043010752688172046,80,1860,0.04567833698030634,167,3656,0.047233261999388564,309,6542,False,False
Epuyen/18-19 Patient 9,NRC-2/97,ANDV Epuyen/18-19 Patient 9,ANDV NRC-2/97,II,I,Argentinean sequences,Argentinean sequences,False,False,False,0.04162162162162162,77,1850,0.04470652770159078,163,3646,0.04648299215022318,302,6497,False,False
Epuyen/18-19 Patient 9,p115D,ANDV Epuyen/18-19 Patient 9,p115D,II,I,Argentinean sequences,Chilean sequences,False,False,False,0.036997319034852545,69,1865,0.043823609969871266,160,3651,0.08489845777981371,556,6549,False,False
Epuyen/18-19 Patient 9,p915,ANDV Epuyen/18-19 Patient 9,p915,II,I,Argentinean sequences,Chilean sequences,False,False,False,0.038131041890440386,71,1862,0.04521786790901617,165,3649,0.08486238532110092,555,6540,False,False
Epuyen/18-19 Patient 9,p201,ANDV Epuyen/18-19 Patient 9,p201,II,I,Argentinean sequences,Chilean sequences,False,False,False,0.03769520732364028,70,1857,0.04434711196277032,162,3653,0.0845565749235474,553,6540,False,False
Epuyen/18-19 Patient 9,p1064,ANDV Epuyen/18-19 Patient 9,p1064,II,I,Argentinean sequences,Chilean sequences,False,False,False,0.03933189655172414,73,1856,0.04768429706768978,174,3649,0.04417609293793947,289,6542,False,False
Epuyen/18-19 Patient 9,CHI-7913,ANDV Epuyen/18-19 Patient 9,ANDV CHI-7913,II,I,Argentinean sequences,Chilean sequences,False,False,False,0.03995560488346282,72,1802,0.04229607250755287,154,3641,0.04299412310547479,278,6466,False,False
Epuyen/18-19 Patient 9,p1062,ANDV Epuyen/18-19 Patient 9,p1062,II,I,Argentinean sequences,Chilean sequences,False,False,False,0.03866809881847476,72,1862,0.03774617067833698,138,3656,0.04721882640586797,309,6544,False,False
Epuyen/18-19 Patient 9,p1058,ANDV Epuyen/18-19 Patient 9,p1058,II,I,Argentinean sequences,Chilean sequences,False,False,False,0.03753351206434316,70,1865,0.04567833698030634,167,3656,0.04646896973402629,304,6542,False,False
Epuyen/18-19 Patient 9,NRC-5/18,ANDV Epuyen/18-19 Patient 9,ANDV NRC-5/18,II,I,Argentinean sequences,Argentinean sequences,False,False,False,0.03715670436187399,69,1857,0.047123287671232875,172,3650,0.04764823042745519,311,6527,False,False
Epuyen/18-19 Patient 9,p1241,ANDV Epuyen/18-19 Patient 9,p1241,II,I,Argentinean sequences,Chilean sequences,False,False,False,0.03751339764201501,70,1866,0.04591418420333424,168,3659,0.048717165546731826,319,6548,False,False
Epuyen/18-19 Patient 9,p1313,ANDV Epuyen/18-19 Patient 9,p1313,II,I,Argentinean sequences,Chilean sequences,False,False,False,0.03331542181622783,62,1861,0.0451559934318555,165,3654,0.05074900642005503,332,6542,False,False
Epuyen/18-19 Patient 9,p126,ANDV Epuyen/18-19 Patient 9,p126,II,I,Argentinean sequences,Chilean sequences,False,False,False,0.03333333333333333,62,1860,0.046798029556650245,171,3654,0.05013757260776521,328,6542,False,False
Epuyen/18-19 Patient 9,136D,ANDV Epuyen/18-19 Patient 9,136D,II,I,Argentinean sequences,Chilean sequences,False,False,False,0.04065934065934066,74,1820,0.04857384919514261,172,3541,0.04892307692307692,318,6500,False,False
Epuyen/18-19 Patient 9,p1052,ANDV Epuyen/18-19 Patient 9,p1052,II,I,Argentinean sequences,Chilean sequences,False,False,False,0.03806970509383378,71,1865,0.04321663019693654,158,3656,0.0481504127178233,315,6542,False,False
Epuyen/18-19 Patient 9,131D,ANDV Epuyen/18-19 Patient 9,131D,II,I,Argentinean sequences,Chilean sequences,False,False,False,0.04054054054054054,75,1850,0.043952967525195966,157,3572,0.04920805781946794,320,6503,False,False
Epuyen/18-19 Patient 9,p127,ANDV Epuyen/18-19 Patient 9,p127,II,I,Argentinean sequences,Chilean sequences,False,False,False,0.03922622246104245,73,1861,0.04488232074438971,164,3654,0.04874694376528117,319,6544,False,False
Epuyen/18-19 Patient 9,p1427,ANDV Epuyen/18-19 Patient 9,p1427,II,I,Argentinean sequences,Chilean sequences,False,False,False,0.037116729424421735,69,1859,0.04187192118226601,153,3654,0.04612799755613258,302,6547,False,False
Epuyen/18-19 Patient 9,p1430,ANDV Epuyen/18-19 Patient 9,p1430,II,I,Argentinean sequences,Chilean sequences,False,False,False,0.03701716738197425,69,1864,0.04154140475539765,152,3659,0.046738964411180695,306,6547,False,False
Epuyen/18-19 Patient 9,ANDV-CH-LS-2016,ANDV Epuyen/18-19 Patient 9,ANDV-CH-LS-2016,II,I,Argentinean sequences,Chilean sequences,False,False,False,0.0384829894032348,69,1793,0.042429284525790346,153,3606,0.04760297096556381,282,5924,False,False
Epuyen/18-19 Patient 9,ANDV-CH-LS-2022,ANDV Epuyen/18-19 Patient 9,ANDV-CH-LS-2022,II,I,Argentinean sequences,Chilean sequences,False,False,False,0.03806818181818182,67,1760,0.04265264387963774,146,3423,0.047092743873137916,294,6243,False,False
Epuyen/18-19 Patient 9,ARG p19,ANDV Epuyen/18-19 Patient 9,ANDV ARG p19,II,III,Argentinean sequences,Argentinean sequences,False,False,False,0.040707016604177824,76,1867,0.038819026790595956,142,3658,0.04555984555984556,295,6475,False,False
Epuyen/18-19 Patient 9,ARG p3,ANDV Epuyen/18-19 Patient 9,ANDV ARG p3,II,III,Argentinean sequences,Argentinean sequences,False,False,False,0.04034427111350188,75,1859,0.038608981380065716,141,3652,0.044926650366748165,294,6544,False,False
Epuyen/18-19 Patient 9,ARG-M.a.,ANDV Epuyen/18-19 Patient 9,ANDV ARG-M.a.,II,III,Argentinean sequences,Argentinean sequences,False,False,False,0.04075067024128686,76,1865,0.038619556285949055,141,3651,0.045651501083255955,295,6462,False,False
Epuyen/18-19 Patient 9,ARG p9,ANDV Epuyen/18-19 Patient 9,ANDV ARG p9,II,III,Argentinean sequences,Argentinean sequences,False,False,False,0.040707016604177824,76,1867,0.03854565336249317,141,3658,0.04540540540540541,294,6475,False,False
Epuyen/18-19 Patient 9,p1316,ANDV Epuyen/18-19 Patient 9,p1316,II,III,Argentinean sequences,Chilean sequences,False,False,False,0.03866809881847476,72,1862,0.04048140043763676,148,3656,0.04464149212658615,292,6541,False,False
Epuyen/18-19 Patient 9,CHI-Hu13724 P2,ANDV Epuyen/18-19 Patient 9,ANDV CHI-Hu13724 P2,II,III,Argentinean sequences,Chilean sequences,False,False,False,0.04034427111350188,75,1859,0.04212253829321663,154,3656,0.046774686640171204,306,6542,False,False
Epuyen/18-19 Patient 9,p136,ANDV Epuyen/18-19 Patient 9,p136,II,III,Argentinean sequences,Chilean sequences,False,False,False,0.0397422126745435,74,1862,0.0421455938697318,154,3654,0.04676039119804401,306,6544,False,False
Epuyen/18-19 Patient 9,p137,ANDV Epuyen/18-19 Patient 9,p137,II,III,Argentinean sequences,Chilean sequences,False,False,False,0.03984921917070544,74,1857,0.04215713112510266,154,3653,0.046781837639504664,306,6541,False,False
Epuyen/18-19 Patient 9,CHI-Hu13724 P1,ANDV Epuyen/18-19 Patient 9,ANDV CHI-Hu13724 P1,II,III,Argentinean sequences,Chilean sequences,False,False,False,0.03965702036441586,74,1866,0.0421455938697318,154,3654,0.0467246907924874,306,6549,False,False
Epuyen/18-19 Patient 9,p1059,ANDV Epuyen/18-19 Patient 9,p1059,II,III,Argentinean sequences,Chilean sequences,False,True,False,0.03967828418230563,74,1865,0.044061302681992334,161,3654,0.04631611128095384,303,6542,False,False
Epuyen/18-19 Patient 9,NRC-4/18,ANDV Epuyen/18-19 Patient 9,ANDV NRC-4/18,II,III,Argentinean sequences,Argentinean sequences,False,True,False,0.04034427111350188,75,1859,0.04319300164024057,158,3658,0.04493351673544246,294,6543,False,False
Epuyen/18-19 Patient 9,NRC-3/18,ANDV Epuyen/18-19 Patient 9,ANDV NRC-3/18,II,III,Argentinean sequences,Argentinean sequences,False,True,False,0.04040948275862069,75,1856,0.0426812585499316,156,3655,0.044954128440366975,294,6540,False,False
Epuyen/18-19 Patient 9,132D,ANDV Epuyen/18-19 Patient 9,132D,II,III,Argentinean sequences,Chilean sequences,False,True,False,0.03891891891891892,72,1850,0.04678040726472207,170,3634,0.0472910927456382,309,6534,False,False
Epuyen/18-19 Patient 9,p1239,ANDV Epuyen/18-19 Patient 9,p1239,II,III,Argentinean sequences,Chilean sequences,False,True,False,0.03806970509383378,71,1865,0.043025486434639625,157,3649,0.046636085626911315,305,6540,False,False
Epuyen/18-19 Patient 9,p1242,ANDV Epuyen/18-19 Patient 9,p1242,II,III,Argentinean sequences,Chilean sequences,False,True,False,0.041331186258722494,77,1863,0.044097507532182965,161,3651,0.04647607399480202,304,6541,False,False
Epuyen/18-19 Patient 9,p931,ANDV Epuyen/18-19 Patient 9,p931,II,III,Argentinean sequences,Chilean sequences,False,True,False,0.04072883172561629,76,1866,0.044097507532182965,161,3651,0.04541284403669725,297,6540,False,False
Epuyen/18-19 Patient 9,p1236,ANDV Epuyen/18-19 Patient 9,p1236,II,III,Argentinean sequences,Chilean sequences,False,True,False,0.039184111647879764,73,1863,0.04243087872981111,155,3653,0.05105058365758755,328,6425,True,False
Epuyen/18-19 Patient 9,cruise,ANDV Epuyen/18-19 Patient 9,France-Case 9,II,III,Argentinean sequences,Cruise ship outbreak sequences,False,True,False,0.03939557474365893,73,1853,0.04465753424657534,163,3650,0.04553789731051345,298,6544,False,True
Epuyen/18-19 Patient 9,cruise,ANDV Epuyen/18-19 Patient 9,Spain-Case 10,II,III,Argentinean sequences,Cruise ship outbreak sequences,False,True,False,0.03952355170546833,73,1847,0.04439572485612497,162,3649,0.04557271754090839,298,6539,False,True
Epuyen/18-19 Patient 9,cruise,ANDV Epuyen/18-19 Patient 9,Spain-Case 12,II,III,Argentinean sequences,Cruise ship outbreak sequences,False,True,False,0.03952355170546833,73,1847,0.04439572485612497,162,3649,0.04557271754090839,298,6539,False,True
Epuyen/18-19 Patient 9,Switzerland-Case 7,ANDV Epuyen/18-19 Patient 9,Switzerland-Case 7,II,III,Argentinean sequences,Cruise ship outbreak sequences,False,True,False,0.03952355170546833,73,1847,0.04439572485612497,162,3649,0.04566279780085522,299,6548,False,True
Epuyen/18-19 Patient 9,cruise,ANDV Epuyen/18-19 Patient 9,Netherlands-Case 6,II,III,Argentinean sequences,Cruise ship outbreak sequences,False,True,False,0.04006586169045005,73,1822,0.04468965517241379,162,3625,0.04514452744397532,278,6158,False,True
Epuyen/18-19 Patient 9,cruise,ANDV Epuyen/18-19 Patient 9,Netherlands-Case 5,II,III,Argentinean sequences,Cruise ship outbreak sequences,False,True,False,0.04053303720155469,73,1801,0.045212019095759615,161,3561,0.04574961360123648,296,6470,False,True
Epuyen/18-19 Patient 9,cruise,ANDV Epuyen/18-19 Patient 9,Johannesburg-Case 2,II,III,Argentinean sequences,Cruise ship outbreak sequences,False,True,False,0.041500852757248435,73,1759,0.0448256779192031,162,3614,0.046108618288720406,298,6463,False,True
Epuyen/18-19 Patient 9,cruise,ANDV Epuyen/18-19 Patient 9,Johannesburg-Case 3,II,III,Argentinean sequences,Cruise ship outbreak sequences,False,True,False,0.04152445961319681,73,1758,0.04483430799220273,161,3591,0.04569150567310641,298,6522,False,True
Epuyen/18-19 Patient 9,cruise,ANDV Epuyen/18-19 Patient 9,Canada-Case 11_NPswab,II,III,Argentinean sequences,Cruise ship outbreak sequences,False,True,False,0.039597737272155875,63,1591,0.04665825977301387,148,3172,0.04586404586404586,280,6105,False,True
Epuyen/18-19 Patient 9,cruise,ANDV Epuyen/18-19 Patient 9,Canada-Case 11_blood,II,III,Argentinean sequences,Cruise ship outbreak sequences,False,True,False,0.042045454545454546,74,1760,0.04512331838565022,161,3568,0.045964642582628744,299,6505,False,True
Epuyen/18-19 Patient 20,Epuyen/18-19 Patient 8,ANDV Epuyen/18-19 Patient 20,ANDV Epuyen/18-19 Patient 8,II,II,Argentinean sequences,Argentinean sequences,False,False,True,0.0,0,1858,0.0,0,3653,0.0,0,6538,False,False
Epuyen/18-19 Patient 20,Epuyen/18-19 Patient 14,ANDV Epuyen/18-19 Patient 20,ANDV Epuyen/18-19 Patient 14,II,II,Argentinean sequences,Argentinean sequences,False,False,True,0.0,0,1855,0.0,0,3655,0.0,0,6538,False,False
Epuyen/18-19 Patient 20,Epuyen/18-19 Patient 11,ANDV Epuyen/18-19 Patient 20,ANDV Epuyen/18-19 Patient 11,II,II,Argentinean sequences,Argentinean sequences,False,False,True,0.0,0,1844,0.0,0,3645,0.0,0,6522,False,False
Epuyen/18-19 Patient 20,Epuyen/18-19 Patient 27,ANDV Epuyen/18-19 Patient 20,ANDV Epuyen/18-19 Patient 27,II,II,Argentinean sequences,Argentinean sequences,False,False,True,0.0,0,1848,0.0,0,3647,0.0,0,6533,False,False
Epuyen/18-19 Patient 20,Epuyen/18-19 Patient 5,ANDV Epuyen/18-19 Patient 20,ANDV Epuyen/18-19 Patient 5,II,II,Argentinean sequences,Argentinean sequences,False,False,True,0.0,0,1849,0.0,0,3648,0.0,0,6538,False,False
Epuyen/18-19 Patient 20,Epuyen,ANDV Epuyen/18-19 Patient 20,ANDV Epuyen,II,II,Argentinean sequences,Argentinean sequences,False,False,True,0.0005431830526887561,1,1841,0.0005483959418700301,2,3647,0.00015446400988569664,1,6474,False,False
Epuyen/18-19 Patient 20,p334,ANDV Epuyen/18-19 Patient 20,p334,II,I,Argentinean sequences,Chilean sequences,False,False,False,0.04790096878363832,89,1858,0.06888035126234907,251,3644,0.06546344447843377,428,6538,False,False
Epuyen/18-19 Patient 20,p1060,ANDV Epuyen/18-19 Patient 20,p1060,II,I,Argentinean sequences,Chilean sequences,False,False,False,0.04256465517241379,79,1856,0.06611796982167352,241,3645,0.07114443084455324,465,6536,False,False
Epuyen/18-19 Patient 20,p1056,ANDV Epuyen/18-19 Patient 20,p1056,II,I,Argentinean sequences,Chilean sequences,False,False,False,0.04305705059203445,80,1858,0.0458161865569273,167,3645,0.047276621787025706,309,6536,False,False
Epuyen/18-19 Patient 20,NRC-2/97,ANDV Epuyen/18-19 Patient 20,ANDV NRC-2/97,II,I,Argentinean sequences,Argentinean sequences,False,False,False,0.04162162162162162,77,1850,0.04470652770159078,163,3646,0.04650446566060979,302,6494,False,False
Epuyen/18-19 Patient 20,p115D,ANDV Epuyen/18-19 Patient 20,p115D,II,I,Argentinean sequences,Chilean sequences,False,False,False,0.037096774193548385,69,1860,0.04395604395604396,160,3640,0.08502829178773513,556,6539,False,False
Epuyen/18-19 Patient 20,p915,ANDV Epuyen/18-19 Patient 20,p915,II,I,Argentinean sequences,Chilean sequences,False,False,False,0.03821313240043057,71,1858,0.045354590434304565,165,3638,0.08494031221303948,555,6534,False,False
Epuyen/18-19 Patient 20,p201,ANDV Epuyen/18-19 Patient 20,p201,II,I,Argentinean sequences,Chilean sequences,False,False,False,0.03773584905660377,70,1855,0.044481054365733116,162,3642,0.08463422099785736,553,6534,False,False
Epuyen/18-19 Patient 20,p1064,ANDV Epuyen/18-19 Patient 20,p1064,II,I,Argentinean sequences,Chilean sequences,False,False,False,0.03933189655172414,73,1856,0.04782847718526663,174,3638,0.04421664626682986,289,6536,False,False
Epuyen/18-19 Patient 20,CHI-7913,ANDV Epuyen/18-19 Patient 20,ANDV CHI-7913,II,I,Argentinean sequences,Chilean sequences,False,False,False,0.03995560488346282,72,1802,0.042400881057268726,154,3632,0.04299412310547479,278,6466,False,False
Epuyen/18-19 Patient 20,p1062,ANDV Epuyen/18-19 Patient 20,p1062,II,I,Argentinean sequences,Chilean sequences,False,False,False,0.038730500268961805,72,1859,0.03786008230452675,138,3645,0.04726215968185989,309,6538,False,False
Epuyen/18-19 Patient 20,p1058,ANDV Epuyen/18-19 Patient 20,p1058,II,I,Argentinean sequences,Chilean sequences,False,False,False,0.03763440860215054,70,1860,0.0458161865569273,167,3645,0.046511627906976744,304,6536,False,False
Epuyen/18-19 Patient 20,NRC-5/18,ANDV Epuyen/18-19 Patient 20,ANDV NRC-5/18,II,I,Argentinean sequences,Argentinean sequences,False,False,False,0.037176724137931036,69,1856,0.047123287671232875,172,3650,0.047655531719276736,311,6526,False,False
Epuyen/18-19 Patient 20,p1241,ANDV Epuyen/18-19 Patient 20,p1241,II,I,Argentinean sequences,Chilean sequences,False,False,False,0.037614185921547555,70,1861,0.04579106114614752,167,3647,0.04879167941266442,319,6538,False,False
Epuyen/18-19 Patient 20,p1313,ANDV Epuyen/18-19 Patient 20,p1313,II,I,Argentinean sequences,Chilean sequences,False,False,False,0.03336921420882669,62,1858,0.04529234147680483,165,3643,0.05079559363525092,332,6536,False,False
Epuyen/18-19 Patient 20,p126,ANDV Epuyen/18-19 Patient 20,p126,II,I,Argentinean sequences,Chilean sequences,False,False,False,0.03336921420882669,62,1858,0.04693933571232501,171,3643,0.05018359853121175,328,6536,False,False
Epuyen/18-19 Patient 20,136D,ANDV Epuyen/18-19 Patient 20,136D,II,I,Argentinean sequences,Chilean sequences,False,False,False,0.04065934065934066,74,1820,0.04857384919514261,172,3541,0.04892307692307692,318,6500,False,False
Epuyen/18-19 Patient 20,p1052,ANDV Epuyen/18-19 Patient 20,p1052,II,I,Argentinean sequences,Chilean sequences,False,False,False,0.03815153143471252,71,1861,0.04334705075445816,158,3645,0.048194614443084455,315,6536,False,False
Epuyen/18-19 Patient 20,131D,ANDV Epuyen/18-19 Patient 20,131D,II,I,Argentinean sequences,Chilean sequences,False,False,False,0.04054054054054054,75,1850,0.043952967525195966,157,3572,0.04920805781946794,320,6503,False,False
Epuyen/18-19 Patient 20,p127,ANDV Epuyen/18-19 Patient 20,p127,II,I,Argentinean sequences,Chilean sequences,False,False,False,0.039289558665231435,73,1858,0.04501784243755147,164,3643,0.04879167941266442,319,6538,False,False
Epuyen/18-19 Patient 20,p1427,ANDV Epuyen/18-19 Patient 20,p1427,II,I,Argentinean sequences,Chilean sequences,False,False,False,0.037176724137931036,69,1856,0.04199835300576448,153,3643,0.04618443187031656,302,6539,False,False
Epuyen/18-19 Patient 20,p1430,ANDV Epuyen/18-19 Patient 20,p1430,II,I,Argentinean sequences,Chilean sequences,False,False,False,0.03707684040838259,69,1861,0.04140389361118728,151,3647,0.04679614619972473,306,6539,False,False
Epuyen/18-19 Patient 20,ANDV-CH-LS-2016,ANDV Epuyen/18-19 Patient 20,ANDV-CH-LS-2016,II,I,Argentinean sequences,Chilean sequences,False,False,False,0.0384829894032348,69,1793,0.042429284525790346,153,3606,0.04760297096556381,282,5924,False,False
Epuyen/18-19 Patient 20,ANDV-CH-LS-2022,ANDV Epuyen/18-19 Patient 20,ANDV-CH-LS-2022,II,I,Argentinean sequences,Chilean sequences,False,False,False,0.03806818181818182,67,1760,0.04265264387963774,146,3423,0.047092743873137916,294,6243,False,False
Epuyen/18-19 Patient 20,ARG p19,ANDV Epuyen/18-19 Patient 20,ANDV ARG p19,II,III,Argentinean sequences,Argentinean sequences,False,False,False,0.04081632653061224,76,1862,0.03893611187277214,142,3647,0.04555984555984556,295,6475,False,False
Epuyen/18-19 Patient 20,ARG p3,ANDV Epuyen/18-19 Patient 20,ANDV ARG p3,II,III,Argentinean sequences,Argentinean sequences,False,False,False,0.04038772213247173,75,1857,0.038661913901837125,141,3647,0.044961003211500226,294,6539,False,False
Epuyen/18-19 Patient 20,ARG-M.a.,ANDV Epuyen/18-19 Patient 20,ANDV ARG-M.a.,II,III,Argentinean sequences,Argentinean sequences,False,False,False,0.04081632653061224,76,1862,0.03873626373626374,141,3640,0.045651501083255955,295,6462,False,False
Epuyen/18-19 Patient 20,ARG p9,ANDV Epuyen/18-19 Patient 20,ANDV ARG p9,II,III,Argentinean sequences,Argentinean sequences,False,False,False,0.04081632653061224,76,1862,0.038661913901837125,141,3647,0.04540540540540541,294,6475,False,False
Epuyen/18-19 Patient 20,p1316,ANDV Epuyen/18-19 Patient 20,p1316,II,III,Argentinean sequences,Chilean sequences,False,False,False,0.038730500268961805,72,1859,0.04060356652949246,148,3645,0.04468247895944912,292,6535,False,False
Epuyen/18-19 Patient 20,CHI-Hu13724 P2,ANDV Epuyen/18-19 Patient 20,ANDV CHI-Hu13724 P2,II,III,Argentinean sequences,Chilean sequences,False,False,False,0.04034427111350188,75,1859,0.04224965706447188,154,3645,0.04681762545899633,306,6536,False,False
Epuyen/18-19 Patient 20,p136,ANDV Epuyen/18-19 Patient 20,p136,II,III,Argentinean sequences,Chilean sequences,False,False,False,0.03980634749865519,74,1859,0.04227285204501784,154,3643,0.046803303762618535,306,6538,False,False
Epuyen/18-19 Patient 20,p137,ANDV Epuyen/18-19 Patient 20,p137,II,III,Argentinean sequences,Chilean sequences,False,False,False,0.03984921917070544,74,1857,0.04228445908841296,154,3642,0.0468247895944912,306,6535,False,False
Epuyen/18-19 Patient 20,CHI-Hu13724 P1,ANDV Epuyen/18-19 Patient 20,ANDV CHI-Hu13724 P1,II,III,Argentinean sequences,Chilean sequences,False,False,False,0.0397422126745435,74,1862,0.04227285204501784,154,3643,0.04679614619972473,306,6539,False,False
Epuyen/18-19 Patient 20,p1059,ANDV Epuyen/18-19 Patient 20,p1059,II,III,Argentinean sequences,Chilean sequences,False,True,False,0.039763567974207416,74,1861,0.044194345319791384,161,3643,0.04635862913096695,303,6536,False,False
Epuyen/18-19 Patient 20,NRC-4/18,ANDV Epuyen/18-19 Patient 20,ANDV NRC-4/18,II,III,Argentinean sequences,Argentinean sequences,False,True,False,0.040365984930032295,75,1858,0.04295485636114911,157,3655,0.04497475906379073,294,6537,False,False
Epuyen/18-19 Patient 20,NRC-3/18,ANDV Epuyen/18-19 Patient 20,ANDV NRC-3/18,II,III,Argentinean sequences,Argentinean sequences,False,True,False,0.04043126684636118,75,1855,0.042692939244663386,156,3654,0.044961003211500226,294,6539,False,False
Epuyen/18-19 Patient 20,132D,ANDV Epuyen/18-19 Patient 20,132D,II,III,Argentinean sequences,Chilean sequences,False,True,False,0.03891891891891892,72,1850,0.04679328378750344,170,3633,0.04733455882352941,309,6528,False,False
Epuyen/18-19 Patient 20,p1239,ANDV Epuyen/18-19 Patient 20,p1239,II,III,Argentinean sequences,Chilean sequences,False,True,False,0.03815153143471252,71,1861,0.04315557998900495,157,3638,0.04667891031527395,305,6534,False,False
Epuyen/18-19 Patient 20,p1242,ANDV Epuyen/18-19 Patient 20,p1242,II,III,Argentinean sequences,Chilean sequences,False,True,False,0.04137560451370231,77,1861,0.04423076923076923,161,3640,0.04651874521805662,304,6535,False,False
Epuyen/18-19 Patient 20,p931,ANDV Epuyen/18-19 Patient 20,p931,II,III,Argentinean sequences,Chilean sequences,False,True,False,0.04083825900053734,76,1861,0.04423076923076923,161,3640,0.045454545454545456,297,6534,False,False
Epuyen/18-19 Patient 20,p1236,ANDV Epuyen/18-19 Patient 20,p1236,II,III,Argentinean sequences,Chilean sequences,False,True,False,0.03922622246104245,73,1861,0.04255903349807798,155,3642,0.05105058365758755,328,6425,True,False
Epuyen/18-19 Patient 20,cruise,ANDV Epuyen/18-19 Patient 20,France-Case 9,II,III,Argentinean sequences,Cruise ship outbreak sequences,False,True,False,0.03941684665226782,73,1852,0.04442007129147244,162,3647,0.04557968797797492,298,6538,False,True
Epuyen/18-19 Patient 20,cruise,ANDV Epuyen/18-19 Patient 20,Spain-Case 10,II,III,Argentinean sequences,Cruise ship outbreak sequences,False,True,False,0.03952355170546833,73,1847,0.044481054365733116,162,3642,0.045614572172049596,298,6533,False,True
Epuyen/18-19 Patient 20,cruise,ANDV Epuyen/18-19 Patient 20,Spain-Case 12,II,III,Argentinean sequences,Cruise ship outbreak sequences,False,True,False,0.03952355170546833,73,1847,0.044481054365733116,162,3642,0.045614572172049596,298,6533,False,True
Epuyen/18-19 Patient 20,Switzerland-Case 7,ANDV Epuyen/18-19 Patient 20,Switzerland-Case 7,II,III,Argentinean sequences,Cruise ship outbreak sequences,False,True,False,0.03952355170546833,73,1847,0.044481054365733116,162,3642,0.04572564612326044,299,6539,False,True
Epuyen/18-19 Patient 20,cruise,ANDV Epuyen/18-19 Patient 20,Netherlands-Case 6,II,III,Argentinean sequences,Cruise ship outbreak sequences,False,True,False,0.04006586169045005,73,1822,0.04468965517241379,162,3625,0.0451591942820013,278,6156,False,True
Epuyen/18-19 Patient 20,cruise,ANDV Epuyen/18-19 Patient 20,Netherlands-Case 5,II,III,Argentinean sequences,Cruise ship outbreak sequences,False,True,False,0.04053303720155469,73,1801,0.045212019095759615,161,3561,0.04579207920792079,296,6464,False,True
Epuyen/18-19 Patient 20,cruise,ANDV Epuyen/18-19 Patient 20,Johannesburg-Case 2,II,III,Argentinean sequences,Cruise ship outbreak sequences,False,True,False,0.041500852757248435,73,1759,0.0448256779192031,162,3614,0.046108618288720406,298,6463,False,True
Epuyen/18-19 Patient 20,cruise,ANDV Epuyen/18-19 Patient 20,Johannesburg-Case 3,II,III,Argentinean sequences,Cruise ship outbreak sequences,False,True,False,0.04152445961319681,73,1758,0.04483430799220273,161,3591,0.04569150567310641,298,6522,False,True
Epuyen/18-19 Patient 20,cruise,ANDV Epuyen/18-19 Patient 20,Canada-Case 11_NPswab,II,III,Argentinean sequences,Cruise ship outbreak sequences,False,True,False,0.039597737272155875,63,1591,0.04665825977301387,148,3172,0.04586404586404586,280,6105,False,True
Epuyen/18-19 Patient 20,cruise,ANDV Epuyen/18-19 Patient 20,Canada-Case 11_blood,II,III,Argentinean sequences,Cruise ship outbreak sequences,False,True,False,0.042045454545454546,74,1760,0.04512331838565022,161,3568,0.045964642582628744,299,6505,False,True
Epuyen/18-19 Patient 8,Epuyen/18-19 Patient 14,ANDV Epuyen/18-19 Patient 8,ANDV Epuyen/18-19 Patient 14,II,II,Argentinean sequences,Argentinean sequences,False,False,True,0.0,0,1855,0.0,0,3654,0.0,0,6543,False,False
Epuyen/18-19 Patient 8,Epuyen/18-19 Patient 11,ANDV Epuyen/18-19 Patient 8,ANDV Epuyen/18-19 Patient 11,II,II,Argentinean sequences,Argentinean sequences,False,False,True,0.0,0,1844,0.0,0,3645,0.0,0,6522,False,False
Epuyen/18-19 Patient 8,Epuyen/18-19 Patient 27,ANDV Epuyen/18-19 Patient 8,ANDV Epuyen/18-19 Patient 27,II,II,Argentinean sequences,Argentinean sequences,False,False,True,0.0,0,1848,0.0,0,3647,0.0,0,6533,False,False
Epuyen/18-19 Patient 8,Epuyen/18-19 Patient 5,ANDV Epuyen/18-19 Patient 8,ANDV Epuyen/18-19 Patient 5,II,II,Argentinean sequences,Argentinean sequences,False,False,True,0.0,0,1849,0.0,0,3649,0.0,0,6540,False,False
Epuyen/18-19 Patient 8,Epuyen,ANDV Epuyen/18-19 Patient 8,ANDV Epuyen,II,II,Argentinean sequences,Argentinean sequences,False,False,True,0.0005431830526887561,1,1841,0.0005483959418700301,2,3647,0.0001544878727019929,1,6473,False,False
Epuyen/18-19 Patient 8,p334,ANDV Epuyen/18-19 Patient 8,p334,II,I,Argentinean sequences,Chilean sequences,False,False,False,0.04792676359719979,89,1857,0.06886145404663924,251,3645,0.06541341892098426,428,6543,False,False
Epuyen/18-19 Patient 8,p1060,ANDV Epuyen/18-19 Patient 8,p1060,II,I,Argentinean sequences,Chilean sequences,False,False,False,0.042587601078167114,79,1855,0.06609983543609435,241,3646,0.07109004739336493,465,6541,False,False
Epuyen/18-19 Patient 8,p1056,ANDV Epuyen/18-19 Patient 8,p1056,II,I,Argentinean sequences,Chilean sequences,False,False,False,0.043080236941303175,80,1857,0.0458036204059243,167,3646,0.04724048310655863,309,6541,False,False
Epuyen/18-19 Patient 8,NRC-2/97,ANDV Epuyen/18-19 Patient 8,ANDV NRC-2/97,II,I,Argentinean sequences,Argentinean sequences,False,False,False,0.04162162162162162,77,1850,0.04470652770159078,163,3646,0.04648299215022318,302,6497,False,False
Epuyen/18-19 Patient 8,p115D,ANDV Epuyen/18-19 Patient 8,p115D,II,I,Argentinean sequences,Chilean sequences,False,False,False,0.037176724137931036,69,1856,0.043943971436418566,160,3641,0.08497631056090478,556,6543,False,False
Epuyen/18-19 Patient 8,p915,ANDV Epuyen/18-19 Patient 8,p915,II,I,Argentinean sequences,Chilean sequences,False,False,False,0.038295577130528585,71,1854,0.04534212695795548,165,3639,0.08487536320538308,555,6539,False,False
Epuyen/18-19 Patient 8,p201,ANDV Epuyen/18-19 Patient 8,p201,II,I,Argentinean sequences,Chilean sequences,False,False,False,0.03773584905660377,70,1855,0.044468844359044746,162,3643,0.084569506040679,553,6539,False,False
Epuyen/18-19 Patient 8,p1064,ANDV Epuyen/18-19 Patient 8,p1064,II,I,Argentinean sequences,Chilean sequences,False,False,False,0.03933189655172414,73,1856,0.04781533388293487,174,3639,0.044182846659532184,289,6541,False,False
Epuyen/18-19 Patient 8,CHI-7913,ANDV Epuyen/18-19 Patient 8,ANDV CHI-7913,II,I,Argentinean sequences,Chilean sequences,False,False,False,0.03995560488346282,72,1802,0.04238921001926782,154,3633,0.04299412310547479,278,6466,False,False
Epuyen/18-19 Patient 8,p1062,ANDV Epuyen/18-19 Patient 8,p1062,II,I,Argentinean sequences,Chilean sequences,False,False,False,0.03877221324717286,72,1857,0.03784969829950631,138,3646,0.04722604309949564,309,6543,False,False
Epuyen/18-19 Patient 8,p1058,ANDV Epuyen/18-19 Patient 8,p1058,II,I,Argentinean sequences,Chilean sequences,False,False,False,0.03771551724137931,70,1856,0.0458036204059243,167,3646,0.04647607399480202,304,6541,False,False
Epuyen/18-19 Patient 8,NRC-5/18,ANDV Epuyen/18-19 Patient 8,ANDV NRC-5/18,II,I,Argentinean sequences,Argentinean sequences,False,False,False,0.03725701943844492,69,1852,0.047123287671232875,172,3650,0.04764823042745519,311,6527,False,False
Epuyen/18-19 Patient 8,p1241,ANDV Epuyen/18-19 Patient 8,p1241,II,I,Argentinean sequences,Chilean sequences,False,False,False,0.03769520732364028,70,1857,0.0458036204059243,167,3646,0.04876184653011312,319,6542,False,False
Epuyen/18-19 Patient 8,p1313,ANDV Epuyen/18-19 Patient 8,p1313,II,I,Argentinean sequences,Chilean sequences,False,False,False,0.03338718362950996,62,1857,0.045279912184412734,165,3644,0.05075676502063905,332,6541,False,False
Epuyen/18-19 Patient 8,p126,ANDV Epuyen/18-19 Patient 8,p126,II,I,Argentinean sequences,Chilean sequences,False,False,False,0.03338718362950996,62,1857,0.0469264544456641,171,3644,0.050145237731233756,328,6541,False,False
Epuyen/18-19 Patient 8,136D,ANDV Epuyen/18-19 Patient 8,136D,II,I,Argentinean sequences,Chilean sequences,False,False,False,0.04065934065934066,74,1820,0.04857384919514261,172,3541,0.04892307692307692,318,6500,False,False
Epuyen/18-19 Patient 8,p1052,ANDV Epuyen/18-19 Patient 8,p1052,II,I,Argentinean sequences,Chilean sequences,False,False,False,0.03823371028540657,71,1857,0.04333516182117389,158,3646,0.04815777404066657,315,6541,False,False
Epuyen/18-19 Patient 8,131D,ANDV Epuyen/18-19 Patient 8,131D,II,I,Argentinean sequences,Chilean sequences,False,False,False,0.04054054054054054,75,1850,0.043952967525195966,157,3572,0.04920805781946794,320,6503,False,False
Epuyen/18-19 Patient 8,p127,ANDV Epuyen/18-19 Patient 8,p127,II,I,Argentinean sequences,Chilean sequences,False,False,False,0.039310716208939146,73,1857,0.04500548847420417,164,3644,0.048754394008864436,319,6543,False,False
Epuyen/18-19 Patient 8,p1427,ANDV Epuyen/18-19 Patient 8,p1427,II,I,Argentinean sequences,Chilean sequences,False,False,False,0.037176724137931036,69,1856,0.04198682766190999,153,3644,0.04615619746293749,302,6543,False,False
Epuyen/18-19 Patient 8,p1430,ANDV Epuyen/18-19 Patient 8,p1430,II,I,Argentinean sequences,Chilean sequences,False,False,False,0.03715670436187399,69,1857,0.04141524958859023,151,3646,0.04676753782668501,306,6543,False,False
Epuyen/18-19 Patient 8,ANDV-CH-LS-2016,ANDV Epuyen/18-19 Patient 8,ANDV-CH-LS-2016,II,I,Argentinean sequences,Chilean sequences,False,False,False,0.0384829894032348,69,1793,0.042429284525790346,153,3606,0.04760297096556381,282,5924,False,False
Epuyen/18-19 Patient 8,ANDV-CH-LS-2022,ANDV Epuyen/18-19 Patient 8,ANDV-CH-LS-2022,II,I,Argentinean sequences,Chilean sequences,False,False,False,0.03806818181818182,67,1760,0.04265264387963774,146,3423,0.047092743873137916,294,6243,False,False
Epuyen/18-19 Patient 8,ARG p19,ANDV Epuyen/18-19 Patient 8,ANDV ARG p19,II,III,Argentinean sequences,Argentinean sequences,False,False,False,0.04090419806243272,76,1858,0.038946791003839826,142,3646,0.04555984555984556,295,6475,False,False
Epuyen/18-19 Patient 8,ARG p3,ANDV Epuyen/18-19 Patient 8,ANDV ARG p3,II,III,Argentinean sequences,Argentinean sequences,False,False,False,0.040474905558553695,75,1853,0.03867251782775644,141,3646,0.04494038520330174,294,6542,False,False
Epuyen/18-19 Patient 8,ARG-M.a.,ANDV Epuyen/18-19 Patient 8,ANDV ARG-M.a.,II,III,Argentinean sequences,Argentinean sequences,False,False,False,0.04090419806243272,76,1858,0.03872562482834386,141,3641,0.045651501083255955,295,6462,False,False
Epuyen/18-19 Patient 8,ARG p9,ANDV Epuyen/18-19 Patient 8,ANDV ARG p9,II,III,Argentinean sequences,Argentinean sequences,False,False,False,0.04090419806243272,76,1858,0.03867251782775644,141,3646,0.04540540540540541,294,6475,False,False
Epuyen/18-19 Patient 8,p1316,ANDV Epuyen/18-19 Patient 8,p1316,II,III,Argentinean sequences,Chilean sequences,False,False,False,0.038751345532831,72,1858,0.0405924300603401,148,3646,0.044648318042813454,292,6540,False,False
Epuyen/18-19 Patient 8,CHI-Hu13724 P2,ANDV Epuyen/18-19 Patient 8,ANDV CHI-Hu13724 P2,II,III,Argentinean sequences,Chilean sequences,False,False,False,0.040365984930032295,75,1858,0.042238069116840374,154,3646,0.046781837639504664,306,6541,False,False
Epuyen/18-19 Patient 8,p136,ANDV Epuyen/18-19 Patient 8,p136,II,III,Argentinean sequences,Chilean sequences,False,False,False,0.03982777179763186,74,1858,0.04226125137211855,154,3644,0.04676753782668501,306,6543,False,False
Epuyen/18-19 Patient 8,p137,ANDV Epuyen/18-19 Patient 8,p137,II,III,Argentinean sequences,Chilean sequences,False,False,False,0.03984921917070544,74,1857,0.04227285204501784,154,3643,0.046788990825688076,306,6540,False,False
Epuyen/18-19 Patient 8,CHI-Hu13724 P1,ANDV Epuyen/18-19 Patient 8,ANDV CHI-Hu13724 P1,II,III,Argentinean sequences,Chilean sequences,False,False,False,0.03982777179763186,74,1858,0.04226125137211855,154,3644,0.04676753782668501,306,6543,False,False
Epuyen/18-19 Patient 8,p1059,ANDV Epuyen/18-19 Patient 8,p1059,II,III,Argentinean sequences,Chilean sequences,False,True,False,0.03984921917070544,74,1857,0.04418221734357849,161,3644,0.0463231921724507,303,6541,False,False
Epuyen/18-19 Patient 8,NRC-4/18,ANDV Epuyen/18-19 Patient 8,ANDV NRC-4/18,II,III,Argentinean sequences,Argentinean sequences,False,True,False,0.04038772213247173,75,1857,0.042966611932129174,157,3654,0.04494038520330174,294,6542,False,False
Epuyen/18-19 Patient 8,NRC-3/18,ANDV Epuyen/18-19 Patient 8,ANDV NRC-3/18,II,III,Argentinean sequences,Argentinean sequences,False,True,False,0.04051863857374392,75,1851,0.042692939244663386,156,3654,0.044961003211500226,294,6539,False,False
Epuyen/18-19 Patient 8,132D,ANDV Epuyen/18-19 Patient 8,132D,II,III,Argentinean sequences,Chilean sequences,False,True,False,0.03891891891891892,72,1850,0.04678040726472207,170,3634,0.04729833154752793,309,6533,False,False
Epuyen/18-19 Patient 8,p1239,ANDV Epuyen/18-19 Patient 8,p1239,II,III,Argentinean sequences,Chilean sequences,False,True,False,0.03823371028540657,71,1857,0.043143720802418246,157,3639,0.04664321761737269,305,6539,False,False
Epuyen/18-19 Patient 8,p1242,ANDV Epuyen/18-19 Patient 8,p1242,II,III,Argentinean sequences,Chilean sequences,False,True,False,0.041464728056004305,77,1857,0.04421862125789618,161,3641,0.046483180428134555,304,6540,False,False
Epuyen/18-19 Patient 8,p931,ANDV Epuyen/18-19 Patient 8,p931,II,III,Argentinean sequences,Chilean sequences,False,True,False,0.04092622509423802,76,1857,0.04421862125789618,161,3641,0.045419788958556355,297,6539,False,False
Epuyen/18-19 Patient 8,p1236,ANDV Epuyen/18-19 Patient 8,p1236,II,III,Argentinean sequences,Chilean sequences,False,True,False,0.039310716208939146,73,1857,0.042547351084271205,155,3643,0.05105058365758755,328,6425,True,False
Epuyen/18-19 Patient 8,cruise,ANDV Epuyen/18-19 Patient 8,France-Case 9,II,III,Argentinean sequences,Cruise ship outbreak sequences,False,True,False,0.03943814154511075,73,1851,0.044432254525507406,162,3646,0.04554485709918998,298,6543,False,True
Epuyen/18-19 Patient 8,cruise,ANDV Epuyen/18-19 Patient 8,Spain-Case 10,II,III,Argentinean sequences,Cruise ship outbreak sequences,False,True,False,0.03952355170546833,73,1847,0.044468844359044746,162,3643,0.04557968797797492,298,6538,False,True
Epuyen/18-19 Patient 8,cruise,ANDV Epuyen/18-19 Patient 8,Spain-Case 12,II,III,Argentinean sequences,Cruise ship outbreak sequences,False,True,False,0.03952355170546833,73,1847,0.044468844359044746,162,3643,0.04557968797797492,298,6538,False,True
Epuyen/18-19 Patient 8,Switzerland-Case 7,ANDV Epuyen/18-19 Patient 8,Switzerland-Case 7,II,III,Argentinean sequences,Cruise ship outbreak sequences,False,True,False,0.03952355170546833,73,1847,0.044468844359044746,162,3643,0.04569769219012685,299,6543,False,True
Epuyen/18-19 Patient 8,cruise,ANDV Epuyen/18-19 Patient 8,Netherlands-Case 6,II,III,Argentinean sequences,Cruise ship outbreak sequences,False,True,False,0.04006586169045005,73,1822,0.04468965517241379,162,3625,0.04514452744397532,278,6158,False,True
Epuyen/18-19 Patient 8,cruise,ANDV Epuyen/18-19 Patient 8,Netherlands-Case 5,II,III,Argentinean sequences,Cruise ship outbreak sequences,False,True,False,0.04053303720155469,73,1801,0.045212019095759615,161,3561,0.045756685731952386,296,6469,False,True
Epuyen/18-19 Patient 8,cruise,ANDV Epuyen/18-19 Patient 8,Johannesburg-Case 2,II,III,Argentinean sequences,Cruise ship outbreak sequences,False,True,False,0.041500852757248435,73,1759,0.0448256779192031,162,3614,0.046108618288720406,298,6463,False,True
Epuyen/18-19 Patient 8,cruise,ANDV Epuyen/18-19 Patient 8,Johannesburg-Case 3,II,III,Argentinean sequences,Cruise ship outbreak sequences,False,True,False,0.04152445961319681,73,1758,0.04483430799220273,161,3591,0.04569150567310641,298,6522,False,True
Epuyen/18-19 Patient 8,cruise,ANDV Epuyen/18-19 Patient 8,Canada-Case 11_NPswab,II,III,Argentinean sequences,Cruise ship outbreak sequences,False,True,False,0.039597737272155875,63,1591,0.04665825977301387,148,3172,0.04586404586404586,280,6105,False,True
Epuyen/18-19 Patient 8,cruise,ANDV Epuyen/18-19 Patient 8,Canada-Case 11_blood,II,III,Argentinean sequences,Cruise ship outbreak sequences,False,True,False,0.042045454545454546,74,1760,0.04512331838565022,161,3568,0.045964642582628744,299,6505,False,True
Epuyen/18-19 Patient 14,Epuyen/18-19 Patient 11,ANDV Epuyen/18-19 Patient 14,ANDV Epuyen/18-19 Patient 11,II,II,Argentinean sequences,Argentinean sequences,False,False,True,0.0,0,1844,0.0,0,3645,0.0,0,6522,False,False
Epuyen/18-19 Patient 14,Epuyen/18-19 Patient 27,ANDV Epuyen/18-19 Patient 14,ANDV Epuyen/18-19 Patient 27,II,II,Argentinean sequences,Argentinean sequences,False,False,True,0.0,0,1848,0.0,0,3647,0.0,0,6533,False,False
Epuyen/18-19 Patient 14,Epuyen/18-19 Patient 5,ANDV Epuyen/18-19 Patient 14,ANDV Epuyen/18-19 Patient 5,II,II,Argentinean sequences,Argentinean sequences,False,False,True,0.0,0,1849,0.0,0,3649,0.0,0,6540,False,False
Epuyen/18-19 Patient 14,Epuyen,ANDV Epuyen/18-19 Patient 14,ANDV Epuyen,II,II,Argentinean sequences,Argentinean sequences,False,False,True,0.000544069640914037,1,1838,0.0005483959418700301,2,3647,0.0001544878727019929,1,6473,False,False
Epuyen/18-19 Patient 14,p334,ANDV Epuyen/18-19 Patient 14,p334,II,I,Argentinean sequences,Chilean sequences,False,False,False,0.04800431499460626,89,1854,0.06882369070468879,251,3647,0.06541341892098426,428,6543,False,False
Epuyen/18-19 Patient 14,p1060,ANDV Epuyen/18-19 Patient 14,p1060,II,I,Argentinean sequences,Chilean sequences,False,False,False,0.04265658747300216,79,1852,0.06606359649122807,241,3648,0.07109004739336493,465,6541,False,False
Epuyen/18-19 Patient 14,p1056,ANDV Epuyen/18-19 Patient 14,p1056,II,I,Argentinean sequences,Chilean sequences,False,False,False,0.043149946062567425,80,1854,0.04577850877192982,167,3648,0.04724048310655863,309,6541,False,False
Epuyen/18-19 Patient 14,NRC-2/97,ANDV Epuyen/18-19 Patient 14,ANDV NRC-2/97,II,I,Argentinean sequences,Argentinean sequences,False,False,False,0.04162162162162162,77,1850,0.04470652770159078,163,3646,0.04648299215022318,302,6497,False,False
Epuyen/18-19 Patient 14,p115D,ANDV Epuyen/18-19 Patient 14,p115D,II,I,Argentinean sequences,Chilean sequences,False,False,False,0.0372369131138694,69,1853,0.043919846280538015,160,3643,0.08497631056090478,556,6543,False,False
Epuyen/18-19 Patient 14,p915,ANDV Epuyen/18-19 Patient 14,p915,II,I,Argentinean sequences,Chilean sequences,False,False,False,0.03835764451647758,71,1851,0.045317220543806644,165,3641,0.08487536320538308,555,6539,False,False
Epuyen/18-19 Patient 14,p201,ANDV Epuyen/18-19 Patient 14,p201,II,I,Argentinean sequences,Chilean sequences,False,False,False,0.03779697624190065,70,1852,0.044444444444444446,162,3645,0.084569506040679,553,6539,False,False
Epuyen/18-19 Patient 14,p1064,ANDV Epuyen/18-19 Patient 14,p1064,II,I,Argentinean sequences,Chilean sequences,False,False,False,0.03939557474365893,73,1853,0.04778906893710519,174,3641,0.044182846659532184,289,6541,False,False
Epuyen/18-19 Patient 14,CHI-7913,ANDV Epuyen/18-19 Patient 14,ANDV CHI-7913,II,I,Argentinean sequences,Chilean sequences,False,False,False,0.03995560488346282,72,1802,0.04236588720770289,154,3635,0.04299412310547479,278,6466,False,False
Epuyen/18-19 Patient 14,p1062,ANDV Epuyen/18-19 Patient 14,p1062,II,I,Argentinean sequences,Chilean sequences,False,False,False,0.038834951456310676,72,1854,0.03782894736842105,138,3648,0.04722604309949564,309,6543,False,False
Epuyen/18-19 Patient 14,p1058,ANDV Epuyen/18-19 Patient 14,p1058,II,I,Argentinean sequences,Chilean sequences,False,False,False,0.037776578521316787,70,1853,0.04577850877192982,167,3648,0.04647607399480202,304,6541,False,False
Epuyen/18-19 Patient 14,NRC-5/18,ANDV Epuyen/18-19 Patient 14,ANDV NRC-5/18,II,I,Argentinean sequences,Argentinean sequences,False,False,False,0.03725701943844492,69,1852,0.047123287671232875,172,3650,0.04764823042745519,311,6527,False,False
Epuyen/18-19 Patient 14,p1241,ANDV Epuyen/18-19 Patient 14,p1241,II,I,Argentinean sequences,Chilean sequences,False,False,False,0.037756202804746494,70,1854,0.04575342465753424,167,3650,0.04876184653011312,319,6542,False,False
Epuyen/18-19 Patient 14,p1313,ANDV Epuyen/18-19 Patient 14,p1313,II,I,Argentinean sequences,Chilean sequences,False,False,False,0.03344120819848975,62,1854,0.04525507405375754,165,3646,0.05075676502063905,332,6541,False,False
Epuyen/18-19 Patient 14,p126,ANDV Epuyen/18-19 Patient 14,p126,II,I,Argentinean sequences,Chilean sequences,False,False,False,0.03344120819848975,62,1854,0.04690071311025781,171,3646,0.050145237731233756,328,6541,False,False
Epuyen/18-19 Patient 14,136D,ANDV Epuyen/18-19 Patient 14,136D,II,I,Argentinean sequences,Chilean sequences,False,False,False,0.04065934065934066,74,1820,0.04857384919514261,172,3541,0.04892307692307692,318,6500,False,False
Epuyen/18-19 Patient 14,p1052,ANDV Epuyen/18-19 Patient 14,p1052,II,I,Argentinean sequences,Chilean sequences,False,False,False,0.038295577130528585,71,1854,0.04331140350877193,158,3648,0.04815777404066657,315,6541,False,False
Epuyen/18-19 Patient 14,131D,ANDV Epuyen/18-19 Patient 14,131D,II,I,Argentinean sequences,Chilean sequences,False,False,False,0.04054054054054054,75,1850,0.043952967525195966,157,3572,0.04920805781946794,320,6503,False,False
Epuyen/18-19 Patient 14,p127,ANDV Epuyen/18-19 Patient 14,p127,II,I,Argentinean sequences,Chilean sequences,False,False,False,0.039374325782092774,73,1854,0.044980800877674164,164,3646,0.048754394008864436,319,6543,False,False
Epuyen/18-19 Patient 14,p1427,ANDV Epuyen/18-19 Patient 14,p1427,II,I,Argentinean sequences,Chilean sequences,False,False,False,0.0372369131138694,69,1853,0.04196379594075699,153,3646,0.04615619746293749,302,6543,False,False
Epuyen/18-19 Patient 14,p1430,ANDV Epuyen/18-19 Patient 14,p1430,II,I,Argentinean sequences,Chilean sequences,False,False,False,0.0372168284789644,69,1854,0.04136986301369863,151,3650,0.04676753782668501,306,6543,False,False
Epuyen/18-19 Patient 14,ANDV-CH-LS-2016,ANDV Epuyen/18-19 Patient 14,ANDV-CH-LS-2016,II,I,Argentinean sequences,Chilean sequences,False,False,False,0.0384829894032348,69,1793,0.042429284525790346,153,3606,0.04760297096556381,282,5924,False,False
Epuyen/18-19 Patient 14,ANDV-CH-LS-2022,ANDV Epuyen/18-19 Patient 14,ANDV-CH-LS-2022,II,I,Argentinean sequences,Chilean sequences,False,False,False,0.03806818181818182,67,1760,0.04265264387963774,146,3423,0.047092743873137916,294,6243,False,False
Epuyen/18-19 Patient 14,ARG p19,ANDV Epuyen/18-19 Patient 14,ANDV ARG p19,II,III,Argentinean sequences,Argentinean sequences,False,False,False,0.04097035040431267,76,1855,0.03890410958904109,142,3650,0.04555984555984556,295,6475,False,False
Epuyen/18-19 Patient 14,ARG p3,ANDV Epuyen/18-19 Patient 14,ANDV ARG p3,II,III,Argentinean sequences,Argentinean sequences,False,False,False,0.040474905558553695,75,1853,0.03863013698630137,141,3650,0.04494038520330174,294,6542,False,False
Epuyen/18-19 Patient 14,ARG-M.a.,ANDV Epuyen/18-19 Patient 14,ANDV ARG-M.a.,II,III,Argentinean sequences,Argentinean sequences,False,False,False,0.04097035040431267,76,1855,0.03870436453472413,141,3643,0.045651501083255955,295,6462,False,False
Epuyen/18-19 Patient 14,ARG p9,ANDV Epuyen/18-19 Patient 14,ANDV ARG p9,II,III,Argentinean sequences,Argentinean sequences,False,False,False,0.04097035040431267,76,1855,0.03863013698630137,141,3650,0.04540540540540541,294,6475,False,False
Epuyen/18-19 Patient 14,p1316,ANDV Epuyen/18-19 Patient 14,p1316,II,III,Argentinean sequences,Chilean sequences,False,False,False,0.03881401617250674,72,1855,0.04057017543859649,148,3648,0.044648318042813454,292,6540,False,False
Epuyen/18-19 Patient 14,CHI-Hu13724 P2,ANDV Epuyen/18-19 Patient 14,ANDV CHI-Hu13724 P2,II,III,Argentinean sequences,Chilean sequences,False,False,False,0.04043126684636118,75,1855,0.042214912280701754,154,3648,0.046781837639504664,306,6541,False,False
Epuyen/18-19 Patient 14,p136,ANDV Epuyen/18-19 Patient 14,p136,II,III,Argentinean sequences,Chilean sequences,False,False,False,0.039892183288409704,74,1855,0.042238069116840374,154,3646,0.04676753782668501,306,6543,False,False
Epuyen/18-19 Patient 14,p137,ANDV Epuyen/18-19 Patient 14,p137,II,III,Argentinean sequences,Chilean sequences,False,False,False,0.039892183288409704,74,1855,0.04224965706447188,154,3645,0.046788990825688076,306,6540,False,False
Epuyen/18-19 Patient 14,CHI-Hu13724 P1,ANDV Epuyen/18-19 Patient 14,ANDV CHI-Hu13724 P1,II,III,Argentinean sequences,Chilean sequences,False,False,False,0.039892183288409704,74,1855,0.042238069116840374,154,3646,0.04676753782668501,306,6543,False,False
Epuyen/18-19 Patient 14,p1059,ANDV Epuyen/18-19 Patient 14,p1059,II,III,Argentinean sequences,Chilean sequences,False,True,False,0.039913700107874865,74,1854,0.04415798134942402,161,3646,0.0463231921724507,303,6541,False,False
Epuyen/18-19 Patient 14,NRC-4/18,ANDV Epuyen/18-19 Patient 14,ANDV NRC-4/18,II,III,Argentinean sequences,Argentinean sequences,False,True,False,0.040453074433656956,75,1854,0.04293136450642603,157,3657,0.04494038520330174,294,6542,False,False
Epuyen/18-19 Patient 14,NRC-3/18,ANDV Epuyen/18-19 Patient 14,ANDV NRC-3/18,II,III,Argentinean sequences,Argentinean sequences,False,True,False,0.04051863857374392,75,1851,0.0426812585499316,156,3655,0.044961003211500226,294,6539,False,False
Epuyen/18-19 Patient 14,132D,ANDV Epuyen/18-19 Patient 14,132D,II,III,Argentinean sequences,Chilean sequences,False,True,False,0.03891891891891892,72,1850,0.04678040726472207,170,3634,0.04729833154752793,309,6533,False,False
Epuyen/18-19 Patient 14,p1239,ANDV Epuyen/18-19 Patient 14,p1239,II,III,Argentinean sequences,Chilean sequences,False,True,False,0.038295577130528585,71,1854,0.043120021971985716,157,3641,0.04664321761737269,305,6539,False,False
Epuyen/18-19 Patient 14,p1242,ANDV Epuyen/18-19 Patient 14,p1242,II,III,Argentinean sequences,Chilean sequences,False,True,False,0.041531823085221145,77,1854,0.044194345319791384,161,3643,0.046483180428134555,304,6540,False,False
Epuyen/18-19 Patient 14,p931,ANDV Epuyen/18-19 Patient 14,p931,II,III,Argentinean sequences,Chilean sequences,False,True,False,0.040992448759439054,76,1854,0.044194345319791384,161,3643,0.045419788958556355,297,6539,False,False
Epuyen/18-19 Patient 14,p1236,ANDV Epuyen/18-19 Patient 14,p1236,II,III,Argentinean sequences,Chilean sequences,False,True,False,0.039374325782092774,73,1854,0.04252400548696845,155,3645,0.05105058365758755,328,6425,True,False
Epuyen/18-19 Patient 14,cruise,ANDV Epuyen/18-19 Patient 14,France-Case 9,II,III,Argentinean sequences,Cruise ship outbreak sequences,False,True,False,0.039502164502164504,73,1848,0.04439572485612497,162,3649,0.04554485709918998,298,6543,False,True
Epuyen/18-19 Patient 14,cruise,ANDV Epuyen/18-19 Patient 14,Spain-Case 10,II,III,Argentinean sequences,Cruise ship outbreak sequences,False,True,False,0.03956639566395664,73,1845,0.044444444444444446,162,3645,0.04557968797797492,298,6538,False,True
Epuyen/18-19 Patient 14,cruise,ANDV Epuyen/18-19 Patient 14,Spain-Case 12,II,III,Argentinean sequences,Cruise ship outbreak sequences,False,True,False,0.03956639566395664,73,1845,0.044444444444444446,162,3645,0.04557968797797492,298,6538,False,True
Epuyen/18-19 Patient 14,Switzerland-Case 7,ANDV Epuyen/18-19 Patient 14,Switzerland-Case 7,II,III,Argentinean sequences,Cruise ship outbreak sequences,False,True,False,0.03956639566395664,73,1845,0.044444444444444446,162,3645,0.04569769219012685,299,6543,False,True
Epuyen/18-19 Patient 14,cruise,ANDV Epuyen/18-19 Patient 14,Netherlands-Case 6,II,III,Argentinean sequences,Cruise ship outbreak sequences,False,True,False,0.04006586169045005,73,1822,0.04468965517241379,162,3625,0.04514452744397532,278,6158,False,True
Epuyen/18-19 Patient 14,cruise,ANDV Epuyen/18-19 Patient 14,Netherlands-Case 5,II,III,Argentinean sequences,Cruise ship outbreak sequences,False,True,False,0.04053303720155469,73,1801,0.045212019095759615,161,3561,0.045756685731952386,296,6469,False,True
Epuyen/18-19 Patient 14,cruise,ANDV Epuyen/18-19 Patient 14,Johannesburg-Case 2,II,III,Argentinean sequences,Cruise ship outbreak sequences,False,True,False,0.041500852757248435,73,1759,0.0448256779192031,162,3614,0.046108618288720406,298,6463,False,True
Epuyen/18-19 Patient 14,cruise,ANDV Epuyen/18-19 Patient 14,Johannesburg-Case 3,II,III,Argentinean sequences,Cruise ship outbreak sequences,False,True,False,0.04152445961319681,73,1758,0.04483430799220273,161,3591,0.04569150567310641,298,6522,False,True
Epuyen/18-19 Patient 14,cruise,ANDV Epuyen/18-19 Patient 14,Canada-Case 11_NPswab,II,III,Argentinean sequences,Cruise ship outbreak sequences,False,True,False,0.039597737272155875,63,1591,0.04665825977301387,148,3172,0.04586404586404586,280,6105,False,True
Epuyen/18-19 Patient 14,cruise,ANDV Epuyen/18-19 Patient 14,Canada-Case 11_blood,II,III,Argentinean sequences,Cruise ship outbreak sequences,False,True,False,0.042045454545454546,74,1760,0.04512331838565022,161,3568,0.045964642582628744,299,6505,False,True
Epuyen/18-19 Patient 11,Epuyen/18-19 Patient 27,ANDV Epuyen/18-19 Patient 11,ANDV Epuyen/18-19 Patient 27,II,II,Argentinean sequences,Argentinean sequences,False,False,True,0.0,0,1844,0.0,0,3644,0.0,0,6522,False,False
Epuyen/18-19 Patient 11,Epuyen/18-19 Patient 5,ANDV Epuyen/18-19 Patient 11,ANDV Epuyen/18-19 Patient 5,II,II,Argentinean sequences,Argentinean sequences,False,False,True,0.0,0,1844,0.0,0,3645,0.0,0,6522,False,False
Epuyen/18-19 Patient 11,Epuyen,ANDV Epuyen/18-19 Patient 11,ANDV Epuyen,II,II,Argentinean sequences,Argentinean sequences,False,False,True,0.0005458515283842794,1,1832,0.00027434842249657066,1,3645,0.00015482272797646694,1,6459,False,False
Epuyen/18-19 Patient 11,p334,ANDV Epuyen/18-19 Patient 11,p334,II,I,Argentinean sequences,Chilean sequences,False,False,False,0.04829083016820401,89,1843,0.06903190319031903,251,3636,0.06562404170499847,428,6522,False,False
Epuyen/18-19 Patient 11,p1060,ANDV Epuyen/18-19 Patient 11,p1060,II,I,Argentinean sequences,Chilean sequences,False,False,False,0.042911461162411735,79,1841,0.06626340390431674,241,3637,0.07129714811407543,465,6522,False,False
Epuyen/18-19 Patient 11,p1056,ANDV Epuyen/18-19 Patient 11,p1056,II,I,Argentinean sequences,Chilean sequences,False,False,False,0.04340748779164406,80,1843,0.04591696453120704,167,3637,0.047224777675559645,308,6522,False,False
Epuyen/18-19 Patient 11,NRC-2/97,ANDV Epuyen/18-19 Patient 11,ANDV NRC-2/97,II,I,Argentinean sequences,Argentinean sequences,False,False,False,0.041802388707926165,77,1842,0.04473106476399561,163,3644,0.0466193269527632,302,6478,False,False
Epuyen/18-19 Patient 11,p115D,ANDV Epuyen/18-19 Patient 11,p115D,II,I,Argentinean sequences,Chilean sequences,False,False,False,0.03745928338762215,69,1842,0.04399230134726423,160,3637,0.08524992333639987,556,6522,False,False
Epuyen/18-19 Patient 11,p915,ANDV Epuyen/18-19 Patient 11,p915,II,I,Argentinean sequences,Chilean sequences,False,False,False,0.03858695652173913,71,1840,0.0453920220082531,165,3635,0.08509659613615456,555,6522,False,False
Epuyen/18-19 Patient 11,p201,ANDV Epuyen/18-19 Patient 11,p201,II,I,Argentinean sequences,Chilean sequences,False,False,False,0.038002171552660155,70,1842,0.04454220511410503,162,3637,0.08478994173566391,553,6522,False,False
Epuyen/18-19 Patient 11,p1064,ANDV Epuyen/18-19 Patient 11,p1064,II,I,Argentinean sequences,Chilean sequences,False,False,False,0.03798155181768855,70,1843,0.047867950481430534,174,3635,0.0443115608708985,289,6522,False,False
Epuyen/18-19 Patient 11,CHI-7913,ANDV Epuyen/18-19 Patient 11,ANDV CHI-7913,II,I,Argentinean sequences,Chilean sequences,False,False,False,0.03995560488346282,72,1802,0.04243593276384679,154,3629,0.043040718377457814,278,6459,False,False
Epuyen/18-19 Patient 11,p1062,ANDV Epuyen/18-19 Patient 11,p1062,II,I,Argentinean sequences,Chilean sequences,False,False,False,0.03906673901247965,72,1843,0.0379433599120154,138,3637,0.04737810487580497,309,6522,False,False
Epuyen/18-19 Patient 11,p1058,ANDV Epuyen/18-19 Patient 11,p1058,II,I,Argentinean sequences,Chilean sequences,False,False,False,0.038002171552660155,70,1842,0.04591696453120704,167,3637,0.04661146887457835,304,6522,False,False
Epuyen/18-19 Patient 11,NRC-5/18,ANDV Epuyen/18-19 Patient 11,ANDV NRC-5/18,II,I,Argentinean sequences,Argentinean sequences,False,False,False,0.037418655097613884,69,1844,0.04718792866941015,172,3645,0.047772657450076805,311,6510,False,False
Epuyen/18-19 Patient 11,p1241,ANDV Epuyen/18-19 Patient 11,p1241,II,I,Argentinean sequences,Chilean sequences,False,False,False,0.03798155181768855,70,1843,0.04591696453120704,167,3637,0.04876552675969943,318,6521,False,False
Epuyen/18-19 Patient 11,p1313,ANDV Epuyen/18-19 Patient 11,p1313,II,I,Argentinean sequences,Chilean sequences,False,False,False,0.033640803038524146,62,1843,0.04536706076436624,165,3637,0.05090463048144741,332,6522,False,False
Epuyen/18-19 Patient 11,p126,ANDV Epuyen/18-19 Patient 11,p126,II,I,Argentinean sequences,Chilean sequences,False,False,False,0.033640803038524146,62,1843,0.04701677206488864,171,3637,0.050291321680466114,328,6522,False,False
Epuyen/18-19 Patient 11,136D,ANDV Epuyen/18-19 Patient 11,136D,II,I,Argentinean sequences,Chilean sequences,False,False,False,0.04065934065934066,74,1820,0.04857384919514261,172,3541,0.04882180810103188,317,6493,False,False
Epuyen/18-19 Patient 11,p1052,ANDV Epuyen/18-19 Patient 11,p1052,II,I,Argentinean sequences,Chilean sequences,False,False,False,0.0385241454150841,71,1843,0.043442397580423425,158,3637,0.04829806807727691,315,6522,False,False
Epuyen/18-19 Patient 11,131D,ANDV Epuyen/18-19 Patient 11,131D,II,I,Argentinean sequences,Chilean sequences,False,False,False,0.040694519804666304,75,1843,0.043952967525195966,157,3572,0.04926108374384237,320,6496,False,False
Epuyen/18-19 Patient 11,p127,ANDV Epuyen/18-19 Patient 11,p127,II,I,Argentinean sequences,Chilean sequences,False,False,False,0.0396093326098752,73,1843,0.045092108880945836,164,3637,0.0489113768782582,319,6522,False,False
Epuyen/18-19 Patient 11,p1427,ANDV Epuyen/18-19 Patient 11,p1427,II,I,Argentinean sequences,Chilean sequences,False,False,False,0.03745928338762215,69,1842,0.042067638163321416,153,3637,0.046304814474087706,302,6522,False,False
Epuyen/18-19 Patient 11,p1430,ANDV Epuyen/18-19 Patient 11,p1430,II,I,Argentinean sequences,Chilean sequences,False,False,False,0.037438958220293,69,1843,0.04151773439648061,151,3637,0.046918123275068994,306,6522,False,False
Epuyen/18-19 Patient 11,ANDV-CH-LS-2016,ANDV Epuyen/18-19 Patient 11,ANDV-CH-LS-2016,II,I,Argentinean sequences,Chilean sequences,False,False,False,0.0384829894032348,69,1793,0.042429284525790346,153,3606,0.04765928680074362,282,5917,False,False
Epuyen/18-19 Patient 11,ANDV-CH-LS-2022,ANDV Epuyen/18-19 Patient 11,ANDV-CH-LS-2022,II,I,Argentinean sequences,Chilean sequences,False,False,False,0.03806818181818182,67,1760,0.04265264387963774,146,3423,0.04714560615779346,294,6236,False,False
Epuyen/18-19 Patient 11,ARG p19,ANDV Epuyen/18-19 Patient 11,ANDV ARG p19,II,III,Argentinean sequences,Argentinean sequences,False,False,False,0.04121475054229935,76,1844,0.039043167445697004,142,3637,0.04560915275200989,295,6468,False,False
Epuyen/18-19 Patient 11,ARG p3,ANDV Epuyen/18-19 Patient 11,ANDV ARG p3,II,III,Argentinean sequences,Argentinean sequences,False,False,False,0.04067245119305857,75,1844,0.0387682155622766,141,3637,0.045078196872125116,294,6522,False,False
Epuyen/18-19 Patient 11,ARG-M.a.,ANDV Epuyen/18-19 Patient 11,ANDV ARG-M.a.,II,III,Argentinean sequences,Argentinean sequences,False,False,False,0.04121475054229935,76,1844,0.0387682155622766,141,3637,0.045701006971340045,295,6455,False,False
Epuyen/18-19 Patient 11,ARG p9,ANDV Epuyen/18-19 Patient 11,ANDV ARG p9,II,III,Argentinean sequences,Argentinean sequences,False,False,False,0.04121475054229935,76,1844,0.0387682155622766,141,3637,0.045454545454545456,294,6468,False,False
Epuyen/18-19 Patient 11,p1316,ANDV Epuyen/18-19 Patient 11,p1316,II,III,Argentinean sequences,Chilean sequences,False,False,False,0.039045553145336226,72,1844,0.040692878746219414,148,3637,0.044771542471634465,292,6522,False,False
Epuyen/18-19 Patient 11,CHI-Hu13724 P2,ANDV Epuyen/18-19 Patient 11,ANDV CHI-Hu13724 P2,II,III,Argentinean sequences,Chilean sequences,False,False,False,0.04067245119305857,75,1844,0.04234259004674182,154,3637,0.046918123275068994,306,6522,False,False
Epuyen/18-19 Patient 11,p136,ANDV Epuyen/18-19 Patient 11,p136,II,III,Argentinean sequences,Chilean sequences,False,False,False,0.04013015184381779,74,1844,0.04234259004674182,154,3637,0.046918123275068994,306,6522,False,False
Epuyen/18-19 Patient 11,p137,ANDV Epuyen/18-19 Patient 11,p137,II,III,Argentinean sequences,Chilean sequences,False,False,False,0.04013015184381779,74,1844,0.04234259004674182,154,3637,0.046918123275068994,306,6522,False,False
Epuyen/18-19 Patient 11,CHI-Hu13724 P1,ANDV Epuyen/18-19 Patient 11,ANDV CHI-Hu13724 P1,II,III,Argentinean sequences,Chilean sequences,False,False,False,0.04013015184381779,74,1844,0.04234259004674182,154,3637,0.046918123275068994,306,6522,False,False
Epuyen/18-19 Patient 11,p1059,ANDV Epuyen/18-19 Patient 11,p1059,II,III,Argentinean sequences,Chilean sequences,False,True,False,0.040151926207270754,74,1843,0.04426725323068463,161,3637,0.04645814167433303,303,6522,False,False
Epuyen/18-19 Patient 11,NRC-4/18,ANDV Epuyen/18-19 Patient 11,ANDV NRC-4/18,II,III,Argentinean sequences,Argentinean sequences,False,True,False,0.040694519804666304,75,1843,0.043072702331961595,157,3645,0.045085109645759854,294,6521,False,False
Epuyen/18-19 Patient 11,NRC-3/18,ANDV Epuyen/18-19 Patient 11,ANDV NRC-3/18,II,III,Argentinean sequences,Argentinean sequences,False,True,False,0.040694519804666304,75,1843,0.04279835390946502,156,3645,0.045078196872125116,294,6522,False,False
Epuyen/18-19 Patient 11,132D,ANDV Epuyen/18-19 Patient 11,132D,II,III,Argentinean sequences,Chilean sequences,False,True,False,0.03908794788273615,72,1842,0.046831955922865015,170,3630,0.04739990796134377,309,6519,False,False
Epuyen/18-19 Patient 11,p1239,ANDV Epuyen/18-19 Patient 11,p1239,II,III,Argentinean sequences,Chilean sequences,False,True,False,0.0385241454150841,71,1843,0.043191196698762035,157,3635,0.04676479607482367,305,6522,False,False
Epuyen/18-19 Patient 11,p1242,ANDV Epuyen/18-19 Patient 11,p1242,II,III,Argentinean sequences,Chilean sequences,False,True,False,0.041779706999457406,77,1843,0.04426725323068463,161,3637,0.04661146887457835,304,6522,False,False
Epuyen/18-19 Patient 11,p931,ANDV Epuyen/18-19 Patient 11,p931,II,III,Argentinean sequences,Chilean sequences,False,True,False,0.041237113402061855,76,1843,0.04426725323068463,161,3637,0.04553817847286108,297,6522,False,False
Epuyen/18-19 Patient 11,p1236,ANDV Epuyen/18-19 Patient 11,p1236,II,III,Argentinean sequences,Chilean sequences,False,True,False,0.0396093326098752,73,1843,0.04261754193016222,155,3637,0.05110626363353069,328,6418,True,False
Epuyen/18-19 Patient 11,cruise,ANDV Epuyen/18-19 Patient 11,France-Case 9,II,III,Argentinean sequences,Cruise ship outbreak sequences,False,True,False,0.03973870440936309,73,1837,0.04454220511410503,162,3637,0.04569150567310641,298,6522,False,True
Epuyen/18-19 Patient 11,cruise,ANDV Epuyen/18-19 Patient 11,Spain-Case 10,II,III,Argentinean sequences,Cruise ship outbreak sequences,False,True,False,0.03973870440936309,73,1837,0.04454220511410503,162,3637,0.04569150567310641,298,6522,False,True
Epuyen/18-19 Patient 11,cruise,ANDV Epuyen/18-19 Patient 11,Spain-Case 12,II,III,Argentinean sequences,Cruise ship outbreak sequences,False,True,False,0.03973870440936309,73,1837,0.04454220511410503,162,3637,0.04569150567310641,298,6522,False,True
Epuyen/18-19 Patient 11,Switzerland-Case 7,ANDV Epuyen/18-19 Patient 11,Switzerland-Case 7,II,III,Argentinean sequences,Cruise ship outbreak sequences,False,True,False,0.03973870440936309,73,1837,0.04454220511410503,162,3637,0.04584483287335173,299,6522,False,True
Epuyen/18-19 Patient 11,cruise,ANDV Epuyen/18-19 Patient 11,Netherlands-Case 6,II,III,Argentinean sequences,Cruise ship outbreak sequences,False,True,False,0.04006586169045005,73,1822,0.04468965517241379,162,3625,0.04522531316089149,278,6147,False,True
Epuyen/18-19 Patient 11,cruise,ANDV Epuyen/18-19 Patient 11,Netherlands-Case 5,II,III,Argentinean sequences,Cruise ship outbreak sequences,False,True,False,0.04053303720155469,73,1801,0.045212019095759615,161,3561,0.04585592563903951,296,6455,False,True
Epuyen/18-19 Patient 11,cruise,ANDV Epuyen/18-19 Patient 11,Johannesburg-Case 2,II,III,Argentinean sequences,Cruise ship outbreak sequences,False,True,False,0.041500852757248435,73,1759,0.0448256779192031,162,3614,0.04602510460251046,297,6453,False,True
Epuyen/18-19 Patient 11,cruise,ANDV Epuyen/18-19 Patient 11,Johannesburg-Case 3,II,III,Argentinean sequences,Cruise ship outbreak sequences,False,True,False,0.04152445961319681,73,1758,0.04483430799220273,161,3591,0.04576167076167076,298,6512,False,True
Epuyen/18-19 Patient 11,cruise,ANDV Epuyen/18-19 Patient 11,Canada-Case 11_NPswab,II,III,Argentinean sequences,Cruise ship outbreak sequences,False,True,False,0.039597737272155875,63,1591,0.04665825977301387,148,3172,0.045916693998032145,280,6098,False,True
Epuyen/18-19 Patient 11,cruise,ANDV Epuyen/18-19 Patient 11,Canada-Case 11_blood,II,III,Argentinean sequences,Cruise ship outbreak sequences,False,True,False,0.042045454545454546,74,1760,0.04512331838565022,161,3568,0.04601415820252385,299,6498,False,True
Epuyen/18-19 Patient 27,Epuyen/18-19 Patient 5,ANDV Epuyen/18-19 Patient 27,ANDV Epuyen/18-19 Patient 5,II,II,Argentinean sequences,Argentinean sequences,False,False,True,0.0,0,1846,0.0,0,3644,0.0,0,6533,False,False
Epuyen/18-19 Patient 27,Epuyen,ANDV Epuyen/18-19 Patient 27,ANDV Epuyen,II,II,Argentinean sequences,Argentinean sequences,False,False,True,0.0005458515283842794,1,1832,0.00027434842249657066,1,3645,0.00015460729746444033,1,6468,False,False
Epuyen/18-19 Patient 27,p334,ANDV Epuyen/18-19 Patient 27,p334,II,I,Argentinean sequences,Chilean sequences,False,False,False,0.048186247969680567,89,1847,0.06899395272127543,251,3638,0.0655135466095209,428,6533,False,False
Epuyen/18-19 Patient 27,p1060,ANDV Epuyen/18-19 Patient 27,p1060,II,I,Argentinean sequences,Chilean sequences,False,False,False,0.042818428184281845,79,1845,0.06622698543555922,241,3639,0.0711771008724935,465,6533,False,False
Epuyen/18-19 Patient 27,p1056,ANDV Epuyen/18-19 Patient 27,p1056,II,I,Argentinean sequences,Chilean sequences,False,False,False,0.04331348132106118,80,1847,0.04589172849683979,167,3639,0.04729833154752793,309,6533,False,False
Epuyen/18-19 Patient 27,NRC-2/97,ANDV Epuyen/18-19 Patient 27,ANDV NRC-2/97,II,I,Argentinean sequences,Argentinean sequences,False,False,False,0.04171180931744312,77,1846,0.04470652770159078,163,3646,0.046540298967483434,302,6489,False,False
Epuyen/18-19 Patient 27,p115D,ANDV Epuyen/18-19 Patient 27,p115D,II,I,Argentinean sequences,Chilean sequences,False,False,False,0.03737811484290358,69,1846,0.04400440044004401,160,3636,0.0851063829787234,556,6533,False,False
Epuyen/18-19 Patient 27,p915,ANDV Epuyen/18-19 Patient 27,p915,II,I,Argentinean sequences,Chilean sequences,False,False,False,0.03850325379609545,71,1844,0.045404512933406714,165,3634,0.084953313944589,555,6533,False,False
Epuyen/18-19 Patient 27,p201,ANDV Epuyen/18-19 Patient 27,p201,II,I,Argentinean sequences,Chilean sequences,False,False,False,0.03791982665222102,70,1846,0.04452996151731721,162,3638,0.08464717587632022,553,6533,False,False
Epuyen/18-19 Patient 27,p1064,ANDV Epuyen/18-19 Patient 27,p1064,II,I,Argentinean sequences,Chilean sequences,False,False,False,0.03952355170546833,73,1847,0.04788112272977435,174,3634,0.044236950864840044,289,6533,False,False
Epuyen/18-19 Patient 27,CHI-7913,ANDV Epuyen/18-19 Patient 27,ANDV CHI-7913,II,I,Argentinean sequences,Chilean sequences,False,False,False,0.03995560488346282,72,1802,0.04244762954796031,154,3628,0.04299412310547479,278,6466,False,False
Epuyen/18-19 Patient 27,p1062,ANDV Epuyen/18-19 Patient 27,p1062,II,I,Argentinean sequences,Chilean sequences,False,False,False,0.03898213318895506,72,1847,0.03792250618301731,138,3639,0.04729833154752793,309,6533,False,False
Epuyen/18-19 Patient 27,p1058,ANDV Epuyen/18-19 Patient 27,p1058,II,I,Argentinean sequences,Chilean sequences,False,False,False,0.03791982665222102,70,1846,0.04589172849683979,167,3639,0.04653298637685596,304,6533,False,False
Epuyen/18-19 Patient 27,NRC-5/18,ANDV Epuyen/18-19 Patient 27,ANDV NRC-5/18,II,I,Argentinean sequences,Argentinean sequences,False,False,False,0.037337662337662336,69,1848,0.047174986286341196,172,3646,0.04769207176813372,311,6521,False,False
Epuyen/18-19 Patient 27,p1241,ANDV Epuyen/18-19 Patient 27,p1241,II,I,Argentinean sequences,Chilean sequences,False,False,False,0.03789929615592853,70,1847,0.04589172849683979,167,3639,0.04883649724433558,319,6532,False,False
Epuyen/18-19 Patient 27,p1313,ANDV Epuyen/18-19 Patient 27,p1313,II,I,Argentinean sequences,Chilean sequences,False,False,False,0.033567948023822416,62,1847,0.04534212695795548,165,3639,0.05081891933261901,332,6533,False,False
Epuyen/18-19 Patient 27,p126,ANDV Epuyen/18-19 Patient 27,p126,II,I,Argentinean sequences,Chilean sequences,False,False,False,0.033567948023822416,62,1847,0.04699093157460841,171,3639,0.05020664319608143,328,6533,False,False
Epuyen/18-19 Patient 27,136D,ANDV Epuyen/18-19 Patient 27,136D,II,I,Argentinean sequences,Chilean sequences,False,False,False,0.04065934065934066,74,1820,0.04857384919514261,172,3541,0.04892307692307692,318,6500,False,False
Epuyen/18-19 Patient 27,p1052,ANDV Epuyen/18-19 Patient 27,p1052,II,I,Argentinean sequences,Chilean sequences,False,False,False,0.0384407146724418,71,1847,0.0434185215718604,158,3639,0.048216745752334304,315,6533,False,False
Epuyen/18-19 Patient 27,131D,ANDV Epuyen/18-19 Patient 27,131D,II,I,Argentinean sequences,Chilean sequences,False,False,False,0.04065040650406504,75,1845,0.043952967525195966,157,3572,0.04920805781946794,320,6503,False,False
Epuyen/18-19 Patient 27,p127,ANDV Epuyen/18-19 Patient 27,p127,II,I,Argentinean sequences,Chilean sequences,False,False,False,0.03952355170546833,73,1847,0.04506732618851333,164,3639,0.04882902188887188,319,6533,False,False
Epuyen/18-19 Patient 27,p1427,ANDV Epuyen/18-19 Patient 27,p1427,II,I,Argentinean sequences,Chilean sequences,False,False,False,0.03737811484290358,69,1846,0.04204451772464963,153,3639,0.04622684830858717,302,6533,False,False
Epuyen/18-19 Patient 27,p1430,ANDV Epuyen/18-19 Patient 27,p1430,II,I,Argentinean sequences,Chilean sequences,False,False,False,0.03735787763941527,69,1847,0.04149491618576532,151,3639,0.04683912444512475,306,6533,False,False
Epuyen/18-19 Patient 27,ANDV-CH-LS-2016,ANDV Epuyen/18-19 Patient 27,ANDV-CH-LS-2016,II,I,Argentinean sequences,Chilean sequences,False,False,False,0.0384829894032348,69,1793,0.042429284525790346,153,3606,0.04760297096556381,282,5924,False,False
Epuyen/18-19 Patient 27,ANDV-CH-LS-2022,ANDV Epuyen/18-19 Patient 27,ANDV-CH-LS-2022,II,I,Argentinean sequences,Chilean sequences,False,False,False,0.03806818181818182,67,1760,0.04265264387963774,146,3423,0.047092743873137916,294,6243,False,False
Epuyen/18-19 Patient 27,ARG p19,ANDV Epuyen/18-19 Patient 27,ANDV ARG p19,II,III,Argentinean sequences,Argentinean sequences,False,False,False,0.04112554112554113,76,1848,0.03902170926078593,142,3639,0.04555984555984556,295,6475,False,False
Epuyen/18-19 Patient 27,ARG p3,ANDV Epuyen/18-19 Patient 27,ANDV ARG p3,II,III,Argentinean sequences,Argentinean sequences,False,False,False,0.040584415584415584,75,1848,0.038746908491343775,141,3639,0.045002296035512014,294,6533,False,False
Epuyen/18-19 Patient 27,ARG-M.a.,ANDV Epuyen/18-19 Patient 27,ANDV ARG-M.a.,II,III,Argentinean sequences,Argentinean sequences,False,False,False,0.04112554112554113,76,1848,0.038778877887788776,141,3636,0.045651501083255955,295,6462,False,False
Epuyen/18-19 Patient 27,ARG p9,ANDV Epuyen/18-19 Patient 27,ANDV ARG p9,II,III,Argentinean sequences,Argentinean sequences,False,False,False,0.04112554112554113,76,1848,0.038746908491343775,141,3639,0.04540540540540541,294,6475,False,False
Epuyen/18-19 Patient 27,p1316,ANDV Epuyen/18-19 Patient 27,p1316,II,III,Argentinean sequences,Chilean sequences,False,False,False,0.03896103896103896,72,1848,0.040670513877438856,148,3639,0.04469615796724322,292,6533,False,False
Epuyen/18-19 Patient 27,CHI-Hu13724 P2,ANDV Epuyen/18-19 Patient 27,ANDV CHI-Hu13724 P2,II,III,Argentinean sequences,Chilean sequences,False,False,False,0.040584415584415584,75,1848,0.04231931849409178,154,3639,0.04683912444512475,306,6533,False,False
Epuyen/18-19 Patient 27,p136,ANDV Epuyen/18-19 Patient 27,p136,II,III,Argentinean sequences,Chilean sequences,False,False,False,0.04004329004329004,74,1848,0.04231931849409178,154,3639,0.04683912444512475,306,6533,False,False
Epuyen/18-19 Patient 27,p137,ANDV Epuyen/18-19 Patient 27,p137,II,III,Argentinean sequences,Chilean sequences,False,False,False,0.04004329004329004,74,1848,0.04233095107201759,154,3638,0.04683912444512475,306,6533,False,False
Epuyen/18-19 Patient 27,CHI-Hu13724 P1,ANDV Epuyen/18-19 Patient 27,ANDV CHI-Hu13724 P1,II,III,Argentinean sequences,Chilean sequences,False,False,False,0.04004329004329004,74,1848,0.04231931849409178,154,3639,0.04683912444512475,306,6533,False,False
Epuyen/18-19 Patient 27,p1059,ANDV Epuyen/18-19 Patient 27,p1059,II,III,Argentinean sequences,Chilean sequences,False,True,False,0.04006497022198159,74,1847,0.044242923880186864,161,3639,0.046379917342721566,303,6533,False,False
Epuyen/18-19 Patient 27,NRC-4/18,ANDV Epuyen/18-19 Patient 27,ANDV NRC-4/18,II,III,Argentinean sequences,Argentinean sequences,False,True,False,0.040606388738494856,75,1847,0.043049081436797365,157,3647,0.04500918554807103,294,6532,False,False
Epuyen/18-19 Patient 27,NRC-3/18,ANDV Epuyen/18-19 Patient 27,ANDV NRC-3/18,II,III,Argentinean sequences,Argentinean sequences,False,True,False,0.040606388738494856,75,1847,0.042774883465862355,156,3647,0.045002296035512014,294,6533,False,False
Epuyen/18-19 Patient 27,132D,ANDV Epuyen/18-19 Patient 27,132D,II,III,Argentinean sequences,Chilean sequences,False,True,False,0.039045553145336226,72,1844,0.04684486084320749,170,3629,0.04733455882352941,309,6528,False,False
Epuyen/18-19 Patient 27,p1239,ANDV Epuyen/18-19 Patient 27,p1239,II,III,Argentinean sequences,Chilean sequences,False,True,False,0.0384407146724418,71,1847,0.04320308200330215,157,3634,0.04668605541099036,305,6533,False,False
Epuyen/18-19 Patient 27,p1242,ANDV Epuyen/18-19 Patient 27,p1242,II,III,Argentinean sequences,Chilean sequences,False,True,False,0.041689225771521385,77,1847,0.044279427942794276,161,3636,0.04653298637685596,304,6533,False,False
Epuyen/18-19 Patient 27,p931,ANDV Epuyen/18-19 Patient 27,p931,II,III,Argentinean sequences,Chilean sequences,False,True,False,0.04114780725500812,76,1847,0.044279427942794276,161,3636,0.0454615031379152,297,6533,False,False
Epuyen/18-19 Patient 27,p1236,ANDV Epuyen/18-19 Patient 27,p1236,II,III,Argentinean sequences,Chilean sequences,False,True,False,0.03952355170546833,73,1847,0.042605827377680046,155,3638,0.05105058365758755,328,6425,True,False
Epuyen/18-19 Patient 27,cruise,ANDV Epuyen/18-19 Patient 27,France-Case 9,II,III,Argentinean sequences,Cruise ship outbreak sequences,False,True,False,0.039652362846279196,73,1841,0.04451772464962902,162,3639,0.045614572172049596,298,6533,False,True
Epuyen/18-19 Patient 27,cruise,ANDV Epuyen/18-19 Patient 27,Spain-Case 10,II,III,Argentinean sequences,Cruise ship outbreak sequences,False,True,False,0.03969548667754214,73,1839,0.04452996151731721,162,3638,0.045614572172049596,298,6533,False,True
Epuyen/18-19 Patient 27,cruise,ANDV Epuyen/18-19 Patient 27,Spain-Case 12,II,III,Argentinean sequences,Cruise ship outbreak sequences,False,True,False,0.03969548667754214,73,1839,0.04452996151731721,162,3638,0.045614572172049596,298,6533,False,True
Epuyen/18-19 Patient 27,Switzerland-Case 7,ANDV Epuyen/18-19 Patient 27,Switzerland-Case 7,II,III,Argentinean sequences,Cruise ship outbreak sequences,False,True,False,0.03969548667754214,73,1839,0.04452996151731721,162,3638,0.04576764120618399,299,6533,False,True
Epuyen/18-19 Patient 27,cruise,ANDV Epuyen/18-19 Patient 27,Netherlands-Case 6,II,III,Argentinean sequences,Cruise ship outbreak sequences,False,True,False,0.04006586169045005,73,1822,0.04468965517241379,162,3625,0.0451591942820013,278,6156,False,True
Epuyen/18-19 Patient 27,cruise,ANDV Epuyen/18-19 Patient 27,Netherlands-Case 5,II,III,Argentinean sequences,Cruise ship outbreak sequences,False,True,False,0.04053303720155469,73,1801,0.045212019095759615,161,3561,0.04579207920792079,296,6464,False,True
Epuyen/18-19 Patient 27,cruise,ANDV Epuyen/18-19 Patient 27,Johannesburg-Case 2,II,III,Argentinean sequences,Cruise ship outbreak sequences,False,True,False,0.041500852757248435,73,1759,0.0448256779192031,162,3614,0.04596100278551532,297,6462,False,True
Epuyen/18-19 Patient 27,cruise,ANDV Epuyen/18-19 Patient 27,Johannesburg-Case 3,II,III,Argentinean sequences,Cruise ship outbreak sequences,False,True,False,0.04152445961319681,73,1758,0.04483430799220273,161,3591,0.04570552147239264,298,6520,False,True
Epuyen/18-19 Patient 27,cruise,ANDV Epuyen/18-19 Patient 27,Canada-Case 11_NPswab,II,III,Argentinean sequences,Cruise ship outbreak sequences,False,True,False,0.039597737272155875,63,1591,0.04665825977301387,148,3172,0.04586404586404586,280,6105,False,True
Epuyen/18-19 Patient 27,cruise,ANDV Epuyen/18-19 Patient 27,Canada-Case 11_blood,II,III,Argentinean sequences,Cruise ship outbreak sequences,False,True,False,0.042045454545454546,74,1760,0.04512331838565022,161,3568,0.045964642582628744,299,6505,False,True
Epuyen/18-19 Patient 5,Epuyen,ANDV Epuyen/18-19 Patient 5,ANDV Epuyen,II,II,Argentinean sequences,Argentinean sequences,False,False,True,0.0005449591280653951,1,1835,0.0005485463521667581,2,3646,0.0001544878727019929,1,6473,False,False
Epuyen/18-19 Patient 5,p334,ANDV Epuyen/18-19 Patient 5,p334,II,I,Argentinean sequences,Chilean sequences,False,False,False,0.04816017316017316,89,1848,0.06895604395604396,251,3640,0.0654434250764526,428,6540,False,False
Epuyen/18-19 Patient 5,p1060,ANDV Epuyen/18-19 Patient 5,p1060,II,I,Argentinean sequences,Chilean sequences,False,False,False,0.04279523293607801,79,1846,0.06619060697610546,241,3641,0.07112266748241053,465,6538,False,False
Epuyen/18-19 Patient 5,p1056,ANDV Epuyen/18-19 Patient 5,p1056,II,I,Argentinean sequences,Chilean sequences,False,False,False,0.04329004329004329,80,1848,0.04586652018676188,167,3641,0.04726215968185989,309,6538,False,False
Epuyen/18-19 Patient 5,NRC-2/97,ANDV Epuyen/18-19 Patient 5,ANDV NRC-2/97,II,I,Argentinean sequences,Argentinean sequences,False,False,False,0.041689225771521385,77,1847,0.04473106476399561,163,3644,0.04649014778325123,302,6496,False,False
Epuyen/18-19 Patient 5,p115D,ANDV Epuyen/18-19 Patient 5,p115D,II,I,Argentinean sequences,Chilean sequences,False,False,False,0.03735787763941527,69,1847,0.043943971436418566,160,3641,0.08501529051987768,556,6540,False,False
Epuyen/18-19 Patient 5,p915,ANDV Epuyen/18-19 Patient 5,p915,II,I,Argentinean sequences,Chilean sequences,False,False,False,0.03848238482384824,71,1845,0.04534212695795548,165,3639,0.08491432068543452,555,6536,False,False
Epuyen/18-19 Patient 5,p201,ANDV Epuyen/18-19 Patient 5,p201,II,I,Argentinean sequences,Chilean sequences,False,False,False,0.03789929615592853,70,1847,0.0444932710793738,162,3641,0.08460832313341493,553,6536,False,False
Epuyen/18-19 Patient 5,p1064,ANDV Epuyen/18-19 Patient 5,p1064,II,I,Argentinean sequences,Chilean sequences,False,False,False,0.038419913419913417,71,1848,0.04781533388293487,174,3639,0.044203120220250844,289,6538,False,False
Epuyen/18-19 Patient 5,CHI-7913,ANDV Epuyen/18-19 Patient 5,ANDV CHI-7913,II,I,Argentinean sequences,Chilean sequences,False,False,False,0.03995560488346282,72,1802,0.04238921001926782,154,3633,0.04299412310547479,278,6466,False,False
Epuyen/18-19 Patient 5,p1062,ANDV Epuyen/18-19 Patient 5,p1062,II,I,Argentinean sequences,Chilean sequences,False,False,False,0.03896103896103896,72,1848,0.037901675363911015,138,3641,0.04724770642201835,309,6540,False,False
Epuyen/18-19 Patient 5,p1058,ANDV Epuyen/18-19 Patient 5,p1058,II,I,Argentinean sequences,Chilean sequences,False,False,False,0.03789929615592853,70,1847,0.04586652018676188,167,3641,0.04649739981645763,304,6538,False,False
Epuyen/18-19 Patient 5,NRC-5/18,ANDV Epuyen/18-19 Patient 5,ANDV NRC-5/18,II,I,Argentinean sequences,Argentinean sequences,False,False,False,0.03731746890210925,69,1849,0.047149122807017545,172,3648,0.04764823042745519,311,6527,False,False
Epuyen/18-19 Patient 5,p1241,ANDV Epuyen/18-19 Patient 5,p1241,II,I,Argentinean sequences,Chilean sequences,False,False,False,0.03787878787878788,70,1848,0.04586652018676188,167,3641,0.04878421777030127,319,6539,False,False
Epuyen/18-19 Patient 5,p1313,ANDV Epuyen/18-19 Patient 5,p1313,II,I,Argentinean sequences,Chilean sequences,False,False,False,0.03354978354978355,62,1848,0.045317220543806644,165,3641,0.05078005506271031,332,6538,False,False
Epuyen/18-19 Patient 5,p126,ANDV Epuyen/18-19 Patient 5,p126,II,I,Argentinean sequences,Chilean sequences,False,False,False,0.03354978354978355,62,1848,0.046965119472672345,171,3641,0.0501682471703885,328,6538,False,False
Epuyen/18-19 Patient 5,136D,ANDV Epuyen/18-19 Patient 5,136D,II,I,Argentinean sequences,Chilean sequences,False,False,False,0.04065934065934066,74,1820,0.04857384919514261,172,3541,0.04892307692307692,318,6500,False,False
Epuyen/18-19 Patient 5,p1052,ANDV Epuyen/18-19 Patient 5,p1052,II,I,Argentinean sequences,Chilean sequences,False,False,False,0.038419913419913417,71,1848,0.04339467179346333,158,3641,0.048179871520342615,315,6538,False,False
Epuyen/18-19 Patient 5,131D,ANDV Epuyen/18-19 Patient 5,131D,II,I,Argentinean sequences,Chilean sequences,False,False,False,0.040584415584415584,75,1848,0.043952967525195966,157,3572,0.04920805781946794,320,6503,False,False
Epuyen/18-19 Patient 5,p127,ANDV Epuyen/18-19 Patient 5,p127,II,I,Argentinean sequences,Chilean sequences,False,False,False,0.039502164502164504,73,1848,0.045042570722329034,164,3641,0.04877675840978593,319,6540,False,False
Epuyen/18-19 Patient 5,p1427,ANDV Epuyen/18-19 Patient 5,p1427,II,I,Argentinean sequences,Chilean sequences,False,False,False,0.03735787763941527,69,1847,0.042021422686075255,153,3641,0.04617737003058104,302,6540,False,False
Epuyen/18-19 Patient 5,p1430,ANDV Epuyen/18-19 Patient 5,p1430,II,I,Argentinean sequences,Chilean sequences,False,False,False,0.037337662337662336,69,1848,0.04147212304312002,151,3641,0.046788990825688076,306,6540,False,False
Epuyen/18-19 Patient 5,ANDV-CH-LS-2016,ANDV Epuyen/18-19 Patient 5,ANDV-CH-LS-2016,II,I,Argentinean sequences,Chilean sequences,False,False,False,0.0384829894032348,69,1793,0.042429284525790346,153,3606,0.04760297096556381,282,5924,False,False
Epuyen/18-19 Patient 5,ANDV-CH-LS-2022,ANDV Epuyen/18-19 Patient 5,ANDV-CH-LS-2022,II,I,Argentinean sequences,Chilean sequences,False,False,False,0.03806818181818182,67,1760,0.04265264387963774,146,3423,0.047092743873137916,294,6243,False,False
Epuyen/18-19 Patient 5,ARG p19,ANDV Epuyen/18-19 Patient 5,ANDV ARG p19,II,III,Argentinean sequences,Argentinean sequences,False,False,False,0.0411032990805841,76,1849,0.039000274649821476,142,3641,0.04555984555984556,295,6475,False,False
Epuyen/18-19 Patient 5,ARG p3,ANDV Epuyen/18-19 Patient 5,ANDV ARG p3,II,III,Argentinean sequences,Argentinean sequences,False,False,False,0.04056246619794483,75,1849,0.03872562482834386,141,3641,0.044954128440366975,294,6540,False,False
Epuyen/18-19 Patient 5,ARG-M.a.,ANDV Epuyen/18-19 Patient 5,ANDV ARG-M.a.,II,III,Argentinean sequences,Argentinean sequences,False,False,False,0.0411032990805841,76,1849,0.03872562482834386,141,3641,0.045651501083255955,295,6462,False,False
Epuyen/18-19 Patient 5,ARG p9,ANDV Epuyen/18-19 Patient 5,ANDV ARG p9,II,III,Argentinean sequences,Argentinean sequences,False,False,False,0.0411032990805841,76,1849,0.03872562482834386,141,3641,0.04540540540540541,294,6475,False,False
Epuyen/18-19 Patient 5,p1316,ANDV Epuyen/18-19 Patient 5,p1316,II,III,Argentinean sequences,Chilean sequences,False,False,False,0.038939967550027044,72,1849,0.04064817357868718,148,3641,0.04466880832186018,292,6537,False,False
Epuyen/18-19 Patient 5,CHI-Hu13724 P2,ANDV Epuyen/18-19 Patient 5,ANDV CHI-Hu13724 P2,II,III,Argentinean sequences,Chilean sequences,False,False,False,0.04056246619794483,75,1849,0.04229607250755287,154,3641,0.046803303762618535,306,6538,False,False
Epuyen/18-19 Patient 5,p136,ANDV Epuyen/18-19 Patient 5,p136,II,III,Argentinean sequences,Chilean sequences,False,False,False,0.04002163331530557,74,1849,0.04229607250755287,154,3641,0.046788990825688076,306,6540,False,False
Epuyen/18-19 Patient 5,p137,ANDV Epuyen/18-19 Patient 5,p137,II,III,Argentinean sequences,Chilean sequences,False,False,False,0.04002163331530557,74,1849,0.04229607250755287,154,3641,0.046810463515374025,306,6537,False,False
Epuyen/18-19 Patient 5,CHI-Hu13724 P1,ANDV Epuyen/18-19 Patient 5,ANDV CHI-Hu13724 P1,II,III,Argentinean sequences,Chilean sequences,False,False,False,0.04002163331530557,74,1849,0.04229607250755287,154,3641,0.046788990825688076,306,6540,False,False
Epuyen/18-19 Patient 5,p1059,ANDV Epuyen/18-19 Patient 5,p1059,II,III,Argentinean sequences,Chilean sequences,False,True,False,0.04004329004329004,74,1848,0.04421862125789618,161,3641,0.04634444784337718,303,6538,False,False
Epuyen/18-19 Patient 5,NRC-4/18,ANDV Epuyen/18-19 Patient 5,ANDV NRC-4/18,II,III,Argentinean sequences,Argentinean sequences,False,True,False,0.040584415584415584,75,1848,0.043025486434639625,157,3649,0.044961003211500226,294,6539,False,False
Epuyen/18-19 Patient 5,NRC-3/18,ANDV Epuyen/18-19 Patient 5,ANDV NRC-3/18,II,III,Argentinean sequences,Argentinean sequences,False,True,False,0.040584415584415584,75,1848,0.04275143875034256,156,3649,0.044961003211500226,294,6539,False,False
Epuyen/18-19 Patient 5,132D,ANDV Epuyen/18-19 Patient 5,132D,II,III,Argentinean sequences,Chilean sequences,False,True,False,0.03898213318895506,72,1847,0.04678040726472207,170,3634,0.04732006125574273,309,6530,False,False
Epuyen/18-19 Patient 5,p1239,ANDV Epuyen/18-19 Patient 5,p1239,II,III,Argentinean sequences,Chilean sequences,False,True,False,0.038419913419913417,71,1848,0.043143720802418246,157,3639,0.046664626682986536,305,6536,False,False
Epuyen/18-19 Patient 5,p1242,ANDV Epuyen/18-19 Patient 5,p1242,II,III,Argentinean sequences,Chilean sequences,False,True,False,0.041666666666666664,77,1848,0.04421862125789618,161,3641,0.046504512773443474,304,6537,False,False
Epuyen/18-19 Patient 5,p931,ANDV Epuyen/18-19 Patient 5,p931,II,III,Argentinean sequences,Chilean sequences,False,True,False,0.04112554112554113,76,1848,0.04421862125789618,161,3641,0.0454406364749082,297,6536,False,False
Epuyen/18-19 Patient 5,p1236,ANDV Epuyen/18-19 Patient 5,p1236,II,III,Argentinean sequences,Chilean sequences,False,True,False,0.039502164502164504,73,1848,0.04257072232903049,155,3641,0.05105058365758755,328,6425,True,False
Epuyen/18-19 Patient 5,cruise,ANDV Epuyen/18-19 Patient 5,France-Case 9,II,III,Argentinean sequences,Cruise ship outbreak sequences,False,True,False,0.039630836047774155,73,1842,0.0444932710793738,162,3641,0.045565749235474004,298,6540,False,True
Epuyen/18-19 Patient 5,cruise,ANDV Epuyen/18-19 Patient 5,Spain-Case 10,II,III,Argentinean sequences,Cruise ship outbreak sequences,False,True,False,0.039630836047774155,73,1842,0.0444932710793738,162,3641,0.04560061208875287,298,6535,False,True
Epuyen/18-19 Patient 5,cruise,ANDV Epuyen/18-19 Patient 5,Spain-Case 12,II,III,Argentinean sequences,Cruise ship outbreak sequences,False,True,False,0.039630836047774155,73,1842,0.0444932710793738,162,3641,0.04560061208875287,298,6535,False,True
Epuyen/18-19 Patient 5,Switzerland-Case 7,ANDV Epuyen/18-19 Patient 5,Switzerland-Case 7,II,III,Argentinean sequences,Cruise ship outbreak sequences,False,True,False,0.039630836047774155,73,1842,0.0444932710793738,162,3641,0.045718654434250765,299,6540,False,True
Epuyen/18-19 Patient 5,cruise,ANDV Epuyen/18-19 Patient 5,Netherlands-Case 6,II,III,Argentinean sequences,Cruise ship outbreak sequences,False,True,False,0.04006586169045005,73,1822,0.04468965517241379,162,3625,0.04515185967191814,278,6157,False,True
Epuyen/18-19 Patient 5,cruise,ANDV Epuyen/18-19 Patient 5,Netherlands-Case 5,II,III,Argentinean sequences,Cruise ship outbreak sequences,False,True,False,0.04053303720155469,73,1801,0.045212019095759615,161,3561,0.045777915248994744,296,6466,False,True
Epuyen/18-19 Patient 5,cruise,ANDV Epuyen/18-19 Patient 5,Johannesburg-Case 2,II,III,Argentinean sequences,Cruise ship outbreak sequences,False,True,False,0.041500852757248435,73,1759,0.0448256779192031,162,3614,0.046108618288720406,298,6463,False,True
Epuyen/18-19 Patient 5,cruise,ANDV Epuyen/18-19 Patient 5,Johannesburg-Case 3,II,III,Argentinean sequences,Cruise ship outbreak sequences,False,True,False,0.04152445961319681,73,1758,0.04483430799220273,161,3591,0.04569150567310641,298,6522,False,True
Epuyen/18-19 Patient 5,cruise,ANDV Epuyen/18-19 Patient 5,Canada-Case 11_NPswab,II,III,Argentinean sequences,Cruise ship outbreak sequences,False,True,False,0.039597737272155875,63,1591,0.04665825977301387,148,3172,0.04586404586404586,280,6105,False,True
Epuyen/18-19 Patient 5,cruise,ANDV Epuyen/18-19 Patient 5,Canada-Case 11_blood,II,III,Argentinean sequences,Cruise ship outbreak sequences,False,True,False,0.042045454545454546,74,1760,0.04512331838565022,161,3568,0.045964642582628744,299,6505,False,True
Epuyen,p334,ANDV Epuyen,p334,II,I,Argentinean sequences,Chilean sequences,False,False,False,0.04880694143167028,90,1844,0.06954370533260033,253,3638,0.06550285802564498,424,6473,False,False
Epuyen,p1060,ANDV Epuyen,p1060,II,I,Argentinean sequences,Chilean sequences,False,False,False,0.043478260869565216,80,1840,0.06677658697444352,243,3639,0.07154999227321898,463,6471,False,False
Epuyen,p1056,ANDV Epuyen,p1056,II,I,Argentinean sequences,Chilean sequences,False,False,False,0.043973941368078175,81,1842,0.04589172849683979,167,3639,0.047906042342760004,310,6471,False,False
Epuyen,NRC-2/97,ANDV Epuyen,ANDV NRC-2/97,II,I,Argentinean sequences,Argentinean sequences,False,False,False,0.04252998909487459,78,1834,0.044993141289437585,164,3645,0.04713019132057863,303,6429,False,False
Epuyen,p115D,ANDV Epuyen,p115D,II,I,Argentinean sequences,Chilean sequences,False,False,False,0.03798155181768855,70,1843,0.04452996151731721,162,3638,0.08553342596881272,554,6477,False,False
Epuyen,p915,ANDV Epuyen,p915,II,I,Argentinean sequences,Chilean sequences,False,False,False,0.03915171288743882,72,1839,0.04592959295929593,167,3636,0.08548461895192457,553,6469,False,False
Epuyen,p201,ANDV Epuyen,p201,II,I,Argentinean sequences,Chilean sequences,False,False,False,0.038565996740901685,71,1841,0.04506732618851333,164,3639,0.08502086875869531,550,6469,False,False
Epuyen,p1064,ANDV Epuyen,p1064,II,I,Argentinean sequences,Chilean sequences,False,False,False,0.03858695652173913,71,1840,0.0484048404840484,176,3636,0.04481532993354968,290,6471,False,False
Epuyen,CHI-7913,ANDV Epuyen,ANDV CHI-7913,II,I,Argentinean sequences,Chilean sequences,False,False,False,0.04051054384017758,73,1802,0.04297520661157025,156,3630,0.04324910866532321,279,6451,False,False
Epuyen,p1062,ANDV Epuyen,p1062,II,I,Argentinean sequences,Chilean sequences,False,False,False,0.039587852494577004,73,1844,0.03792250618301731,138,3639,0.0478912405376178,310,6473,False,False
Epuyen,p1058,ANDV Epuyen,p1058,II,I,Argentinean sequences,Chilean sequences,False,False,False,0.0385241454150841,71,1843,0.0464413300357241,169,3639,0.04713336424045743,305,6471,False,False
Epuyen,NRC-5/18,ANDV Epuyen,ANDV NRC-5/18,II,I,Argentinean sequences,Argentinean sequences,False,False,False,0.03814713896457766,70,1835,0.04771044694269262,174,3647,0.0482897384305835,312,6461,False,False
Epuyen,p1241,ANDV Epuyen,p1241,II,I,Argentinean sequences,Chilean sequences,False,False,False,0.03898213318895506,72,1847,0.0464413300357241,169,3639,0.04910438542310068,318,6476,False,False
Epuyen,p1313,ANDV Epuyen,p1313,II,I,Argentinean sequences,Chilean sequences,False,False,False,0.034164859002169194,63,1844,0.04589172849683979,167,3639,0.05146036161335188,333,6471,False,False
Epuyen,p126,ANDV Epuyen,p126,II,I,Argentinean sequences,Chilean sequences,False,False,False,0.03420195439739414,63,1842,0.04754053311349272,173,3639,0.05084221913150981,329,6471,False,False
Epuyen,136D,ANDV Epuyen,136D,II,I,Argentinean sequences,Chilean sequences,False,False,False,0.041345093715545754,75,1814,0.04857384919514261,172,3541,0.04922360248447205,317,6440,False,False
Epuyen,p1052,ANDV Epuyen,p1052,II,I,Argentinean sequences,Chilean sequences,False,False,False,0.039045553145336226,72,1844,0.04396812311074471,160,3639,0.048678720445062586,315,6471,False,False
Epuyen,131D,ANDV Epuyen,131D,II,I,Argentinean sequences,Chilean sequences,False,False,False,0.04139433551198257,76,1836,0.043952967525195966,157,3572,0.049689440993788817,320,6440,False,False
Epuyen,p127,ANDV Epuyen,p127,II,I,Argentinean sequences,Chilean sequences,False,False,False,0.04013015184381779,74,1844,0.04561692772739764,166,3639,0.04943611926463773,320,6473,False,False
Epuyen,p1427,ANDV Epuyen,p1427,II,I,Argentinean sequences,Chilean sequences,False,False,False,0.038461538461538464,71,1846,0.04259411926353394,155,3639,0.04663372452130945,302,6476,False,False
Epuyen,p1430,ANDV Epuyen,p1430,II,I,Argentinean sequences,Chilean sequences,False,False,False,0.0384407146724418,71,1847,0.04204451772464963,153,3639,0.04725138974675726,306,6476,False,False
Epuyen,ANDV-CH-LS-2016,ANDV Epuyen,ANDV-CH-LS-2016,II,I,Argentinean sequences,Chilean sequences,False,False,False,0.03904071388733965,70,1793,0.042429284525790346,153,3606,0.04760297096556381,282,5924,False,False
Epuyen,ANDV-CH-LS-2022,ANDV Epuyen,ANDV-CH-LS-2022,II,I,Argentinean sequences,Chilean sequences,False,False,False,0.038636363636363635,68,1760,0.04265264387963774,146,3423,0.047092743873137916,294,6243,False,False
Epuyen,ARG p19,ANDV Epuyen,ANDV ARG p19,II,III,Argentinean sequences,Argentinean sequences,False,False,False,0.04220779220779221,78,1848,0.03957131079967024,144,3639,0.0456656346749226,295,6460,False,False
Epuyen,ARG p3,ANDV Epuyen,ANDV ARG p3,II,III,Argentinean sequences,Argentinean sequences,False,False,False,0.04139433551198257,76,1836,0.039296510030228084,143,3639,0.04540540540540541,294,6475,False,False
Epuyen,ARG-M.a.,ANDV Epuyen,ANDV ARG-M.a.,II,III,Argentinean sequences,Argentinean sequences,False,False,False,0.041802388707926165,77,1842,0.03930731170973062,143,3638,0.045729344287707335,295,6451,False,False
Epuyen,ARG p9,ANDV Epuyen,ANDV ARG p9,II,III,Argentinean sequences,Argentinean sequences,False,False,False,0.04173441734417344,77,1845,0.039296510030228084,143,3639,0.045510835913312696,294,6460,False,False
Epuyen,p1316,ANDV Epuyen,p1316,II,III,Argentinean sequences,Chilean sequences,False,False,False,0.03956639566395664,73,1845,0.041220115416323165,150,3639,0.04513137557959815,292,6470,False,False
Epuyen,CHI-Hu13724 P2,ANDV Epuyen,ANDV CHI-Hu13724 P2,II,III,Argentinean sequences,Chilean sequences,False,False,False,0.041281912004345465,76,1841,0.04286892003297609,156,3639,0.04728789986091794,306,6471,False,False
Epuyen,p136,ANDV Epuyen,p136,II,III,Argentinean sequences,Chilean sequences,False,False,False,0.04112554112554113,76,1848,0.04286892003297609,156,3639,0.04727328904680982,306,6473,False,False
Epuyen,p137,ANDV Epuyen,p137,II,III,Argentinean sequences,Chilean sequences,False,False,False,0.04076086956521739,75,1840,0.04286892003297609,156,3639,0.0472952086553323,306,6470,False,False
Epuyen,CHI-Hu13724 P1,ANDV Epuyen,ANDV CHI-Hu13724 P1,II,III,Argentinean sequences,Chilean sequences,False,False,False,0.040694519804666304,75,1843,0.04286892003297609,156,3639,0.047244094488188976,306,6477,False,False
Epuyen,p1059,ANDV Epuyen,p1059,II,III,Argentinean sequences,Chilean sequences,False,True,False,0.04067245119305857,75,1844,0.04479252541907117,163,3639,0.046824292999536395,303,6471,False,False
Epuyen,NRC-4/18,ANDV Epuyen,ANDV NRC-4/18,II,III,Argentinean sequences,Argentinean sequences,False,True,False,0.041281912004345465,76,1841,0.0435974773786674,159,3647,0.04542645241038319,294,6472,False,False
Epuyen,NRC-3/18,ANDV Epuyen,ANDV NRC-3/18,II,III,Argentinean sequences,Argentinean sequences,False,True,False,0.04143947655398037,76,1834,0.04332327940773238,158,3647,0.04541241890639481,294,6474,False,False
Epuyen,132D,ANDV Epuyen,132D,II,III,Argentinean sequences,Chilean sequences,False,True,False,0.039760348583877995,73,1836,0.047369870559074635,172,3631,0.04796534117282995,310,6463,False,False
Epuyen,p1239,ANDV Epuyen,p1239,II,III,Argentinean sequences,Chilean sequences,False,True,False,0.03908794788273615,72,1842,0.04372937293729373,159,3636,0.04730251970938321,306,6469,False,False
Epuyen,p1242,ANDV Epuyen,p1242,II,III,Argentinean sequences,Chilean sequences,False,True,False,0.042391304347826085,78,1840,0.04480483782297966,163,3638,0.04714064914992272,305,6470,False,False
Epuyen,p931,ANDV Epuyen,p931,II,III,Argentinean sequences,Chilean sequences,False,True,False,0.04223064428803465,78,1847,0.04480483782297966,163,3638,0.046065852527438556,298,6469,False,False
Epuyen,p1236,ANDV Epuyen,p1236,II,III,Argentinean sequences,Chilean sequences,False,True,False,0.04021739130434782,74,1840,0.043143720802418246,157,3639,0.05120622568093385,329,6425,True,False
Epuyen,cruise,ANDV Epuyen,France-Case 9,II,III,Argentinean sequences,Cruise ship outbreak sequences,False,True,False,0.040326975476839236,74,1835,0.04506732618851333,164,3639,0.04619187393789587,299,6473,False,True
Epuyen,cruise,ANDV Epuyen,Spain-Case 10,II,III,Argentinean sequences,Cruise ship outbreak sequences,False,True,False,0.040370976541189305,74,1833,0.04506732618851333,164,3639,0.04622758194186766,299,6468,False,True
Epuyen,cruise,ANDV Epuyen,Spain-Case 12,II,III,Argentinean sequences,Cruise ship outbreak sequences,False,True,False,0.040370976541189305,74,1833,0.04506732618851333,164,3639,0.04622758194186766,299,6468,False,True
Epuyen,Switzerland-Case 7,ANDV Epuyen,Switzerland-Case 7,II,III,Argentinean sequences,Cruise ship outbreak sequences,False,True,False,0.040370976541189305,74,1833,0.04506732618851333,164,3639,0.04631773969430292,300,6477,False,True
Epuyen,cruise,ANDV Epuyen,Netherlands-Case 6,II,III,Argentinean sequences,Cruise ship outbreak sequences,False,True,False,0.0407040704070407,74,1818,0.04468965517241379,162,3625,0.04580528648826137,279,6091,False,True
Epuyen,cruise,ANDV Epuyen,Netherlands-Case 5,II,III,Argentinean sequences,Cruise ship outbreak sequences,False,True,False,0.041088284286507494,74,1801,0.045212019095759615,161,3561,0.046413502109704644,297,6399,False,True
Epuyen,cruise,ANDV Epuyen,Johannesburg-Case 2,II,III,Argentinean sequences,Cruise ship outbreak sequences,False,True,False,0.04206935758953951,74,1759,0.045102379634753734,163,3614,0.046327858692283855,299,6454,False,True
Epuyen,cruise,ANDV Epuyen,Johannesburg-Case 3,II,III,Argentinean sequences,Cruise ship outbreak sequences,False,True,False,0.04209328782707622,74,1758,0.045112781954887216,162,3591,0.046241880606248065,299,6466,False,True
Epuyen,cruise,ANDV Epuyen,Canada-Case 11_NPswab,II,III,Argentinean sequences,Cruise ship outbreak sequences,False,True,False,0.04022627278441232,64,1591,0.04665825977301387,148,3172,0.04646932363155284,281,6047,False,True
Epuyen,cruise,ANDV Epuyen,Canada-Case 11_blood,II,III,Argentinean sequences,Cruise ship outbreak sequences,False,True,False,0.04261363636363636,75,1760,0.04512331838565022,161,3568,0.04653327128897161,300,6447,False,True
p334,p1060,p334,p1060,I,I,Chilean sequences,Chilean sequences,False,False,True,0.03982777179763186,74,1858,0.049207217058501916,180,3658,0.04919034524900703,322,6546,False,False
p334,p1056,p334,p1056,I,I,Chilean sequences,Chilean sequences,False,False,True,0.04139784946236559,77,1860,0.06889010388190268,252,3658,0.06767491597922395,443,6546,False,False
p334,NRC-2/97,p334,ANDV NRC-2/97,I,I,Chilean sequences,Argentinean sequences,False,False,True,0.044864864864864865,83,1850,0.06928787462194116,252,3637,0.06710789595197783,436,6497,False,False
p334,p115D,p334,p115D,I,I,Chilean sequences,Chilean sequences,False,False,True,0.0397422126745435,74,1862,0.06456908344733242,236,3655,0.08287545787545787,543,6552,False,False
p334,p915,p334,p915,I,I,Chilean sequences,Chilean sequences,False,False,True,0.04090419806243272,76,1858,0.06768977802137571,247,3649,0.08170433720219915,535,6548,False,False
p334,p201,p334,p201,I,I,Chilean sequences,Chilean sequences,False,False,True,0.039289558665231435,73,1858,0.06621067031463748,242,3655,0.08170433720219915,535,6548,False,False
p334,p1064,p334,p1064,I,I,Chilean sequences,Chilean sequences,False,False,True,0.04256465517241379,79,1856,0.07121336620104081,260,3651,0.0650381679389313,426,6550,False,False
p334,CHI-7913,p334,ANDV CHI-7913,I,I,Chilean sequences,Chilean sequences,False,False,True,0.04328523862375139,78,1802,0.06620879120879121,241,3640,0.06480049489638107,419,6466,False,False
p334,p1062,p334,p1062,I,I,Chilean sequences,Chilean sequences,False,False,True,0.04403866809881848,82,1862,0.06366120218579235,233,3660,0.06807081807081806,446,6552,False,False
p334,p1058,p334,p1058,I,I,Chilean sequences,Chilean sequences,False,False,True,0.04083825900053734,76,1861,0.06998359759431383,256,3658,0.06793893129770992,445,6550,False,False
p334,NRC-5/18,p334,ANDV NRC-5/18,I,I,Chilean sequences,Argentinean sequences,False,False,True,0.03941684665226782,73,1852,0.07195825322713541,262,3641,0.06756549716561973,441,6527,False,False
p334,p1241,p334,p1241,I,I,Chilean sequences,Chilean sequences,False,False,True,0.03544575725026853,66,1862,0.06912568306010929,253,3660,0.06777591207449245,444,6551,False,False
p334,p1313,p334,p1313,I,I,Chilean sequences,Chilean sequences,False,False,True,0.03329752953813104,62,1862,0.06892778993435449,252,3656,0.06900763358778626,452,6550,False,False
p334,p126,p334,p126,I,I,Chilean sequences,Chilean sequences,False,False,True,0.034408602150537634,64,1860,0.0700218818380744,256,3656,0.06854961832061068,449,6550,False,False
p334,136D,p334,136D,I,I,Chilean sequences,Chilean sequences,False,False,True,0.04285714285714286,78,1820,0.0711864406779661,252,3540,0.07030769230769231,457,6500,False,False
p334,p1052,p334,p1052,I,I,Chilean sequences,Chilean sequences,False,False,True,0.040279269602577876,75,1862,0.06939890710382514,254,3660,0.06778625954198474,444,6550,False,False
p334,131D,p334,131D,I,I,Chilean sequences,Chilean sequences,False,False,True,0.04162162162162162,77,1850,0.07084850182021843,253,3571,0.06873750576656927,447,6503,False,False
p334,p127,p334,p127,I,I,Chilean sequences,Chilean sequences,False,False,True,0.03866809881847476,72,1862,0.06701312910284464,245,3656,0.06994502138057422,458,6548,False,False
p334,p1427,p334,p1427,I,I,Chilean sequences,Chilean sequences,False,False,True,0.03978494623655914,74,1860,0.06779661016949153,248,3658,0.06715506715506715,440,6552,False,False
p334,p1430,p334,p1430,I,I,Chilean sequences,Chilean sequences,False,False,True,0.040279269602577876,75,1862,0.06612021857923497,242,3660,0.06791819291819291,445,6552,False,False
p334,ANDV-CH-LS-2016,p334,ANDV-CH-LS-2016,I,I,Chilean sequences,Chilean sequences,False,False,True,0.042387060791968766,76,1793,0.06712898751733704,242,3605,0.06937879810938555,411,5924,False,False
p334,ANDV-CH-LS-2022,p334,ANDV-CH-LS-2022,I,I,Chilean sequences,Chilean sequences,False,False,True,0.042045454545454546,74,1760,0.06806894536955886,233,3423,0.06855678359762934,428,6243,False,False
p334,ARG p19,p334,ANDV ARG p19,I,III,Chilean sequences,Argentinean sequences,False,False,False,0.04081632653061224,76,1862,0.06289308176100629,230,3657,0.06532818532818532,423,6475,False,False
p334,ARG p3,p334,ANDV ARG p3,I,III,Chilean sequences,Argentinean sequences,False,False,False,0.040474905558553695,75,1853,0.0627569197040285,229,3649,0.0651177010088658,426,6542,False,False
p334,ARG-M.a.,p334,ANDV ARG-M.a.,I,III,Chilean sequences,Argentinean sequences,False,False,False,0.04088219472834857,76,1859,0.06273972602739726,229,3650,0.06530485917672547,422,6462,False,False
p334,ARG p9,p334,ANDV ARG p9,I,III,Chilean sequences,Argentinean sequences,False,False,False,0.04081632653061224,76,1862,0.06260251503553854,229,3658,0.06517374517374518,422,6475,False,False
p334,p1316,p334,p1316,I,III,Chilean sequences,Chilean sequences,False,False,False,0.040279269602577876,75,1862,0.06260251503553854,229,3658,0.06504809894640404,426,6549,False,False
p334,CHI-Hu13724 P2,p334,ANDV CHI-Hu13724 P2,I,III,Chilean sequences,Chilean sequences,False,False,False,0.041442411194833155,77,1858,0.0636960087479497,233,3658,0.06656488549618321,436,6550,False,False
p334,p136,p334,p136,I,III,Chilean sequences,Chilean sequences,False,False,False,0.04081632653061224,76,1862,0.0637308533916849,233,3656,0.06654456654456654,436,6552,False,False
p334,p137,p334,p137,I,III,Chilean sequences,Chilean sequences,False,False,False,0.040948275862068964,76,1856,0.0637831918970709,233,3653,0.06657504962589708,436,6549,False,False
p334,CHI-Hu13724 P1,p334,ANDV CHI-Hu13724 P1,I,III,Chilean sequences,Chilean sequences,False,False,False,0.04086021505376344,76,1860,0.0636960087479497,233,3658,0.06654456654456654,436,6552,False,False
p334,p1059,p334,p1059,I,III,Chilean sequences,Chilean sequences,False,True,False,0.038131041890440386,71,1862,0.0661563696008748,242,3658,0.06519083969465649,427,6550,False,False
p334,NRC-4/18,p334,ANDV NRC-4/18,I,III,Chilean sequences,Argentinean sequences,False,True,False,0.037654653039268425,70,1859,0.06609983543609435,241,3646,0.06540342298288508,428,6544,False,False
p334,NRC-3/18,p334,ANDV NRC-3/18,I,III,Chilean sequences,Argentinean sequences,False,True,False,0.03779697624190065,70,1852,0.06584362139917696,240,3645,0.0654534332466738,428,6539,False,False
p334,132D,p334,132D,I,III,Chilean sequences,Chilean sequences,False,True,False,0.04054054054054054,75,1850,0.06716212496559318,244,3633,0.06534047436878347,427,6535,False,False
p334,p1239,p334,p1239,I,III,Chilean sequences,Chilean sequences,False,True,False,0.03763440860215054,70,1860,0.06631953959989038,242,3649,0.06444715943799634,422,6548,False,False
p334,p1242,p334,p1242,I,III,Chilean sequences,Chilean sequences,False,True,False,0.04090419806243272,76,1858,0.06628321007943029,242,3651,0.06520079401435333,427,6549,False,False
p334,p931,p334,p931,I,III,Chilean sequences,Chilean sequences,False,True,False,0.03920515574650913,73,1862,0.0657354149548069,240,3651,0.06414172266340867,420,6548,False,False
p334,p1236,p334,p1236,I,III,Chilean sequences,Chilean sequences,False,True,False,0.041442411194833155,77,1858,0.06597317273473857,241,3653,0.07003891050583658,450,6425,True,False
p334,cruise,p334,France-Case 9,I,III,Chilean sequences,Cruise ship outbreak sequences,False,True,False,0.04371289800323799,81,1853,0.0693911135490949,253,3646,0.06615737203972498,433,6545,False,True
p334,cruise,p334,Spain-Case 10,I,III,Chilean sequences,Cruise ship outbreak sequences,False,True,False,0.04385489983757444,81,1847,0.0693530701754386,253,3648,0.06621807615843402,433,6539,False,True
p334,cruise,p334,Spain-Case 12,I,III,Chilean sequences,Cruise ship outbreak sequences,False,True,False,0.04385489983757444,81,1847,0.0693530701754386,253,3648,0.06621807615843402,433,6539,False,True
p334,Switzerland-Case 7,p334,Switzerland-Case 7,I,III,Chilean sequences,Cruise ship outbreak sequences,False,True,False,0.04385489983757444,81,1847,0.0693530701754386,253,3648,0.06623931623931624,434,6552,False,True
p334,cruise,p334,Netherlands-Case 6,I,III,Chilean sequences,Cruise ship outbreak sequences,False,True,False,0.04445664105378705,81,1822,0.06981236203090507,253,3624,0.06641766807405002,409,6158,False,True
p334,cruise,p334,Netherlands-Case 5,I,III,Chilean sequences,Cruise ship outbreak sequences,False,True,False,0.044975013881177126,81,1801,0.07050561797752809,251,3560,0.06676970633693972,432,6470,False,True
p334,cruise,p334,Johannesburg-Case 2,I,III,Chilean sequences,Cruise ship outbreak sequences,False,True,False,0.04604889141557703,81,1759,0.07002491004705232,253,3613,0.06637784310691629,429,6463,False,True
p334,cruise,p334,Johannesburg-Case 3,I,III,Chilean sequences,Cruise ship outbreak sequences,False,True,False,0.04607508532423208,81,1758,0.0701949860724234,252,3590,0.06639067770622509,433,6522,False,True
p334,cruise,p334,Canada-Case 11_NPswab,I,III,Chilean sequences,Cruise ship outbreak sequences,False,True,False,0.0458830923947203,73,1591,0.07127089246294545,226,3171,0.06617526617526617,404,6105,False,True
p334,cruise,p334,Canada-Case 11_blood,I,III,Chilean sequences,Cruise ship outbreak sequences,False,True,False,0.04659090909090909,82,1760,0.07064760302775441,252,3567,0.06671790930053804,434,6505,False,True
p1060,p1056,p1060,p1056,I,I,Chilean sequences,Chilean sequences,False,False,True,0.031216361679224973,58,1858,0.06559169171904893,240,3659,0.07164680721051024,469,6546,False,False
p1060,NRC-2/97,p1060,ANDV NRC-2/97,I,I,Chilean sequences,Argentinean sequences,False,False,True,0.0335316387236344,62,1849,0.06706981858163827,244,3638,0.07174749807544265,466,6495,False,False
p1060,p115D,p1060,p115D,I,I,Chilean sequences,Chilean sequences,False,False,True,0.029601722282023683,55,1858,0.06568144499178982,240,3654,0.08600672166208372,563,6546,False,False
p1060,p915,p1060,p915,I,I,Chilean sequences,Chilean sequences,False,False,True,0.03017241379310345,56,1856,0.06767123287671233,247,3650,0.08465770171149144,554,6544,False,False
p1060,p201,p1060,p201,I,I,Chilean sequences,Chilean sequences,False,False,True,0.029633620689655173,55,1856,0.06728665207877461,246,3656,0.0843520782396088,552,6544,False,False
p1060,p1064,p1060,p1064,I,I,Chilean sequences,Chilean sequences,False,False,True,0.0296655879180151,55,1854,0.07146768893756845,261,3652,0.07088298197372442,464,6546,False,False
p1060,CHI-7913,p1060,ANDV CHI-7913,I,I,Chilean sequences,Chilean sequences,False,False,True,0.03,54,1800,0.06728920626201593,245,3641,0.07114135477884317,460,6466,False,False
p1060,p1062,p1060,p1062,I,I,Chilean sequences,Chilean sequences,False,False,True,0.030139935414424113,56,1858,0.06094561355561629,223,3659,0.07317445768408189,479,6546,False,False
p1060,p1058,p1060,p1058,I,I,Chilean sequences,Chilean sequences,False,False,True,0.028540656973613354,53,1857,0.06996447116698551,256,3659,0.07271616254201038,476,6546,False,False
p1060,NRC-5/18,p1060,ANDV NRC-5/18,I,I,Chilean sequences,Argentinean sequences,False,False,True,0.03135135135135135,58,1850,0.06836902800658978,249,3642,0.07203065134099616,470,6525,False,False
p1060,p1241,p1060,p1241,I,I,Chilean sequences,Chilean sequences,False,False,True,0.02798708288482239,52,1858,0.06668488658103307,244,3659,0.07226890756302522,473,6545,False,False
p1060,p1313,p1060,p1313,I,I,Chilean sequences,Chilean sequences,False,False,True,0.02529601722282024,47,1858,0.06699480448455018,245,3657,0.07409104796822487,485,6546,False,False
p1060,p126,p1060,p126,I,I,Chilean sequences,Chilean sequences,False,False,True,0.02529601722282024,47,1858,0.06808859721082855,249,3657,0.07409104796822487,485,6546,False,False
p1060,136D,p1060,136D,I,I,Chilean sequences,Chilean sequences,False,False,True,0.033534909290819134,61,1819,0.06918949449308105,245,3541,0.07553846153846154,491,6500,False,False
p1060,p1052,p1060,p1052,I,I,Chilean sequences,Chilean sequences,False,False,True,0.02744886975242196,51,1858,0.06723148401202514,246,3659,0.07409104796822487,485,6546,False,False
p1060,131D,p1060,131D,I,I,Chilean sequences,Chilean sequences,False,False,True,0.027597402597402596,51,1848,0.06914893617021277,247,3572,0.07427341227125941,483,6503,False,False
p1060,p127,p1060,p127,I,I,Chilean sequences,Chilean sequences,False,False,True,0.030678148546824543,57,1858,0.0661744599398414,242,3657,0.0734799877787962,481,6546,False,False
p1060,p1427,p1060,p1427,I,I,Chilean sequences,Chilean sequences,False,False,True,0.028002154011847066,52,1857,0.0661744599398414,242,3657,0.07317445768408189,479,6546,False,False
p1060,p1430,p1060,p1430,I,I,Chilean sequences,Chilean sequences,False,False,True,0.02744886975242196,51,1858,0.06504509428805684,238,3659,0.07271616254201038,476,6546,False,False
p1060,ANDV-CH-LS-2016,p1060,ANDV-CH-LS-2016,I,I,Chilean sequences,Chilean sequences,False,False,True,0.029017857142857144,52,1792,0.06600110926234054,238,3606,0.07461174881836596,442,5924,False,False
p1060,ANDV-CH-LS-2022,p1060,ANDV-CH-LS-2022,I,I,Chilean sequences,Chilean sequences,False,False,True,0.029562251279135872,52,1759,0.06573181419807186,225,3423,0.07336216562550056,458,6243,False,False
p1060,ARG p19,p1060,ANDV ARG p19,I,III,Chilean sequences,Argentinean sequences,False,False,False,0.02798708288482239,52,1858,0.06205576817933297,227,3658,0.06918918918918919,448,6475,False,False
p1060,ARG p3,p1060,ANDV ARG p3,I,III,Chilean sequences,Argentinean sequences,False,False,False,0.027552674230145867,51,1851,0.06191780821917808,226,3650,0.06865443425076452,449,6540,False,False
p1060,ARG-M.a.,p1060,ANDV ARG-M.a.,I,III,Chilean sequences,Argentinean sequences,False,False,False,0.028002154011847066,52,1857,0.061900849082443164,226,3651,0.06917363045496751,447,6462,False,False
p1060,ARG p9,p1060,ANDV ARG p9,I,III,Chilean sequences,Argentinean sequences,False,False,False,0.02798708288482239,52,1858,0.0617655097021044,226,3659,0.06903474903474903,447,6475,False,False
p1060,p1316,p1060,p1316,I,III,Chilean sequences,Chilean sequences,False,False,False,0.02744886975242196,51,1858,0.06121891227111233,224,3659,0.06875477463712758,450,6545,False,False
p1060,CHI-Hu13724 P2,p1060,ANDV CHI-Hu13724 P2,I,III,Chilean sequences,Chilean sequences,False,False,False,0.029094827586206896,54,1856,0.06067231484012025,222,3659,0.07027192178429575,460,6546,False,False
p1060,p136,p1060,p136,I,III,Chilean sequences,Chilean sequences,False,False,False,0.02852529601722282,53,1858,0.06070549630844955,222,3657,0.07027192178429575,460,6546,False,False
p1060,p137,p1060,p137,I,III,Chilean sequences,Chilean sequences,False,False,False,0.028586839266450916,53,1854,0.060755336617405585,222,3654,0.07028265851795264,460,6545,False,False
p1060,CHI-Hu13724 P1,p1060,ANDV CHI-Hu13724 P1,I,III,Chilean sequences,Chilean sequences,False,False,False,0.02852529601722282,53,1858,0.06070549630844955,222,3657,0.07027192178429575,460,6546,False,False
p1060,p1059,p1060,p1059,I,III,Chilean sequences,Chilean sequences,False,True,False,0.024757804090419805,46,1858,0.06316652994257588,231,3657,0.06981362664222426,457,6546,False,False
p1060,NRC-4/18,p1060,ANDV NRC-4/18,I,III,Chilean sequences,Argentinean sequences,False,True,False,0.024232633279483037,45,1857,0.061146147518508366,223,3647,0.07046774686640171,461,6542,False,False
p1060,NRC-3/18,p1060,ANDV NRC-3/18,I,III,Chilean sequences,Argentinean sequences,False,True,False,0.024324324324324326,45,1850,0.060888645090510146,222,3646,0.07052164601499158,461,6537,False,False
p1060,132D,p1060,132D,I,III,Chilean sequences,Chilean sequences,False,True,False,0.027597402597402596,51,1848,0.06631810676940011,241,3634,0.07146136189747514,467,6535,False,False
p1060,p1239,p1060,p1239,I,III,Chilean sequences,Chilean sequences,False,True,False,0.02691065662002153,50,1858,0.06356164383561644,232,3650,0.07029339853300734,460,6544,False,False
p1060,p1242,p1060,p1242,I,III,Chilean sequences,Chilean sequences,False,True,False,0.03017241379310345,56,1856,0.06352683461117196,232,3652,0.06982429335370512,457,6545,False,False
p1060,p931,p1060,p931,I,III,Chilean sequences,Chilean sequences,False,True,False,0.029601722282023683,55,1858,0.06352683461117196,232,3652,0.06876528117359414,450,6544,False,False
p1060,p1236,p1060,p1236,I,III,Chilean sequences,Chilean sequences,False,True,False,0.02747844827586207,51,1856,0.061850027367268745,226,3654,0.07517509727626459,483,6425,True,False
p1060,cruise,p1060,France-Case 9,I,III,Chilean sequences,Cruise ship outbreak sequences,False,True,False,0.028077753779697623,52,1852,0.062242939402248426,227,3647,0.07106831728564879,465,6543,False,True
p1060,cruise,p1060,Spain-Case 10,I,III,Chilean sequences,Cruise ship outbreak sequences,False,True,False,0.028169014084507043,52,1846,0.062208824335434364,227,3649,0.07111179079369934,465,6539,False,True
p1060,cruise,p1060,Spain-Case 12,I,III,Chilean sequences,Cruise ship outbreak sequences,False,True,False,0.028169014084507043,52,1846,0.062208824335434364,227,3649,0.07111179079369934,465,6539,False,True
p1060,Switzerland-Case 7,p1060,Switzerland-Case 7,I,III,Chilean sequences,Cruise ship outbreak sequences,False,True,False,0.028169014084507043,52,1846,0.062208824335434364,227,3649,0.07103574702108158,465,6546,False,True
p1060,cruise,p1060,Netherlands-Case 6,I,III,Chilean sequences,Cruise ship outbreak sequences,False,True,False,0.028555738605161998,52,1821,0.06262068965517241,227,3625,0.07063981812276714,435,6158,False,True
p1060,cruise,p1060,Netherlands-Case 5,I,III,Chilean sequences,Cruise ship outbreak sequences,False,True,False,0.028888888888888888,52,1800,0.06346531873069362,226,3561,0.07171561051004637,464,6470,False,True
p1060,cruise,p1060,Johannesburg-Case 2,I,III,Chilean sequences,Cruise ship outbreak sequences,False,True,False,0.02957906712172924,52,1758,0.06253458771444383,226,3614,0.07148383103821755,462,6463,False,True
p1060,cruise,p1060,Johannesburg-Case 3,I,III,Chilean sequences,Cruise ship outbreak sequences,False,True,False,0.029595902105862264,52,1757,0.06293511556669451,226,3591,0.07129714811407543,465,6522,False,True
p1060,cruise,p1060,Canada-Case 11_NPswab,I,III,Chilean sequences,Cruise ship outbreak sequences,False,True,False,0.029559748427672956,47,1590,0.0605296343001261,192,3172,0.07190827190827191,439,6105,False,True
p1060,cruise,p1060,Canada-Case 11_blood,I,III,Chilean sequences,Cruise ship outbreak sequences,False,True,False,0.030130756111426946,53,1759,0.0633408071748879,226,3568,0.07163720215219062,466,6505,False,True
p1056,NRC-2/97,p1056,ANDV NRC-2/97,I,I,Chilean sequences,Argentinean sequences,False,False,True,0.028648648648648647,53,1850,0.025288620120945574,92,3638,0.028791377983063894,187,6495,False,False
p1056,p115D,p1056,p115D,I,I,Chilean sequences,Chilean sequences,False,False,True,0.025282409897794515,47,1859,0.027914614121510674,102,3654,0.08402077604644058,550,6546,False,False
p1056,p915,p1056,p915,I,I,Chilean sequences,Chilean sequences,False,False,True,0.025848142164781908,48,1857,0.028219178082191782,103,3650,0.08389364303178484,549,6544,False,False
p1056,p201,p1056,p201,I,I,Chilean sequences,Chilean sequences,False,False,True,0.026386645126548196,49,1857,0.02735229759299781,100,3656,0.08297677261613692,543,6544,False,False
p1056,p1064,p1056,p1064,I,I,Chilean sequences,Chilean sequences,False,False,True,0.024245689655172414,45,1856,0.029299014238773274,107,3652,0.027344943476932476,179,6546,False,False
p1056,CHI-7913,p1056,ANDV CHI-7913,I,I,Chilean sequences,Chilean sequences,False,False,True,0.0244173140954495,44,1802,0.024718483932985445,90,3641,0.02721930095886174,176,6466,False,False
p1056,p1062,p1056,p1062,I,I,Chilean sequences,Chilean sequences,False,False,True,0.024731182795698924,46,1860,0.022410494670675046,82,3659,0.03253895508707608,213,6546,False,False
p1056,p1058,p1056,p1058,I,I,Chilean sequences,Chilean sequences,False,False,True,0.022592791823561054,42,1859,0.02978955998906805,109,3659,0.031316834708218756,205,6546,False,False
p1056,NRC-5/18,p1056,ANDV NRC-5/18,I,I,Chilean sequences,Argentinean sequences,False,False,True,0.025377969762419007,47,1852,0.031026908292147173,113,3642,0.03157088122605364,206,6525,False,False
p1056,p1241,p1056,p1241,I,I,Chilean sequences,Chilean sequences,False,False,True,0.024193548387096774,45,1860,0.02924296255807598,107,3659,0.03284950343773873,215,6545,False,False
p1056,p1313,p1056,p1313,I,I,Chilean sequences,Chilean sequences,False,False,True,0.021505376344086023,40,1860,0.031173092698933553,114,3657,0.032233424992361745,211,6546,False,False
p1056,p126,p1056,p126,I,I,Chilean sequences,Chilean sequences,False,False,True,0.02258064516129032,42,1860,0.03254033360678151,119,3657,0.03269172013443324,214,6546,False,False
p1056,136D,p1056,136D,I,I,Chilean sequences,Chilean sequences,False,False,True,0.026373626373626374,48,1820,0.03275910759672409,116,3541,0.033692307692307695,219,6500,False,False
p1056,p1052,p1056,p1052,I,I,Chilean sequences,Chilean sequences,False,False,True,0.023118279569892472,43,1860,0.028696365127083904,105,3659,0.030094714329361442,197,6546,False,False
p1056,131D,p1056,131D,I,I,Chilean sequences,Chilean sequences,False,False,True,0.025405405405405406,47,1850,0.029395296752519597,105,3572,0.030908811317853297,201,6503,False,False
p1056,p127,p1056,p127,I,I,Chilean sequences,Chilean sequences,False,False,True,0.024193548387096774,45,1860,0.02980585179108559,109,3657,0.032233424992361745,211,6546,False,False
p1056,p1427,p1056,p1427,I,I,Chilean sequences,Chilean sequences,False,False,True,0.023143164693218515,43,1858,0.028985507246376812,106,3657,0.028872593950504125,189,6546,False,False
p1056,p1430,p1056,p1430,I,I,Chilean sequences,Chilean sequences,False,False,True,0.023655913978494623,44,1860,0.02814976769609183,103,3659,0.028567063855789797,187,6546,False,False
p1056,ANDV-CH-LS-2016,p1056,ANDV-CH-LS-2016,I,I,Chilean sequences,Chilean sequences,False,False,True,0.02509760178471835,45,1793,0.028840820854132,104,3606,0.02937204591492235,174,5924,False,False
p1056,ANDV-CH-LS-2022,p1056,ANDV-CH-LS-2022,I,I,Chilean sequences,Chilean sequences,False,False,True,0.025,44,1760,0.029506281040023372,101,3423,0.028832292167227293,180,6243,False,False
p1056,ARG p19,p1056,ANDV ARG p19,I,III,Chilean sequences,Argentinean sequences,False,False,False,0.027419354838709678,51,1860,0.0306178239475123,112,3658,0.037683397683397686,244,6475,False,False
p1056,ARG p3,p1056,ANDV ARG p3,I,III,Chilean sequences,Argentinean sequences,False,False,False,0.026983270372369132,50,1853,0.030410958904109588,111,3650,0.037155963302752296,243,6540,False,False
p1056,ARG-M.a.,p1056,ANDV ARG-M.a.,I,III,Chilean sequences,Argentinean sequences,False,False,False,0.027434104357181282,51,1859,0.030402629416598194,111,3651,0.03775920767564222,244,6462,False,False
p1056,ARG p9,p1056,ANDV ARG p9,I,III,Chilean sequences,Argentinean sequences,False,False,False,0.027419354838709678,51,1860,0.030336157420060125,111,3659,0.03752895752895753,243,6475,False,False
p1056,p1316,p1056,p1316,I,III,Chilean sequences,Chilean sequences,False,False,False,0.025806451612903226,48,1860,0.03279584585952446,120,3659,0.0374331550802139,245,6545,False,False
p1056,CHI-Hu13724 P2,p1056,ANDV CHI-Hu13724 P2,I,III,Chilean sequences,Chilean sequences,False,False,False,0.02744886975242196,51,1858,0.034982235583492755,128,3659,0.03926061717079132,257,6546,False,False
p1056,p136,p1056,p136,I,III,Chilean sequences,Chilean sequences,False,False,False,0.026881720430107527,50,1860,0.03500136724090785,128,3657,0.03926061717079132,257,6546,False,False
p1056,p137,p1056,p137,I,III,Chilean sequences,Chilean sequences,False,False,False,0.02693965517241379,50,1856,0.03503010399562124,128,3654,0.03926661573720397,257,6545,False,False
p1056,CHI-Hu13724 P1,p1056,ANDV CHI-Hu13724 P1,I,III,Chilean sequences,Chilean sequences,False,False,False,0.026881720430107527,50,1860,0.03500136724090785,128,3657,0.03926061717079132,257,6546,False,False
p1056,p1059,p1056,p1059,I,III,Chilean sequences,Chilean sequences,False,True,False,0.024731182795698924,46,1860,0.03773584905660377,138,3657,0.037427436602505346,245,6546,False,False
p1056,NRC-4/18,p1056,ANDV NRC-4/18,I,III,Chilean sequences,Argentinean sequences,False,True,False,0.02420656266810113,45,1859,0.03619413216342199,132,3647,0.03699174564353409,242,6542,False,False
p1056,NRC-3/18,p1056,ANDV NRC-3/18,I,III,Chilean sequences,Argentinean sequences,False,True,False,0.02429805615550756,45,1852,0.03592978606692265,131,3646,0.03702003977359645,242,6537,False,False
p1056,132D,p1056,132D,I,III,Chilean sequences,Chilean sequences,False,True,False,0.02702702702702703,50,1850,0.039900935608145296,145,3634,0.0396327467482785,259,6535,False,False
p1056,p1239,p1056,p1239,I,III,Chilean sequences,Chilean sequences,False,True,False,0.026344086021505377,49,1860,0.03616438356164384,132,3650,0.03774449877750611,247,6544,False,False
p1056,p1242,p1056,p1242,I,III,Chilean sequences,Chilean sequences,False,True,False,0.02852529601722282,53,1858,0.03778751369112815,138,3652,0.03819709702062643,250,6545,False,False
p1056,p931,p1056,p931,I,III,Chilean sequences,Chilean sequences,False,True,False,0.02903225806451613,54,1860,0.03778751369112815,138,3652,0.03713325183374083,243,6544,False,False
p1056,p1236,p1056,p1236,I,III,Chilean sequences,Chilean sequences,False,True,False,0.02906350914962325,54,1858,0.035303776683087026,129,3654,0.04140077821011673,266,6425,True,False
p1056,cruise,p1056,France-Case 9,I,III,Chilean sequences,Cruise ship outbreak sequences,False,True,False,0.026983270372369132,50,1853,0.036468330134357005,133,3647,0.03851444291609354,252,6543,False,True
p1056,cruise,p1056,Spain-Case 10,I,III,Chilean sequences,Cruise ship outbreak sequences,False,True,False,0.02707092582566324,50,1847,0.03644834201151,133,3649,0.03853800275271448,252,6539,False,True
p1056,cruise,p1056,Spain-Case 12,I,III,Chilean sequences,Cruise ship outbreak sequences,False,True,False,0.02707092582566324,50,1847,0.03644834201151,133,3649,0.03853800275271448,252,6539,False,True
p1056,Switzerland-Case 7,p1056,Switzerland-Case 7,I,III,Chilean sequences,Cruise ship outbreak sequences,False,True,False,0.02707092582566324,50,1847,0.03644834201151,133,3649,0.038649556981362666,253,6546,False,True
p1056,cruise,p1056,Netherlands-Case 6,I,III,Chilean sequences,Cruise ship outbreak sequences,False,True,False,0.027442371020856202,50,1822,0.03641379310344828,132,3625,0.03881130237089964,239,6158,False,True
p1056,cruise,p1056,Netherlands-Case 5,I,III,Chilean sequences,Cruise ship outbreak sequences,False,True,False,0.0277623542476402,50,1801,0.036787419264251615,131,3561,0.03879443585780525,251,6470,False,True
p1056,cruise,p1056,Johannesburg-Case 2,I,III,Chilean sequences,Cruise ship outbreak sequences,False,True,False,0.028425241614553724,50,1759,0.03680132816823464,133,3614,0.03914590747330961,253,6463,False,True
p1056,cruise,p1056,Johannesburg-Case 3,I,III,Chilean sequences,Cruise ship outbreak sequences,False,True,False,0.02844141069397042,50,1758,0.036758563074352546,132,3591,0.03863845446182153,252,6522,False,True
p1056,cruise,p1056,Canada-Case 11_NPswab,I,III,Chilean sequences,Cruise ship outbreak sequences,False,True,False,0.028912633563796353,46,1591,0.0362547288776797,115,3172,0.03865683865683866,236,6105,False,True
p1056,cruise,p1056,Canada-Case 11_blood,I,III,Chilean sequences,Cruise ship outbreak sequences,False,True,False,0.028977272727272727,51,1760,0.0367152466367713,131,3568,0.03889315910837817,253,6505,False,True
NRC-2/97,p115D,ANDV NRC-2/97,p115D,I,I,Argentinean sequences,Chilean sequences,False,False,True,0.022702702702702703,42,1850,0.02282728272827283,83,3636,0.08480837309527474,551,6497,False,False
NRC-2/97,p915,ANDV NRC-2/97,p915,I,I,Argentinean sequences,Chilean sequences,False,False,True,0.025432900432900432,47,1848,0.023115024766097964,84,3634,0.08501463114122902,552,6493,False,False
NRC-2/97,p201,ANDV NRC-2/97,p201,I,I,Argentinean sequences,Chilean sequences,False,False,True,0.024864864864864864,46,1850,0.0217152281473337,79,3638,0.08362852302479594,543,6493,False,False
NRC-2/97,p1064,ANDV NRC-2/97,p1064,I,I,Argentinean sequences,Chilean sequences,False,False,True,0.023783783783783784,44,1850,0.028618602091359385,104,3634,0.024172440338722095,157,6495,False,False
NRC-2/97,CHI-7913,ANDV NRC-2/97,ANDV CHI-7913,I,I,Argentinean sequences,Chilean sequences,False,False,True,0.02387562465297057,43,1801,0.023428886438809263,85,3628,0.023357209592027407,150,6422,False,False
NRC-2/97,p1062,ANDV NRC-2/97,p1062,I,I,Argentinean sequences,Chilean sequences,False,False,True,0.025405405405405406,47,1850,0.01896646509070918,69,3638,0.028628597814375868,186,6497,False,False
NRC-2/97,p1058,ANDV NRC-2/97,p1058,I,I,Argentinean sequences,Chilean sequences,False,False,True,0.020010816657652784,37,1849,0.028312259483232547,103,3638,0.02725173210161663,177,6495,False,False
NRC-2/97,NRC-5/18,ANDV NRC-2/97,ANDV NRC-5/18,I,I,Argentinean sequences,Argentinean sequences,False,False,True,0.022714981070849107,42,1849,0.026604498080087767,97,3646,0.028844670677155636,187,6483,False,False
NRC-2/97,p1241,ANDV NRC-2/97,p1241,I,I,Argentinean sequences,Chilean sequences,False,False,True,0.022702702702702703,42,1850,0.02308960967564596,84,3638,0.030326354679802957,197,6496,False,False
NRC-2/97,p1313,ANDV NRC-2/97,p1313,I,I,Argentinean sequences,Chilean sequences,False,False,True,0.02,37,1850,0.02611324903793293,95,3638,0.02894534257120862,188,6495,False,False
NRC-2/97,p126,ANDV NRC-2/97,p126,I,I,Argentinean sequences,Chilean sequences,False,False,True,0.02,37,1850,0.02748763056624519,100,3638,0.029715165511932255,193,6495,False,False
NRC-2/97,136D,ANDV NRC-2/97,136D,I,I,Argentinean sequences,Chilean sequences,False,False,True,0.025274725274725275,46,1820,0.025981361197401864,92,3541,0.030359355638166045,196,6456,False,False
NRC-2/97,p1052,ANDV NRC-2/97,p1052,I,I,Argentinean sequences,Chilean sequences,False,False,True,0.021621621621621623,40,1850,0.02473886750962067,90,3638,0.026481909160892995,172,6495,False,False
NRC-2/97,131D,ANDV NRC-2/97,131D,I,I,Argentinean sequences,Chilean sequences,False,False,True,0.023809523809523808,44,1848,0.026035834266517358,93,3572,0.02724880012385818,176,6459,False,False
NRC-2/97,p127,ANDV NRC-2/97,p127,I,I,Argentinean sequences,Chilean sequences,False,False,True,0.024864864864864864,46,1850,0.02583837273227048,94,3638,0.028782515006926274,187,6497,False,False
NRC-2/97,p1427,ANDV NRC-2/97,p1427,I,I,Argentinean sequences,Chilean sequences,False,False,True,0.02216216216216216,41,1850,0.023914238592633315,87,3638,0.026012005541018932,169,6497,False,False
NRC-2/97,p1430,ANDV NRC-2/97,p1430,I,I,Argentinean sequences,Chilean sequences,False,False,True,0.022702702702702703,42,1850,0.022539857064321055,82,3638,0.026319839926119748,171,6497,False,False
NRC-2/97,ANDV-CH-LS-2016,ANDV NRC-2/97,ANDV-CH-LS-2016,I,I,Argentinean sequences,Chilean sequences,False,False,True,0.023982152816508645,43,1793,0.02329450915141431,84,3606,0.02585034013605442,152,5880,False,False
NRC-2/97,ANDV-CH-LS-2022,ANDV NRC-2/97,ANDV-CH-LS-2022,I,I,Argentinean sequences,Chilean sequences,False,False,True,0.023863636363636365,42,1760,0.02366345311130587,81,3423,0.026133247297951284,162,6199,False,False
NRC-2/97,ARG p19,ANDV NRC-2/97,ANDV ARG p19,I,III,Argentinean sequences,Argentinean sequences,False,False,False,0.02972972972972973,55,1850,0.028862012094557448,105,3638,0.03669724770642202,236,6431,False,False
NRC-2/97,ARG p3,ANDV NRC-2/97,ANDV ARG p3,I,III,Argentinean sequences,Argentinean sequences,False,False,False,0.02918918918918919,54,1850,0.028587135788894998,104,3638,0.03617054024934585,235,6497,False,False
NRC-2/97,ARG-M.a.,ANDV NRC-2/97,ANDV ARG-M.a.,I,III,Argentinean sequences,Argentinean sequences,False,False,False,0.02972972972972973,55,1850,0.028602860286028604,104,3636,0.03677157993144282,236,6418,False,False
NRC-2/97,ARG p9,ANDV NRC-2/97,ANDV ARG p9,I,III,Argentinean sequences,Argentinean sequences,False,False,False,0.02972972972972973,55,1850,0.028587135788894998,104,3638,0.03654175089410667,235,6431,False,False
NRC-2/97,p1316,ANDV NRC-2/97,p1316,I,III,Argentinean sequences,Chilean sequences,False,False,False,0.02810810810810811,52,1850,0.031061022539857066,113,3638,0.036957191253464736,240,6494,False,False
NRC-2/97,CHI-Hu13724 P2,ANDV NRC-2/97,ANDV CHI-Hu13724 P2,I,III,Argentinean sequences,Chilean sequences,False,False,False,0.02972972972972973,55,1850,0.03271028037383177,119,3638,0.038645111624326406,251,6495,False,False
NRC-2/97,p136,ANDV NRC-2/97,p136,I,III,Argentinean sequences,Chilean sequences,False,False,False,0.02918918918918919,54,1850,0.03271028037383177,119,3638,0.038633215330152376,251,6497,False,False
NRC-2/97,p137,ANDV NRC-2/97,p137,I,III,Argentinean sequences,Chilean sequences,False,False,False,0.02918918918918919,54,1850,0.03271028037383177,119,3638,0.03865106251924854,251,6494,False,False
NRC-2/97,CHI-Hu13724 P1,ANDV NRC-2/97,ANDV CHI-Hu13724 P1,I,III,Argentinean sequences,Chilean sequences,False,False,False,0.02918918918918919,54,1850,0.03271028037383177,119,3638,0.038633215330152376,251,6497,False,False
NRC-2/97,p1059,ANDV NRC-2/97,p1059,I,III,Argentinean sequences,Chilean sequences,False,True,False,0.025945945945945945,48,1850,0.035184167124793844,128,3638,0.03787528868360277,246,6495,False,False
NRC-2/97,NRC-4/18,ANDV NRC-2/97,ANDV NRC-4/18,I,III,Argentinean sequences,Argentinean sequences,False,True,False,0.026486486486486487,49,1850,0.033461327482172246,122,3646,0.03571428571428571,232,6496,False,False
NRC-2/97,NRC-3/18,ANDV NRC-2/97,ANDV NRC-3/18,I,III,Argentinean sequences,Argentinean sequences,False,True,False,0.02650081124932396,49,1849,0.03318705430608886,121,3646,0.035719784449576596,232,6495,False,False
NRC-2/97,132D,ANDV NRC-2/97,132D,I,III,Argentinean sequences,Chilean sequences,False,True,False,0.028153762858689767,52,1847,0.03609809864976578,131,3629,0.03853861569292431,250,6487,False,False
NRC-2/97,p1239,ANDV NRC-2/97,p1239,I,III,Argentinean sequences,Chilean sequences,False,True,False,0.027567567567567567,51,1850,0.033571821684094665,122,3634,0.03603881102726013,234,6493,False,False
NRC-2/97,p1242,ANDV NRC-2/97,p1242,I,III,Argentinean sequences,Chilean sequences,False,True,False,0.030810810810810812,57,1850,0.0352035203520352,128,3636,0.03711117955035417,241,6494,False,False
NRC-2/97,p931,ANDV NRC-2/97,p931,I,III,Argentinean sequences,Chilean sequences,False,True,False,0.03027027027027027,56,1850,0.0352035203520352,128,3636,0.036192823040197136,235,6493,False,False
NRC-2/97,p1236,ANDV NRC-2/97,p1236,I,III,Argentinean sequences,Chilean sequences,False,True,False,0.028648648648648647,53,1850,0.033534909290819134,122,3638,0.0410593950791412,262,6381,True,False
NRC-2/97,cruise,ANDV NRC-2/97,France-Case 9,I,III,Argentinean sequences,Cruise ship outbreak sequences,False,True,False,0.02872628726287263,53,1845,0.034084661902144035,124,3638,0.0370940434046483,241,6497,False,True
NRC-2/97,cruise,ANDV NRC-2/97,Spain-Case 10,I,III,Argentinean sequences,Cruise ship outbreak sequences,False,True,False,0.02875746066196419,53,1843,0.034084661902144035,124,3638,0.03712261244608749,241,6492,False,True
NRC-2/97,cruise,ANDV NRC-2/97,Spain-Case 12,I,III,Argentinean sequences,Cruise ship outbreak sequences,False,True,False,0.02875746066196419,53,1843,0.034084661902144035,124,3638,0.03712261244608749,241,6492,False,True
NRC-2/97,Switzerland-Case 7,ANDV NRC-2/97,Switzerland-Case 7,I,III,Argentinean sequences,Cruise ship outbreak sequences,False,True,False,0.02875746066196419,53,1843,0.034084661902144035,124,3638,0.037247960597198704,242,6497,False,True
NRC-2/97,cruise,ANDV NRC-2/97,Netherlands-Case 6,I,III,Argentinean sequences,Cruise ship outbreak sequences,False,True,False,0.029088913282107574,53,1822,0.03420689655172414,124,3625,0.037461148372321285,229,6113,False,True
NRC-2/97,cruise,ANDV NRC-2/97,Netherlands-Case 5,I,III,Argentinean sequences,Cruise ship outbreak sequences,False,True,False,0.029428095502498614,53,1801,0.03454085930918281,123,3561,0.03736571695469407,240,6423,False,True
NRC-2/97,cruise,ANDV NRC-2/97,Johannesburg-Case 2,I,III,Argentinean sequences,Cruise ship outbreak sequences,False,True,False,0.030130756111426946,53,1759,0.03431101272827892,124,3614,0.037700576413771614,242,6419,False,True
NRC-2/97,cruise,ANDV NRC-2/97,Johannesburg-Case 3,I,III,Argentinean sequences,Cruise ship outbreak sequences,False,True,False,0.030147895335608646,53,1758,0.034252297410192145,123,3591,0.03720284038283421,241,6478,False,True
NRC-2/97,cruise,ANDV NRC-2/97,Canada-Case 11_NPswab,I,III,Argentinean sequences,Cruise ship outbreak sequences,False,True,False,0.03142677561282212,50,1591,0.03373266078184111,107,3172,0.03679260848044877,223,6061,False,True
NRC-2/97,cruise,ANDV NRC-2/97,Canada-Case 11_blood,I,III,Argentinean sequences,Cruise ship outbreak sequences,False,True,False,0.03068181818181818,54,1760,0.03447309417040359,123,3568,0.03745550224423464,242,6461,False,True
p115D,p915,p115D,p915,I,I,Chilean sequences,Chilean sequences,False,False,True,0.005904455179817499,11,1863,0.00684931506849315,25,3650,0.008087898672363803,53,6553,False,False
p115D,p201,p115D,p201,I,I,Chilean sequences,Chilean sequences,False,False,True,0.005382131324004306,10,1858,0.006568144499178982,24,3654,0.007935296810621089,52,6553,False,False
p115D,p1064,p115D,p1064,I,I,Chilean sequences,Chilean sequences,False,False,True,0.016711590296495958,31,1855,0.028203723986856517,103,3652,0.082837528604119,543,6555,False,False
p115D,CHI-7913,p115D,ANDV CHI-7913,I,I,Chilean sequences,Chilean sequences,False,False,True,0.017212659633536923,31,1801,0.022521285361164517,82,3641,0.08366841942468296,541,6466,False,False
p115D,p1062,p115D,p1062,I,I,Chilean sequences,Chilean sequences,False,False,True,0.018796992481203006,35,1862,0.019672131147540985,72,3660,0.08618059792556437,565,6556,False,False
p115D,p1058,p115D,p1058,I,I,Chilean sequences,Chilean sequences,False,False,True,0.015549597855227882,29,1865,0.027640941434044882,101,3654,0.08641221374045802,566,6550,False,False
p115D,NRC-5/18,p115D,ANDV NRC-5/18,I,I,Chilean sequences,Argentinean sequences,False,False,True,0.020485175202156335,38,1855,0.028846153846153848,105,3640,0.08395893978857055,548,6527,False,False
p115D,p1241,p115D,p1241,I,I,Chilean sequences,Chilean sequences,False,False,True,0.01714898177920686,32,1866,0.026775956284153007,98,3660,0.08367626886145405,549,6561,False,False
p115D,p1313,p115D,p1313,I,I,Chilean sequences,Chilean sequences,False,False,True,0.014508328855454057,27,1861,0.028188286808976466,103,3654,0.08809160305343511,577,6550,False,False
p115D,p126,p115D,p126,I,I,Chilean sequences,Chilean sequences,False,False,True,0.015599784830554062,29,1859,0.029556650246305417,108,3654,0.0866646322856271,568,6554,False,False
p115D,136D,p115D,136D,I,I,Chilean sequences,Chilean sequences,False,False,True,0.020879120879120878,38,1820,0.028805422197119457,102,3541,0.08676923076923077,564,6500,False,False
p115D,p1052,p115D,p1052,I,I,Chilean sequences,Chilean sequences,False,False,True,0.018230563002680965,34,1865,0.0262582056892779,96,3656,0.08498626792798292,557,6554,False,False
p115D,131D,p115D,131D,I,I,Chilean sequences,Chilean sequences,False,False,True,0.02055164954029205,38,1849,0.02715565509518477,97,3572,0.0853452252806397,555,6503,False,False
p115D,p127,p115D,p127,I,I,Chilean sequences,Chilean sequences,False,False,True,0.018269747447608814,34,1861,0.02681992337164751,98,3654,0.08521686010995724,558,6548,False,False
p115D,p1427,p115D,p1427,I,I,Chilean sequences,Chilean sequences,False,False,True,0.01881720430107527,35,1860,0.024863387978142075,91,3660,0.0839939024390244,551,6560,False,False
p115D,p1430,p115D,p1430,I,I,Chilean sequences,Chilean sequences,False,False,True,0.019313304721030045,36,1864,0.02459016393442623,90,3660,0.08353658536585366,548,6560,False,False
p115D,ANDV-CH-LS-2016,p115D,ANDV-CH-LS-2016,I,I,Chilean sequences,Chilean sequences,False,False,True,0.02063580591187953,37,1793,0.025513033832501388,92,3606,0.08710330857528698,516,5924,False,False
p115D,ANDV-CH-LS-2022,p115D,ANDV-CH-LS-2022,I,I,Chilean sequences,Chilean sequences,False,False,True,0.020454545454545454,36,1760,0.02483201869704937,85,3423,0.08585615889796572,536,6243,False,False
p115D,ARG p19,p115D,ANDV ARG p19,I,III,Chilean sequences,Argentinean sequences,False,False,False,0.025187566988210074,47,1866,0.028743498494388176,105,3653,0.08555984555984555,554,6475,False,False
p115D,ARG p3,p115D,ANDV ARG p3,I,III,Chilean sequences,Argentinean sequences,False,False,False,0.024771136241249325,46,1857,0.02853223593964335,104,3645,0.08481051344743276,555,6544,False,False
p115D,ARG-M.a.,p115D,ANDV ARG-M.a.,I,III,Chilean sequences,Argentinean sequences,False,False,False,0.02522812667740204,47,1863,0.028485346480416323,104,3651,0.08557722067471371,553,6462,False,False
p115D,ARG p9,p115D,ANDV ARG p9,I,III,Chilean sequences,Argentinean sequences,False,False,False,0.025187566988210074,47,1866,0.028461959496442254,104,3654,0.08540540540540541,553,6475,False,False
p115D,p1316,p115D,p1316,I,III,Chilean sequences,Chilean sequences,False,False,False,0.023643202579258463,44,1861,0.030377668308702793,111,3654,0.08285016783643577,543,6554,False,False
p115D,CHI-Hu13724 P2,p115D,ANDV CHI-Hu13724 P2,I,III,Chilean sequences,Chilean sequences,False,False,False,0.025309639203015617,47,1857,0.032567049808429116,119,3654,0.08390541571319603,550,6555,False,False
p115D,p136,p115D,p136,I,III,Chilean sequences,Chilean sequences,False,False,False,0.024717893605588393,46,1861,0.032567049808429116,119,3654,0.08389261744966443,550,6556,False,False
p115D,p137,p115D,p137,I,III,Chilean sequences,Chilean sequences,False,False,False,0.024797843665768194,46,1855,0.03258488499452355,119,3652,0.08398228737211788,550,6549,False,False
p115D,CHI-Hu13724 P1,p115D,ANDV CHI-Hu13724 P1,I,III,Chilean sequences,Chilean sequences,False,False,False,0.02467811158798283,46,1864,0.032513661202185795,119,3660,0.08381590978360257,550,6562,False,False
p115D,p1059,p115D,p1059,I,III,Chilean sequences,Chilean sequences,False,True,False,0.022520107238605896,42,1865,0.03469945355191257,127,3660,0.0829900839054157,544,6555,False,False
p115D,NRC-4/18,p115D,ANDV NRC-4/18,I,III,Chilean sequences,Argentinean sequences,False,True,False,0.023143164693218515,43,1858,0.033498077979132346,122,3642,0.0843520782396088,552,6544,False,False
p115D,NRC-3/18,p115D,ANDV NRC-3/18,I,III,Chilean sequences,Argentinean sequences,False,True,False,0.023180592991913745,43,1855,0.03323262839879154,121,3641,0.08440366972477065,552,6540,False,False
p115D,132D,p115D,132D,I,III,Chilean sequences,Chilean sequences,False,True,False,0.024337479718766902,45,1849,0.036873968079251515,134,3634,0.08569242540168324,560,6535,False,False
p115D,p1239,p115D,p1239,I,III,Chilean sequences,Chilean sequences,False,True,False,0.023605150214592276,44,1864,0.033698630136986304,123,3650,0.08240500534106517,540,6553,False,False
p115D,p1242,p115D,p1242,I,III,Chilean sequences,Chilean sequences,False,True,False,0.02685284640171858,50,1862,0.03422782037239869,125,3652,0.08269758925846811,542,6554,False,False
p115D,p931,p115D,p931,I,III,Chilean sequences,Chilean sequences,False,True,False,0.026259378349410504,49,1866,0.033680175246440305,123,3652,0.08225240347932244,539,6553,False,False
p115D,p1236,p115D,p1236,I,III,Chilean sequences,Chilean sequences,False,True,False,0.025241675617615467,47,1862,0.03285870755750274,120,3652,0.08684824902723735,558,6425,True,False
p115D,cruise,p115D,France-Case 9,I,III,Chilean sequences,Cruise ship outbreak sequences,False,True,False,0.02644360496492175,49,1853,0.03542009884678748,129,3642,0.08433919022154317,552,6545,False,True
p115D,cruise,p115D,Spain-Case 10,I,III,Chilean sequences,Cruise ship outbreak sequences,False,True,False,0.026529507309149974,49,1847,0.035371538250616945,129,3647,0.08441657745832697,552,6539,False,True
p115D,cruise,p115D,Spain-Case 12,I,III,Chilean sequences,Cruise ship outbreak sequences,False,True,False,0.026529507309149974,49,1847,0.035371538250616945,129,3647,0.08441657745832697,552,6539,False,True
p115D,Switzerland-Case 7,p115D,Switzerland-Case 7,I,III,Chilean sequences,Cruise ship outbreak sequences,False,True,False,0.026529507309149974,49,1847,0.035371538250616945,129,3647,0.08428593202255753,553,6561,False,True
p115D,cruise,p115D,Netherlands-Case 6,I,III,Chilean sequences,Cruise ship outbreak sequences,False,True,False,0.02689352360043908,49,1822,0.035586206896551724,129,3625,0.0842806105878532,519,6158,False,True
p115D,cruise,p115D,Netherlands-Case 5,I,III,Chilean sequences,Cruise ship outbreak sequences,False,True,False,0.027207107162687396,49,1801,0.035944959281100815,128,3561,0.08531684698608964,552,6470,False,True
p115D,cruise,p115D,Johannesburg-Case 2,I,III,Chilean sequences,Cruise ship outbreak sequences,False,True,False,0.02785673678226265,49,1759,0.035694521306032095,129,3614,0.08509979885502089,550,6463,False,True
p115D,cruise,p115D,Johannesburg-Case 3,I,III,Chilean sequences,Cruise ship outbreak sequences,False,True,False,0.027872582480091012,49,1758,0.03564466722361459,128,3591,0.08463661453541858,552,6522,False,True
p115D,cruise,p115D,Canada-Case 11_NPswab,I,III,Chilean sequences,Cruise ship outbreak sequences,False,True,False,0.0295411690760528,47,1591,0.03562421185372005,113,3172,0.08583128583128583,524,6105,False,True
p115D,cruise,p115D,Canada-Case 11_blood,I,III,Chilean sequences,Cruise ship outbreak sequences,False,True,False,0.028409090909090908,50,1760,0.03587443946188341,128,3568,0.08501152959262107,553,6505,False,True
p915,p201,p915,p201,I,I,Chilean sequences,Chilean sequences,False,False,True,0.003771551724137931,7,1856,0.005753424657534247,21,3650,0.00564626888448039,37,6553,False,False
p915,p1064,p915,p1064,I,I,Chilean sequences,Chilean sequences,False,False,True,0.017269293038316244,32,1853,0.028767123287671233,105,3650,0.08209980161757974,538,6553,False,False
p915,CHI-7913,p915,ANDV CHI-7913,I,I,Chilean sequences,Chilean sequences,False,False,True,0.017787659811006114,32,1799,0.02279593518264213,83,3641,0.08289514382926075,536,6466,False,False
p915,p1062,p915,p1062,I,I,Chilean sequences,Chilean sequences,False,False,True,0.0193756727664155,36,1858,0.02054794520547945,75,3650,0.08562271062271062,561,6552,False,False
p915,p1058,p915,p1058,I,I,Chilean sequences,Chilean sequences,False,False,True,0.017185821697099892,32,1862,0.028493150684931506,104,3650,0.08536957849725108,559,6548,False,False
p915,NRC-5/18,p915,ANDV NRC-5/18,I,I,Chilean sequences,Argentinean sequences,False,False,True,0.018888289260658393,35,1853,0.029136888400219902,106,3638,0.08416372834585313,549,6523,False,False
p915,p1241,p915,p1241,I,I,Chilean sequences,Chilean sequences,False,False,True,0.01878690284487386,35,1863,0.027123287671232878,99,3650,0.08272283272283272,542,6552,False,False
p915,p1313,p915,p1313,I,I,Chilean sequences,Chilean sequences,False,False,True,0.014001077005923533,26,1857,0.028493150684931506,104,3650,0.08827122785583384,578,6548,False,False
p915,p126,p915,p126,I,I,Chilean sequences,Chilean sequences,False,False,True,0.015078082929456112,28,1857,0.029863013698630137,109,3650,0.08653846153846154,567,6552,False,False
p915,136D,p915,136D,I,I,Chilean sequences,Chilean sequences,False,False,True,0.02035203520352035,37,1818,0.029087828297091216,103,3541,0.086,559,6500,False,False
p915,p1052,p915,p1052,I,I,Chilean sequences,Chilean sequences,False,False,True,0.017732401934443847,33,1861,0.026027397260273973,95,3650,0.08516483516483517,558,6552,False,False
p915,131D,p915,131D,I,I,Chilean sequences,Chilean sequences,False,False,True,0.020032485110990796,37,1847,0.027435610302351622,98,3572,0.08580655082269721,558,6503,False,False
p915,p127,p915,p127,I,I,Chilean sequences,Chilean sequences,False,False,True,0.017770597738287562,33,1857,0.027671232876712328,101,3650,0.08526894865525672,558,6544,False,False
p915,p1427,p915,p1427,I,I,Chilean sequences,Chilean sequences,False,False,True,0.017241379310344827,32,1856,0.025753424657534246,94,3650,0.08362582023500686,548,6553,False,False
p915,p1430,p915,p1430,I,I,Chilean sequences,Chilean sequences,False,False,True,0.017741935483870968,33,1860,0.02547945205479452,93,3650,0.08316801464977873,545,6553,False,False
p915,ANDV-CH-LS-2016,p915,ANDV-CH-LS-2016,I,I,Chilean sequences,Chilean sequences,False,False,True,0.018983807928531545,34,1791,0.02634498058790904,95,3606,0.08659689399054693,513,5924,False,False
p915,ANDV-CH-LS-2022,p915,ANDV-CH-LS-2022,I,I,Chilean sequences,Chilean sequences,False,False,True,0.019340159271899887,34,1758,0.02483201869704937,85,3423,0.0853756206951786,533,6243,False,False
p915,ARG p19,p915,ANDV ARG p19,I,III,Chilean sequences,Argentinean sequences,False,False,False,0.02576489533011272,48,1863,0.030136986301369864,110,3650,0.08586872586872586,556,6475,False,False
p915,ARG p3,p915,ANDV ARG p3,I,III,Chilean sequences,Argentinean sequences,False,False,False,0.025323275862068964,47,1856,0.029920395278616525,109,3643,0.08519424900581217,557,6538,False,False
p915,ARG-M.a.,p915,ANDV ARG-M.a.,I,III,Chilean sequences,Argentinean sequences,False,False,False,0.02577873254564984,48,1862,0.029871197588380378,109,3649,0.08588672237697308,555,6462,False,False
p915,ARG p9,p915,ANDV ARG p9,I,III,Chilean sequences,Argentinean sequences,False,False,False,0.02576489533011272,48,1863,0.029863013698630137,109,3650,0.08571428571428572,555,6475,False,False
p915,p1316,p915,p1316,I,III,Chilean sequences,Chilean sequences,False,False,False,0.024232633279483037,45,1857,0.03232876712328767,118,3650,0.0828628109262933,543,6553,False,False
p915,CHI-Hu13724 P2,p915,ANDV CHI-Hu13724 P2,I,III,Chilean sequences,Chilean sequences,False,False,False,0.02587601078167116,48,1855,0.03452054794520548,126,3650,0.08362582023500686,548,6553,False,False
p915,p136,p915,p136,I,III,Chilean sequences,Chilean sequences,False,False,False,0.025309639203015617,47,1857,0.03452054794520548,126,3650,0.08363858363858363,548,6552,False,False
p915,p137,p915,p137,I,III,Chilean sequences,Chilean sequences,False,False,False,0.025364274150026983,47,1853,0.03452054794520548,126,3650,0.08368967623701894,548,6548,False,False
p915,CHI-Hu13724 P1,p915,ANDV CHI-Hu13724 P1,I,III,Chilean sequences,Chilean sequences,False,False,False,0.02522812667740204,47,1863,0.03452054794520548,126,3650,0.08362582023500686,548,6553,False,False
p915,p1059,p915,p1059,I,III,Chilean sequences,Chilean sequences,False,True,False,0.0231058570660935,43,1861,0.03534246575342466,129,3650,0.08332061651152144,546,6553,False,False
p915,NRC-4/18,p915,ANDV NRC-4/18,I,III,Chilean sequences,Argentinean sequences,False,True,False,0.023706896551724137,44,1856,0.034340659340659344,125,3640,0.0845565749235474,553,6540,False,False
p915,NRC-3/18,p915,ANDV NRC-3/18,I,III,Chilean sequences,Argentinean sequences,False,True,False,0.023745277927684834,44,1853,0.03407529541082715,124,3639,0.0846212700841622,553,6535,False,False
p915,132D,p915,132D,I,III,Chilean sequences,Chilean sequences,False,True,False,0.024891774891774892,46,1848,0.03769950467804073,137,3634,0.08599846977811783,562,6535,False,False
p915,p1239,p915,p1239,I,III,Chilean sequences,Chilean sequences,False,True,False,0.024154589371980676,45,1863,0.03452054794520548,126,3650,0.08209980161757974,538,6553,False,False
p915,p1242,p915,p1242,I,III,Chilean sequences,Chilean sequences,False,True,False,0.027404621171413217,51,1861,0.03616438356164384,132,3650,0.0827102090645506,542,6553,False,False
p915,p931,p915,p931,I,III,Chilean sequences,Chilean sequences,False,True,False,0.027911969940955447,52,1863,0.03561643835616438,130,3650,0.08164199603235159,535,6553,False,False
p915,p1236,p915,p1236,I,III,Chilean sequences,Chilean sequences,False,True,False,0.025792584631918324,48,1861,0.033698630136986304,123,3650,0.08653696498054475,556,6425,True,False
p915,cruise,p915,France-Case 9,I,III,Chilean sequences,Cruise ship outbreak sequences,False,True,False,0.026983270372369132,50,1853,0.03626373626373627,132,3640,0.08469652958263263,554,6541,False,True
p915,cruise,p915,Spain-Case 10,I,III,Chilean sequences,Cruise ship outbreak sequences,False,True,False,0.02707092582566324,50,1847,0.03621399176954732,132,3645,0.08472243462303104,554,6539,False,True
p915,cruise,p915,Spain-Case 12,I,III,Chilean sequences,Cruise ship outbreak sequences,False,True,False,0.02707092582566324,50,1847,0.03621399176954732,132,3645,0.08472243462303104,554,6539,False,True
p915,Switzerland-Case 7,p915,Switzerland-Case 7,I,III,Chilean sequences,Cruise ship outbreak sequences,False,True,False,0.02707092582566324,50,1847,0.03621399176954732,132,3645,0.08469403326720586,555,6553,False,True
p915,cruise,p915,Netherlands-Case 6,I,III,Chilean sequences,Cruise ship outbreak sequences,False,True,False,0.027442371020856202,50,1822,0.03641379310344828,132,3625,0.0850925625202988,524,6158,False,True
p915,cruise,p915,Netherlands-Case 5,I,III,Chilean sequences,Cruise ship outbreak sequences,False,True,False,0.0277623542476402,50,1801,0.036787419264251615,131,3561,0.0856259659969088,554,6470,False,True
p915,cruise,p915,Johannesburg-Case 2,I,III,Chilean sequences,Cruise ship outbreak sequences,False,True,False,0.028425241614553724,50,1759,0.036524626452684006,132,3614,0.08525452576203002,551,6463,False,True
p915,cruise,p915,Johannesburg-Case 3,I,III,Chilean sequences,Cruise ship outbreak sequences,False,True,False,0.02844141069397042,50,1758,0.03648008911166806,131,3591,0.08496932515337423,554,6520,False,True
p915,cruise,p915,Canada-Case 11_NPswab,I,III,Chilean sequences,Cruise ship outbreak sequences,False,True,False,0.03016970458830924,48,1591,0.037515762925598994,119,3172,0.085995085995086,525,6105,False,True
p915,cruise,p915,Canada-Case 11_blood,I,III,Chilean sequences,Cruise ship outbreak sequences,False,True,False,0.028977272727272727,51,1760,0.0367152466367713,131,3568,0.08531898539584935,555,6505,False,True
p201,p1064,p201,p1064,I,I,Chilean sequences,Chilean sequences,False,False,True,0.016711590296495958,31,1855,0.028203723986856517,103,3652,0.08179459789409431,536,6553,False,False
p201,CHI-7913,p201,ANDV CHI-7913,I,I,Chilean sequences,Chilean sequences,False,False,True,0.017212659633536923,31,1801,0.021971985718209283,80,3641,0.08212186823383855,531,6466,False,False
p201,p1062,p201,p1062,I,I,Chilean sequences,Chilean sequences,False,False,True,0.01884760366182014,35,1857,0.019693654266958426,72,3656,0.08501221001221002,557,6552,False,False
p201,p1058,p201,p1058,I,I,Chilean sequences,Chilean sequences,False,False,True,0.01670258620689655,31,1856,0.02762582056892779,101,3656,0.08506414172266341,557,6548,False,False
p201,NRC-5/18,p201,ANDV NRC-5/18,I,I,Chilean sequences,Argentinean sequences,False,False,True,0.019469983775013522,36,1849,0.02773201537616694,101,3642,0.08385712095661506,547,6523,False,False
p201,p1241,p201,p1241,I,I,Chilean sequences,Chilean sequences,False,False,True,0.01938610662358643,36,1857,0.0262582056892779,96,3656,0.08257020757020757,541,6552,False,False
p201,p1313,p201,p1313,I,I,Chilean sequences,Chilean sequences,False,False,True,0.014539579967689823,27,1857,0.02762582056892779,101,3656,0.08735491753207086,572,6548,False,False
p201,p126,p201,p126,I,I,Chilean sequences,Chilean sequences,False,False,True,0.015616585891222402,29,1857,0.02899343544857768,106,3656,0.08562271062271062,561,6552,False,False
p201,136D,p201,136D,I,I,Chilean sequences,Chilean sequences,False,False,True,0.020879120879120878,38,1820,0.027110985597288903,96,3541,0.08553846153846154,556,6500,False,False
p201,p1052,p201,p1052,I,I,Chilean sequences,Chilean sequences,False,False,True,0.01830910070005385,34,1857,0.02516411378555799,92,3656,0.08424908424908426,552,6552,False,False
p201,131D,p201,131D,I,I,Chilean sequences,Chilean sequences,False,False,True,0.02055164954029205,38,1849,0.026595744680851064,95,3572,0.0848838997385822,552,6503,False,False
p201,p127,p201,p127,I,I,Chilean sequences,Chilean sequences,False,False,True,0.01830910070005385,34,1857,0.0262582056892779,96,3656,0.0843520782396088,552,6544,False,False
p201,p1427,p201,p1427,I,I,Chilean sequences,Chilean sequences,False,False,True,0.01830910070005385,34,1857,0.024343544857768053,89,3656,0.08423622768197772,552,6553,False,False
p201,p1430,p201,p1430,I,I,Chilean sequences,Chilean sequences,False,False,True,0.01884760366182014,35,1857,0.02461706783369803,90,3656,0.08377842209674959,549,6553,False,False
p201,ANDV-CH-LS-2016,p201,ANDV-CH-LS-2016,I,I,Chilean sequences,Chilean sequences,False,False,True,0.020078081427774678,36,1793,0.025513033832501388,92,3606,0.08676569885212694,514,5924,False,False
p201,ANDV-CH-LS-2022,p201,ANDV-CH-LS-2022,I,I,Chilean sequences,Chilean sequences,False,False,True,0.020454545454545454,36,1760,0.024539877300613498,84,3423,0.08553580009610764,534,6243,False,False
p201,ARG p19,p201,ANDV ARG p19,I,III,Chilean sequences,Argentinean sequences,False,False,False,0.025309639203015617,47,1857,0.029274965800273597,107,3655,0.08447876447876448,547,6475,False,False
p201,ARG p3,p201,ANDV ARG p3,I,III,Chilean sequences,Argentinean sequences,False,False,False,0.024864864864864864,46,1850,0.029064984919111598,106,3647,0.08397063322116856,549,6538,False,False
p201,ARG-M.a.,p201,ANDV ARG-M.a.,I,III,Chilean sequences,Argentinean sequences,False,False,False,0.025323275862068964,47,1856,0.029033141605039715,106,3651,0.08449396471680594,546,6462,False,False
p201,ARG p9,p201,ANDV ARG p9,I,III,Chilean sequences,Argentinean sequences,False,False,False,0.025309639203015617,47,1857,0.02899343544857768,106,3656,0.08432432432432432,546,6475,False,False
p201,p1316,p201,p1316,I,III,Chilean sequences,Chilean sequences,False,False,False,0.023694130317716746,44,1857,0.03145514223194748,115,3656,0.08225240347932244,539,6553,False,False
p201,CHI-Hu13724 P2,p201,ANDV CHI-Hu13724 P2,I,III,Chilean sequences,Chilean sequences,False,False,False,0.025336927223719677,47,1855,0.03364332603938731,123,3656,0.08301541278803601,544,6553,False,False
p201,p136,p201,p136,I,III,Chilean sequences,Chilean sequences,False,False,False,0.024771136241249325,46,1857,0.03364332603938731,123,3656,0.08302808302808302,544,6552,False,False
p201,p137,p201,p137,I,III,Chilean sequences,Chilean sequences,False,False,False,0.02481121898597627,46,1854,0.03366174055829228,123,3654,0.08307880268784362,544,6548,False,False
p201,CHI-Hu13724 P1,p201,ANDV CHI-Hu13724 P1,I,III,Chilean sequences,Chilean sequences,False,False,False,0.024771136241249325,46,1857,0.03364332603938731,123,3656,0.08301541278803601,544,6553,False,False
p201,p1059,p201,p1059,I,III,Chilean sequences,Chilean sequences,False,True,False,0.022617124394184167,42,1857,0.03637855579868709,133,3656,0.08240500534106517,540,6553,False,False
p201,NRC-4/18,p201,ANDV NRC-4/18,I,III,Chilean sequences,Argentinean sequences,False,True,False,0.023168103448275863,43,1856,0.033479692645444564,122,3644,0.08363914373088685,547,6540,False,False
p201,NRC-3/18,p201,ANDV NRC-3/18,I,III,Chilean sequences,Argentinean sequences,False,True,False,0.023255813953488372,43,1849,0.03321438374965688,121,3643,0.08370313695485845,547,6535,False,False
p201,132D,p201,132D,I,III,Chilean sequences,Chilean sequences,False,True,False,0.024337479718766902,45,1849,0.0379746835443038,138,3634,0.08508033664881408,556,6535,False,False
p201,p1239,p201,p1239,I,III,Chilean sequences,Chilean sequences,False,True,False,0.023694130317716746,44,1857,0.03534246575342466,129,3650,0.08240500534106517,540,6553,False,False
p201,p1242,p201,p1242,I,III,Chilean sequences,Chilean sequences,False,True,False,0.026954177897574125,50,1855,0.03696604600219058,135,3652,0.08301541278803601,544,6553,False,False
p201,p931,p201,p931,I,III,Chilean sequences,Chilean sequences,False,True,False,0.027463651050080775,51,1857,0.0364184008762322,133,3652,0.08194719975583702,537,6553,False,False
p201,p1236,p201,p1236,I,III,Chilean sequences,Chilean sequences,False,True,False,0.025336927223719677,47,1855,0.033388067870826495,122,3654,0.08575875486381324,551,6425,True,False
p201,cruise,p201,France-Case 9,I,III,Chilean sequences,Cruise ship outbreak sequences,False,True,False,0.026472177201512695,49,1851,0.035949506037321624,131,3644,0.08408500229322734,550,6541,False,True
p201,cruise,p201,Spain-Case 10,I,III,Chilean sequences,Cruise ship outbreak sequences,False,True,False,0.026529507309149974,49,1847,0.03590024664291587,131,3649,0.08411072029362288,550,6539,False,True
p201,cruise,p201,Spain-Case 12,I,III,Chilean sequences,Cruise ship outbreak sequences,False,True,False,0.026529507309149974,49,1847,0.03590024664291587,131,3649,0.08411072029362288,550,6539,False,True
p201,Switzerland-Case 7,p201,Switzerland-Case 7,I,III,Chilean sequences,Cruise ship outbreak sequences,False,True,False,0.026529507309149974,49,1847,0.03590024664291587,131,3649,0.084083625820235,551,6553,False,True
p201,cruise,p201,Netherlands-Case 6,I,III,Chilean sequences,Cruise ship outbreak sequences,False,True,False,0.02689352360043908,49,1822,0.03613793103448276,131,3625,0.0842806105878532,519,6158,False,True
p201,cruise,p201,Netherlands-Case 5,I,III,Chilean sequences,Cruise ship outbreak sequences,False,True,False,0.027207107162687396,49,1801,0.03622577927548441,129,3561,0.08500772797527048,550,6470,False,True
p201,cruise,p201,Johannesburg-Case 2,I,III,Chilean sequences,Cruise ship outbreak sequences,False,True,False,0.02785673678226265,49,1759,0.03624792473713337,131,3614,0.08448089122698438,546,6463,False,True
p201,cruise,p201,Johannesburg-Case 3,I,III,Chilean sequences,Cruise ship outbreak sequences,False,True,False,0.027872582480091012,49,1758,0.03592314118629908,129,3591,0.0843558282208589,550,6520,False,True
p201,cruise,p201,Canada-Case 11_NPswab,I,III,Chilean sequences,Cruise ship outbreak sequences,False,True,False,0.028912633563796353,46,1591,0.03656998738965952,116,3172,0.08533988533988535,521,6105,False,True
p201,cruise,p201,Canada-Case 11_blood,I,III,Chilean sequences,Cruise ship outbreak sequences,False,True,False,0.028409090909090908,50,1760,0.03615470852017937,129,3568,0.08470407378939278,551,6505,False,True
p1064,CHI-7913,p1064,ANDV CHI-7913,I,I,Chilean sequences,Chilean sequences,False,False,True,0.005549389567147614,10,1802,0.007964844822850866,29,3641,0.004484998453448809,29,6466,False,False
p1064,p1062,p1064,p1062,I,I,Chilean sequences,Chilean sequences,False,False,True,0.009159482758620689,17,1856,0.024917853231106242,91,3652,0.01098565761367104,72,6554,False,False
p1064,p1058,p1064,p1058,I,I,Chilean sequences,Chilean sequences,False,False,True,0.007008086253369272,13,1855,0.012595837897042717,46,3652,0.010229007633587786,67,6550,False,False
p1064,NRC-5/18,p1064,ANDV NRC-5/18,I,I,Chilean sequences,Argentinean sequences,False,False,True,0.021621621621621623,40,1850,0.03216052776250687,117,3638,0.02789272030651341,182,6525,False,False
p1064,p1241,p1064,p1241,I,I,Chilean sequences,Chilean sequences,False,False,True,0.01939655172413793,36,1856,0.0312157721796276,114,3652,0.028989929813854134,190,6554,False,False
p1064,p1313,p1064,p1313,I,I,Chilean sequences,Chilean sequences,False,False,True,0.014547413793103448,27,1856,0.033406352683461114,122,3652,0.028702290076335877,188,6550,False,False
p1064,p126,p1064,p126,I,I,Chilean sequences,Chilean sequences,False,False,True,0.01670258620689655,31,1856,0.03477546549835706,127,3652,0.028532194079951174,187,6554,False,False
p1064,136D,p1064,136D,I,I,Chilean sequences,Chilean sequences,False,False,True,0.019230769230769232,35,1820,0.03332391979666761,118,3541,0.028923076923076923,188,6500,False,False
p1064,p1052,p1064,p1052,I,I,Chilean sequences,Chilean sequences,False,False,True,0.018318965517241378,34,1856,0.030394304490690034,111,3652,0.026243515410436374,172,6554,False,False
p1064,131D,p1064,131D,I,I,Chilean sequences,Chilean sequences,False,False,True,0.01945945945945946,36,1850,0.03135498320268757,112,3572,0.026449331077964017,172,6503,False,False
p1064,p127,p1064,p127,I,I,Chilean sequences,Chilean sequences,False,False,True,0.020474137931034482,38,1856,0.03313253012048193,121,3652,0.027344943476932476,179,6546,False,False
p1064,p1427,p1064,p1427,I,I,Chilean sequences,Chilean sequences,False,False,True,0.018867924528301886,35,1855,0.029025191675794086,106,3652,0.02456140350877193,161,6555,False,False
p1064,p1430,p1064,p1430,I,I,Chilean sequences,Chilean sequences,False,False,True,0.01939655172413793,36,1856,0.029299014238773274,107,3652,0.02425629290617849,159,6555,False,False
p1064,ANDV-CH-LS-2016,p1064,ANDV-CH-LS-2016,I,I,Chilean sequences,Chilean sequences,False,False,True,0.018962632459564976,34,1793,0.030227398779811426,109,3606,0.02413909520594193,143,5924,False,False
p1064,ANDV-CH-LS-2022,p1064,ANDV-CH-LS-2022,I,I,Chilean sequences,Chilean sequences,False,False,True,0.019318181818181818,34,1760,0.030966988022202747,106,3423,0.023706551337497998,148,6243,False,False
p1064,ARG p19,p1064,ANDV ARG p19,I,III,Chilean sequences,Argentinean sequences,False,False,False,0.025323275862068964,47,1856,0.03396329772665023,124,3651,0.035366795366795364,229,6475,False,False
p1064,ARG p3,p1064,ANDV ARG p3,I,III,Chilean sequences,Argentinean sequences,False,False,False,0.02485143165856294,46,1851,0.0337633818281636,123,3643,0.03486238532110092,228,6540,False,False
p1064,ARG-M.a.,p1064,ANDV ARG-M.a.,I,III,Chilean sequences,Argentinean sequences,False,False,False,0.025323275862068964,47,1856,0.033707865168539325,123,3649,0.035437944908697,229,6462,False,False
p1064,ARG p9,p1064,ANDV ARG p9,I,III,Chilean sequences,Argentinean sequences,False,False,False,0.025323275862068964,47,1856,0.033680175246440305,123,3652,0.03521235521235521,228,6475,False,False
p1064,p1316,p1064,p1316,I,III,Chilean sequences,Chilean sequences,False,False,False,0.023706896551724137,44,1856,0.03669222343921139,134,3652,0.034940494354592615,229,6554,False,False
p1064,CHI-Hu13724 P2,p1064,ANDV CHI-Hu13724 P2,I,III,Chilean sequences,Chilean sequences,False,False,False,0.025323275862068964,47,1856,0.038335158817086525,140,3652,0.03646071700991609,239,6555,False,False
p1064,p136,p1064,p136,I,III,Chilean sequences,Chilean sequences,False,False,False,0.02478448275862069,46,1856,0.038335158817086525,140,3652,0.036313701556301495,238,6554,False,False
p1064,p137,p1064,p137,I,III,Chilean sequences,Chilean sequences,False,False,False,0.024797843665768194,46,1855,0.038356164383561646,140,3650,0.03634142617193464,238,6549,False,False
p1064,CHI-Hu13724 P1,p1064,ANDV CHI-Hu13724 P1,I,III,Chilean sequences,Chilean sequences,False,False,False,0.02478448275862069,46,1856,0.038335158817086525,140,3652,0.03646071700991609,239,6555,False,False
p1064,p1059,p1064,p1059,I,III,Chilean sequences,Chilean sequences,False,True,False,0.020474137931034482,38,1856,0.04079956188389924,149,3652,0.035697940503432495,234,6555,False,False
p1064,NRC-4/18,p1064,ANDV NRC-4/18,I,III,Chilean sequences,Argentinean sequences,False,True,False,0.02101293103448276,39,1856,0.03956043956043956,144,3640,0.03301742586365026,216,6542,False,False
p1064,NRC-3/18,p1064,ANDV NRC-3/18,I,III,Chilean sequences,Argentinean sequences,False,True,False,0.02108108108108108,39,1850,0.039296510030228084,143,3639,0.03304268012849931,216,6537,False,False
p1064,132D,p1064,132D,I,III,Chilean sequences,Chilean sequences,False,True,False,0.02216216216216216,41,1850,0.042652724270776,155,3634,0.03718439173680184,243,6535,False,False
p1064,p1239,p1064,p1239,I,III,Chilean sequences,Chilean sequences,False,True,False,0.022629310344827586,42,1856,0.03972602739726028,145,3650,0.034488020753853196,226,6553,False,False
p1064,p1242,p1064,p1242,I,III,Chilean sequences,Chilean sequences,False,True,False,0.02586206896551724,48,1856,0.04136986301369863,151,3650,0.03463533719865731,227,6554,False,False
p1064,p931,p1064,p931,I,III,Chilean sequences,Chilean sequences,False,True,False,0.026400862068965518,49,1856,0.04136986301369863,151,3650,0.03387761330688235,222,6553,False,False
p1064,p1236,p1064,p1236,I,III,Chilean sequences,Chilean sequences,False,True,False,0.024245689655172414,45,1856,0.03972602739726028,145,3650,0.03937743190661479,253,6425,True,False
p1064,cruise,p1064,France-Case 9,I,III,Chilean sequences,Cruise ship outbreak sequences,False,True,False,0.024324324324324326,45,1850,0.040934065934065934,149,3640,0.03622191655204035,237,6543,False,True
p1064,cruise,p1064,Spain-Case 10,I,III,Chilean sequences,Cruise ship outbreak sequences,False,True,False,0.023280996210070383,43,1847,0.040877914951989024,149,3645,0.03624407401743386,237,6539,False,True
p1064,cruise,p1064,Spain-Case 12,I,III,Chilean sequences,Cruise ship outbreak sequences,False,True,False,0.023280996210070383,43,1847,0.040877914951989024,149,3645,0.03624407401743386,237,6539,False,True
p1064,Switzerland-Case 7,p1064,Switzerland-Case 7,I,III,Chilean sequences,Cruise ship outbreak sequences,False,True,False,0.023280996210070383,43,1847,0.040877914951989024,149,3645,0.03646071700991609,239,6555,False,True
p1064,cruise,p1064,Netherlands-Case 6,I,III,Chilean sequences,Cruise ship outbreak sequences,False,True,False,0.02305159165751921,42,1822,0.04110344827586207,149,3625,0.035888275414095484,221,6158,False,True
p1064,cruise,p1064,Netherlands-Case 5,I,III,Chilean sequences,Cruise ship outbreak sequences,False,True,False,0.023320377568017768,42,1801,0.041561359168772814,148,3561,0.03647604327666151,236,6470,False,True
p1064,cruise,p1064,Johannesburg-Case 2,I,III,Chilean sequences,Cruise ship outbreak sequences,False,True,False,0.023877202956225127,42,1759,0.041228555617044825,149,3614,0.036825003868172675,238,6463,False,True
p1064,cruise,p1064,Johannesburg-Case 3,I,III,Chilean sequences,Cruise ship outbreak sequences,False,True,False,0.023890784982935155,42,1758,0.04121414647730437,148,3591,0.03633854645814168,237,6522,False,True
p1064,cruise,p1064,Canada-Case 11_NPswab,I,III,Chilean sequences,Cruise ship outbreak sequences,False,True,False,0.025769956002514142,41,1591,0.04129886506935687,131,3172,0.03652743652743653,223,6105,False,True
p1064,cruise,p1064,Canada-Case 11_blood,I,III,Chilean sequences,Cruise ship outbreak sequences,False,True,False,0.024431818181818183,43,1760,0.04147982062780269,148,3568,0.03658724058416603,238,6505,False,True
CHI-7913,p1062,ANDV CHI-7913,p1062,I,I,Chilean sequences,Chilean sequences,False,False,True,0.00776914539400666,14,1802,0.01867618786047789,68,3641,0.008815341787813177,57,6466,False,False
CHI-7913,p1058,ANDV CHI-7913,p1058,I,I,Chilean sequences,Chilean sequences,False,False,True,0.00555247084952804,10,1801,0.006866245536940401,25,3641,0.007732755954222085,50,6466,False,False
CHI-7913,NRC-5/18,ANDV CHI-7913,ANDV NRC-5/18,I,I,Chilean sequences,Argentinean sequences,False,False,True,0.021642619311875694,39,1802,0.02643171806167401,96,3632,0.02742485280446235,177,6454,False,False
CHI-7913,p1241,ANDV CHI-7913,p1241,I,I,Chilean sequences,Chilean sequences,False,False,True,0.019422863485016647,35,1802,0.02636638286185114,96,3641,0.0279969064191802,181,6465,False,False
CHI-7913,p1313,ANDV CHI-7913,p1313,I,I,Chilean sequences,Chilean sequences,False,False,True,0.014428412874583796,26,1802,0.02828893161219445,103,3641,0.027992576554283947,181,6466,False,False
CHI-7913,p126,ANDV CHI-7913,p126,I,I,Chilean sequences,Chilean sequences,False,False,True,0.016648168701442843,30,1802,0.029662180719582532,108,3641,0.027837921435199506,180,6466,False,False
CHI-7913,136D,ANDV CHI-7913,136D,I,I,Chilean sequences,Chilean sequences,False,False,True,0.020544142143253747,37,1801,0.02824060999717594,100,3541,0.02726568551510457,176,6455,False,False
CHI-7913,p1052,ANDV CHI-7913,p1052,I,I,Chilean sequences,Chilean sequences,False,False,True,0.018312985571587125,33,1802,0.024718483932985445,90,3641,0.026136715125270646,169,6466,False,False
CHI-7913,131D,ANDV CHI-7913,131D,I,I,Chilean sequences,Chilean sequences,False,False,True,0.020532741398446172,37,1802,0.02547592385218365,91,3572,0.02649109217660728,171,6455,False,False
CHI-7913,p127,ANDV CHI-7913,p127,I,I,Chilean sequences,Chilean sequences,False,False,True,0.020532741398446172,37,1802,0.026915682504806374,98,3641,0.026909990720692854,174,6466,False,False
CHI-7913,p1427,ANDV CHI-7913,p1427,I,I,Chilean sequences,Chilean sequences,False,False,True,0.018878400888395337,34,1801,0.023345234825597364,85,3641,0.023971543458088464,155,6466,False,False
CHI-7913,p1430,ANDV CHI-7913,p1430,I,I,Chilean sequences,Chilean sequences,False,False,True,0.019422863485016647,35,1802,0.023070585004119747,84,3641,0.02366223321991958,153,6466,False,False
CHI-7913,ANDV-CH-LS-2016,ANDV CHI-7913,ANDV-CH-LS-2016,I,I,Chilean sequences,Chilean sequences,False,False,True,0.020078081427774678,36,1793,0.02384914032168608,86,3606,0.02363268062120189,140,5924,False,False
CHI-7913,ANDV-CH-LS-2022,ANDV CHI-7913,ANDV-CH-LS-2022,I,I,Chilean sequences,Chilean sequences,False,False,True,0.020454545454545454,36,1760,0.024539877300613498,84,3423,0.023065833733781835,144,6243,False,False
CHI-7913,ARG p19,ANDV CHI-7913,ANDV ARG p19,I,III,Chilean sequences,Argentinean sequences,False,False,False,0.024972253052164262,45,1802,0.029387530898104915,107,3641,0.03433343643674606,222,6466,False,False
CHI-7913,ARG p3,ANDV CHI-7913,ANDV ARG p3,I,III,Chilean sequences,Argentinean sequences,False,False,False,0.0244173140954495,44,1802,0.02914489964256255,106,3637,0.03417878131766162,221,6466,False,False
CHI-7913,ARG-M.a.,ANDV CHI-7913,ANDV ARG-M.a.,I,III,Chilean sequences,Argentinean sequences,False,False,False,0.02386237513873474,43,1802,0.029112881076627302,106,3641,0.034354688950789226,222,6462,False,False
CHI-7913,ARG p9,ANDV CHI-7913,ANDV ARG p9,I,III,Chilean sequences,Argentinean sequences,False,False,False,0.02386237513873474,43,1802,0.029112881076627302,106,3641,0.03417878131766162,221,6466,False,False
CHI-7913,p1316,ANDV CHI-7913,p1316,I,III,Chilean sequences,Chilean sequences,False,False,False,0.023307436182019976,42,1802,0.03158472946992585,115,3641,0.03417878131766162,221,6466,False,False
CHI-7913,CHI-Hu13724 P2,ANDV CHI-7913,ANDV CHI-Hu13724 P2,I,III,Chilean sequences,Chilean sequences,False,False,False,0.02386237513873474,43,1802,0.033781928041746775,123,3641,0.035725332508506034,231,6466,False,False
CHI-7913,p136,ANDV CHI-7913,p136,I,III,Chilean sequences,Chilean sequences,False,False,False,0.0244173140954495,44,1802,0.033781928041746775,123,3641,0.035725332508506034,231,6466,False,False
CHI-7913,p137,ANDV CHI-7913,p137,I,III,Chilean sequences,Chilean sequences,False,False,False,0.0244173140954495,44,1802,0.033781928041746775,123,3641,0.035725332508506034,231,6466,False,False
CHI-7913,CHI-Hu13724 P1,ANDV CHI-7913,ANDV CHI-Hu13724 P1,I,III,Chilean sequences,Chilean sequences,False,False,False,0.0244173140954495,44,1802,0.033781928041746775,123,3641,0.035725332508506034,231,6466,False,False
CHI-7913,p1059,ANDV CHI-7913,p1059,I,III,Chilean sequences,Chilean sequences,False,True,False,0.020532741398446172,37,1802,0.03625377643504532,132,3641,0.03479740179399938,225,6466,False,False
CHI-7913,NRC-4/18,ANDV CHI-7913,ANDV NRC-4/18,I,III,Chilean sequences,Argentinean sequences,False,True,False,0.021087680355160933,38,1802,0.03439735828288387,125,3634,0.03217324052590874,208,6465,False,False
CHI-7913,NRC-3/18,ANDV CHI-7913,ANDV NRC-3/18,I,III,Chilean sequences,Argentinean sequences,False,True,False,0.021087680355160933,38,1802,0.03413157170382604,124,3633,0.03216826476956387,208,6466,False,False
CHI-7913,132D,ANDV CHI-7913,132D,I,III,Chilean sequences,Chilean sequences,False,True,False,0.023320377568017768,42,1801,0.037434627030002755,136,3633,0.03649860810392824,236,6466,False,False
CHI-7913,p1239,ANDV CHI-7913,p1239,I,III,Chilean sequences,Chilean sequences,False,True,False,0.022752497225305215,41,1802,0.03460587750617962,126,3641,0.03464274667491494,224,6466,False,False
CHI-7913,p1242,ANDV CHI-7913,p1242,I,III,Chilean sequences,Chilean sequences,False,True,False,0.026082130965593784,47,1802,0.03625377643504532,132,3641,0.03479740179399938,225,6466,False,False
CHI-7913,p931,ANDV CHI-7913,p931,I,III,Chilean sequences,Chilean sequences,False,True,False,0.026637069922308545,48,1802,0.03625377643504532,132,3641,0.03402412619857717,220,6466,False,False
CHI-7913,p1236,ANDV CHI-7913,p1236,I,III,Chilean sequences,Chilean sequences,False,True,False,0.0244173140954495,44,1802,0.03460587750617962,126,3641,0.038599221789883266,248,6425,True,False
CHI-7913,cruise,ANDV CHI-7913,France-Case 9,I,III,Chilean sequences,Cruise ship outbreak sequences,False,True,False,0.024498886414253896,44,1796,0.03577325261419923,130,3634,0.03557067738942159,230,6466,False,True
CHI-7913,cruise,ANDV CHI-7913,Spain-Case 10,I,III,Chilean sequences,Cruise ship outbreak sequences,False,True,False,0.024498886414253896,44,1796,0.035724100027480075,130,3639,0.03557067738942159,230,6466,False,True
CHI-7913,cruise,ANDV CHI-7913,Spain-Case 12,I,III,Chilean sequences,Cruise ship outbreak sequences,False,True,False,0.024498886414253896,44,1796,0.035724100027480075,130,3639,0.03557067738942159,230,6466,False,True
CHI-7913,Switzerland-Case 7,ANDV CHI-7913,Switzerland-Case 7,I,III,Chilean sequences,Cruise ship outbreak sequences,False,True,False,0.024498886414253896,44,1796,0.035724100027480075,130,3639,0.035725332508506034,231,6466,False,True
CHI-7913,cruise,ANDV CHI-7913,Netherlands-Case 6,I,III,Chilean sequences,Cruise ship outbreak sequences,False,True,False,0.024498886414253896,44,1796,0.03590168461750898,130,3621,0.035211267605633804,215,6106,False,True
CHI-7913,cruise,ANDV CHI-7913,Netherlands-Case 5,I,III,Chilean sequences,Cruise ship outbreak sequences,False,True,False,0.024691358024691357,44,1782,0.03622577927548441,129,3561,0.03570314936077331,229,6414,False,True
CHI-7913,cruise,ANDV CHI-7913,Johannesburg-Case 2,I,III,Chilean sequences,Cruise ship outbreak sequences,False,True,False,0.025014212620807278,44,1759,0.03597122302158273,130,3614,0.03568104250698107,230,6446,False,True
CHI-7913,cruise,ANDV CHI-7913,Johannesburg-Case 3,I,III,Chilean sequences,Cruise ship outbreak sequences,False,True,False,0.02502844141069397,44,1758,0.03592314118629908,129,3591,0.03558718861209965,230,6463,False,True
CHI-7913,cruise,ANDV CHI-7913,Canada-Case 11_NPswab,I,III,Chilean sequences,Cruise ship outbreak sequences,False,True,False,0.02702702702702703,43,1591,0.035939470365699874,114,3172,0.03563180468492247,216,6062,False,True
CHI-7913,cruise,ANDV CHI-7913,Canada-Case 11_blood,I,III,Chilean sequences,Cruise ship outbreak sequences,False,True,False,0.02556818181818182,45,1760,0.03615470852017937,129,3568,0.03574744661095636,231,6462,False,True
p1062,p1058,p1062,p1058,I,I,Chilean sequences,Chilean sequences,False,False,True,0.007518796992481203,14,1862,0.02432358567914731,89,3659,0.013587786259541984,89,6550,False,False
p1062,NRC-5/18,p1062,ANDV NRC-5/18,I,I,Chilean sequences,Argentinean sequences,False,False,True,0.023205612520237454,43,1853,0.01729818780889621,63,3642,0.03217404626934273,210,6527,False,False
p1062,p1241,p1062,p1241,I,I,Chilean sequences,Chilean sequences,False,False,True,0.020933977455716585,39,1863,0.022640480087288598,83,3666,0.03279938977879481,215,6555,False,False
p1062,p1313,p1062,p1313,I,I,Chilean sequences,Chilean sequences,False,False,True,0.01611170784103115,30,1862,0.016406890894175553,60,3657,0.031450381679389315,206,6550,False,False
p1062,p126,p1062,p126,I,I,Chilean sequences,Chilean sequences,False,False,True,0.017204301075268817,32,1860,0.017774131802023516,65,3657,0.031278608483368935,205,6554,False,False
p1062,136D,p1062,136D,I,I,Chilean sequences,Chilean sequences,False,False,True,0.022527472527472527,41,1820,0.025981361197401864,92,3541,0.03230769230769231,210,6500,False,False
p1062,p1052,p1062,p1052,I,I,Chilean sequences,Chilean sequences,False,False,True,0.01878690284487386,35,1863,0.011472275334608031,42,3661,0.030515715593530668,200,6554,False,False
p1062,131D,p1062,131D,I,I,Chilean sequences,Chilean sequences,False,False,True,0.02216216216216216,41,1850,0.012318029115341545,44,3572,0.031062586498539137,202,6503,False,False
p1062,p127,p1062,p127,I,I,Chilean sequences,Chilean sequences,False,False,True,0.020945220193340493,39,1862,0.016680339075745145,61,3657,0.030849114233353694,202,6548,False,False
p1062,p1427,p1062,p1427,I,I,Chilean sequences,Chilean sequences,False,False,True,0.01935483870967742,36,1860,0.012827510917030568,47,3664,0.02867602196461257,188,6556,False,False
p1062,p1430,p1062,p1430,I,I,Chilean sequences,Chilean sequences,False,False,True,0.019860440150295224,37,1863,0.012547735951991271,46,3666,0.02867602196461257,188,6556,False,False
p1062,ANDV-CH-LS-2016,p1062,ANDV-CH-LS-2016,I,I,Chilean sequences,Chilean sequences,False,False,True,0.021193530395984383,38,1793,0.012479201331114808,45,3606,0.028865631330182308,171,5924,False,False
p1062,ANDV-CH-LS-2022,p1062,ANDV-CH-LS-2022,I,I,Chilean sequences,Chilean sequences,False,False,True,0.02159090909090909,38,1760,0.012854221443178498,44,3423,0.028511933365369214,178,6243,False,False
p1062,ARG p19,p1062,ANDV ARG p19,I,III,Chilean sequences,Argentinean sequences,False,False,False,0.02576489533011272,48,1863,0.02433023510114817,89,3658,0.038455598455598455,249,6475,False,False
p1062,ARG p3,p1062,ANDV ARG p3,I,III,Chilean sequences,Argentinean sequences,False,False,False,0.02535059331175836,47,1854,0.02410958904109589,88,3650,0.037908896361968814,248,6542,False,False
p1062,ARG-M.a.,p1062,ANDV ARG-M.a.,I,III,Chilean sequences,Argentinean sequences,False,False,False,0.025806451612903226,48,1860,0.024102985483429196,88,3651,0.038532961931290625,249,6462,False,False
p1062,ARG p9,p1062,ANDV ARG p9,I,III,Chilean sequences,Argentinean sequences,False,False,False,0.02576489533011272,48,1863,0.02405028696365127,88,3659,0.0383011583011583,248,6475,False,False
p1062,p1316,p1062,p1316,I,III,Chilean sequences,Chilean sequences,False,False,False,0.024167561761546726,45,1862,0.026509975403115605,97,3659,0.03738745612696475,245,6553,False,False
p1062,CHI-Hu13724 P2,p1062,ANDV CHI-Hu13724 P2,I,III,Chilean sequences,Chilean sequences,False,False,False,0.02583423035522067,48,1858,0.02814976769609183,103,3659,0.038602380225816295,253,6554,False,False
p1062,p136,p1062,p136,I,III,Chilean sequences,Chilean sequences,False,False,False,0.025241675617615467,47,1862,0.028165162701668033,103,3657,0.03859060402684564,253,6556,False,False
p1062,p137,p1062,p137,I,III,Chilean sequences,Chilean sequences,False,False,False,0.025323275862068964,47,1856,0.028188286808976466,103,3654,0.038631852191174224,253,6549,False,False
p1062,CHI-Hu13724 P1,p1062,ANDV CHI-Hu13724 P1,I,III,Chilean sequences,Chilean sequences,False,False,False,0.02525523911875336,47,1861,0.028111353711790393,103,3664,0.03859060402684564,253,6556,False,False
p1062,p1059,p1062,p1059,I,III,Chilean sequences,Chilean sequences,False,True,False,0.02200751476113795,41,1863,0.02974890829694323,109,3664,0.03921269453768691,257,6554,False,False
p1062,NRC-4/18,p1062,ANDV NRC-4/18,I,III,Chilean sequences,Argentinean sequences,False,True,False,0.02151694459386767,40,1859,0.027968193035371538,102,3647,0.036216381418092906,237,6544,False,False
p1062,NRC-3/18,p1062,ANDV NRC-3/18,I,III,Chilean sequences,Argentinean sequences,False,True,False,0.021586616297895305,40,1853,0.027701590784421283,101,3646,0.03624407401743386,237,6539,False,False
p1062,132D,p1062,132D,I,III,Chilean sequences,Chilean sequences,False,True,False,0.024864864864864864,46,1850,0.031920748486516236,116,3634,0.04085692425401683,267,6535,False,False
p1062,p1239,p1062,p1239,I,III,Chilean sequences,Chilean sequences,False,True,False,0.02418054809242343,45,1861,0.028219178082191782,103,3650,0.03891941391941392,255,6552,False,False
p1062,p1242,p1062,p1242,I,III,Chilean sequences,Chilean sequences,False,True,False,0.026358257127487898,49,1859,0.029846659364731652,109,3652,0.03876087288264917,254,6553,False,False
p1062,p931,p1062,p931,I,III,Chilean sequences,Chilean sequences,False,True,False,0.027911969940955447,52,1863,0.030120481927710843,110,3652,0.038003663003663,249,6552,False,False
p1062,p1236,p1062,p1236,I,III,Chilean sequences,Chilean sequences,False,True,False,0.025820333512641205,48,1859,0.028188286808976466,103,3654,0.04311284046692607,277,6425,True,False
p1062,cruise,p1062,France-Case 9,I,III,Chilean sequences,Cruise ship outbreak sequences,False,True,False,0.025903939557474366,48,1853,0.029339182890046615,107,3647,0.039572192513368985,259,6545,False,True
p1062,cruise,p1062,Spain-Case 10,I,III,Chilean sequences,Cruise ship outbreak sequences,False,True,False,0.02598808879263671,48,1847,0.02932310221978624,107,3649,0.03960850282917877,259,6539,False,True
p1062,cruise,p1062,Spain-Case 12,I,III,Chilean sequences,Cruise ship outbreak sequences,False,True,False,0.02598808879263671,48,1847,0.02932310221978624,107,3649,0.03960850282917877,259,6539,False,True
p1062,Switzerland-Case 7,p1062,Switzerland-Case 7,I,III,Chilean sequences,Cruise ship outbreak sequences,False,True,False,0.02598808879263671,48,1847,0.02932310221978624,107,3649,0.03965832824893228,260,6556,False,True
p1062,cruise,p1062,Netherlands-Case 6,I,III,Chilean sequences,Cruise ship outbreak sequences,False,True,False,0.026344676180021953,48,1822,0.029241379310344828,106,3625,0.039785644689834365,245,6158,False,True
p1062,cruise,p1062,Netherlands-Case 5,I,III,Chilean sequences,Cruise ship outbreak sequences,False,True,False,0.026651860077734593,48,1801,0.02948609941027801,105,3561,0.03956723338485317,256,6470,False,True
p1062,cruise,p1062,Johannesburg-Case 2,I,III,Chilean sequences,Cruise ship outbreak sequences,False,True,False,0.027288231949971573,48,1759,0.029607083563918096,107,3614,0.04022899582237351,260,6463,False,True
p1062,cruise,p1062,Johannesburg-Case 3,I,III,Chilean sequences,Cruise ship outbreak sequences,False,True,False,0.027303754266211604,48,1758,0.029518240044555832,106,3591,0.03971174486353879,259,6522,False,True
p1062,cruise,p1062,Canada-Case 11_NPswab,I,III,Chilean sequences,Cruise ship outbreak sequences,False,True,False,0.028284098051539912,45,1591,0.029319041614123582,93,3172,0.039803439803439804,243,6105,False,True
p1062,cruise,p1062,Canada-Case 11_blood,I,III,Chilean sequences,Cruise ship outbreak sequences,False,True,False,0.02784090909090909,49,1760,0.029428251121076235,105,3568,0.03966179861644888,258,6505,False,True
p1058,NRC-5/18,p1058,ANDV NRC-5/18,I,I,Chilean sequences,Argentinean sequences,False,False,True,0.021024258760107817,39,1855,0.031026908292147173,113,3642,0.03111111111111111,203,6525,False,False
p1058,p1241,p1058,p1241,I,I,Chilean sequences,Chilean sequences,False,False,True,0.017675415104445636,33,1867,0.03197594971303635,117,3659,0.03237135440525271,212,6549,False,False
p1058,p1313,p1058,p1313,I,I,Chilean sequences,Chilean sequences,False,False,True,0.013970983342289092,26,1861,0.03336067815149029,122,3657,0.033129770992366414,217,6550,False,False
p1058,p126,p1058,p126,I,I,Chilean sequences,Chilean sequences,False,False,True,0.01613770844540075,30,1859,0.03472791905933825,127,3657,0.03297709923664122,216,6550,False,False
p1058,136D,p1058,136D,I,I,Chilean sequences,Chilean sequences,False,False,True,0.02034084661902144,37,1819,0.03304151369669585,117,3541,0.03215384615384615,209,6500,False,False
p1058,p1052,p1058,p1052,I,I,Chilean sequences,Chilean sequences,False,False,True,0.017158176943699734,32,1865,0.030336157420060125,111,3659,0.031297709923664124,205,6550,False,False
p1058,131D,p1058,131D,I,I,Chilean sequences,Chilean sequences,False,False,True,0.019469983775013522,36,1849,0.03135498320268757,112,3572,0.031831462401968325,207,6503,False,False
p1058,p127,p1058,p127,I,I,Chilean sequences,Chilean sequences,False,False,True,0.019881783987103708,37,1861,0.03199343724364233,117,3657,0.03146959975557592,206,6546,False,False
p1058,p1427,p1058,p1427,I,I,Chilean sequences,Chilean sequences,False,False,True,0.01828940290478752,34,1859,0.028985507246376812,106,3657,0.028854961832061068,189,6550,False,False
p1058,p1430,p1058,p1430,I,I,Chilean sequences,Chilean sequences,False,False,True,0.018776824034334765,35,1864,0.028696365127083904,105,3659,0.028244274809160305,185,6550,False,False
p1058,ANDV-CH-LS-2016,p1058,ANDV-CH-LS-2016,I,I,Chilean sequences,Chilean sequences,False,False,True,0.020089285714285716,36,1792,0.029672767609539658,107,3606,0.028528021607022284,169,5924,False,False
p1058,ANDV-CH-LS-2022,p1058,ANDV-CH-LS-2022,I,I,Chilean sequences,Chilean sequences,False,False,True,0.019897669130187607,35,1759,0.030382705229330995,104,3423,0.028191574563511134,176,6243,False,False
p1058,ARG p19,p1058,ANDV ARG p19,I,III,Chilean sequences,Argentinean sequences,False,False,False,0.024638457418318157,46,1867,0.03444505194095134,126,3658,0.03891891891891892,252,6475,False,False
p1058,ARG p3,p1058,ANDV ARG p3,I,III,Chilean sequences,Argentinean sequences,False,False,False,0.024219590958019375,45,1858,0.03424657534246575,125,3650,0.03837920489296636,251,6540,False,False
p1058,ARG-M.a.,p1058,ANDV ARG-M.a.,I,III,Chilean sequences,Argentinean sequences,False,False,False,0.02467811158798283,46,1864,0.03423719528896193,125,3651,0.03899721448467967,252,6462,False,False
p1058,ARG p9,p1058,ANDV ARG p9,I,III,Chilean sequences,Argentinean sequences,False,False,False,0.024638457418318157,46,1867,0.03416233943700465,125,3659,0.03876447876447876,251,6475,False,False
p1058,p1316,p1058,p1316,I,III,Chilean sequences,Chilean sequences,False,False,False,0.0231058570660935,43,1861,0.036075430445476904,132,3659,0.038326462055275616,251,6549,False,False
p1058,CHI-Hu13724 P2,p1058,ANDV CHI-Hu13724 P2,I,III,Chilean sequences,Chilean sequences,False,False,False,0.024771136241249325,46,1857,0.0382618201694452,140,3659,0.03954198473282443,259,6550,False,False
p1058,p136,p1058,p136,I,III,Chilean sequences,Chilean sequences,False,False,False,0.02418054809242343,45,1861,0.038282745419742956,140,3657,0.03954198473282443,259,6550,False,False
p1058,p137,p1058,p137,I,III,Chilean sequences,Chilean sequences,False,False,False,0.02425876010781671,45,1855,0.038314176245210725,140,3654,0.03954802259887006,259,6549,False,False
p1058,CHI-Hu13724 P1,p1058,ANDV CHI-Hu13724 P1,I,III,Chilean sequences,Chilean sequences,False,False,False,0.024128686327077747,45,1865,0.038282745419742956,140,3657,0.03954198473282443,259,6550,False,False
p1058,p1059,p1058,p1059,I,III,Chilean sequences,Chilean sequences,False,True,False,0.019839142091152815,37,1865,0.04019688269073011,147,3657,0.039083969465648856,256,6550,False,False
p1058,NRC-4/18,p1058,ANDV NRC-4/18,I,III,Chilean sequences,Argentinean sequences,False,True,False,0.02045209903121636,38,1858,0.03893611187277214,142,3647,0.03653317028431672,239,6542,False,False
p1058,NRC-3/18,p1058,ANDV NRC-3/18,I,III,Chilean sequences,Argentinean sequences,False,True,False,0.020485175202156335,38,1855,0.03867251782775644,141,3646,0.036561113660700625,239,6537,False,False
p1058,132D,p1058,132D,I,III,Chilean sequences,Chilean sequences,False,True,False,0.022714981070849107,42,1849,0.04155200880572372,151,3634,0.040397857689364956,264,6535,False,False
p1058,p1239,p1058,p1239,I,III,Chilean sequences,Chilean sequences,False,True,False,0.02198391420911528,41,1865,0.03863013698630137,141,3650,0.03909590714722053,256,6548,False,False
p1058,p1242,p1058,p1242,I,III,Chilean sequences,Chilean sequences,False,True,False,0.02522812667740204,47,1863,0.03970427163198247,145,3652,0.039242632462971445,257,6549,False,False
p1058,p931,p1058,p931,I,III,Chilean sequences,Chilean sequences,False,True,False,0.024638457418318157,46,1867,0.03970427163198247,145,3652,0.038485033598045205,252,6548,False,False
p1058,p1236,p1058,p1236,I,III,Chilean sequences,Chilean sequences,False,True,False,0.023617820719269995,44,1863,0.039135194307608104,143,3654,0.04311284046692607,277,6425,True,False
p1058,cruise,p1058,France-Case 9,I,III,Chilean sequences,Cruise ship outbreak sequences,False,True,False,0.023758099352051837,44,1852,0.04030710172744722,147,3647,0.040042793825462324,262,6543,False,True
p1058,cruise,p1058,Spain-Case 10,I,III,Chilean sequences,Cruise ship outbreak sequences,False,True,False,0.023835319609967497,44,1846,0.040285009591668954,147,3649,0.0400672885762349,262,6539,False,True
p1058,cruise,p1058,Spain-Case 12,I,III,Chilean sequences,Cruise ship outbreak sequences,False,True,False,0.023835319609967497,44,1846,0.040285009591668954,147,3649,0.0400672885762349,262,6539,False,True
p1058,Switzerland-Case 7,p1058,Switzerland-Case 7,I,III,Chilean sequences,Cruise ship outbreak sequences,False,True,False,0.023835319609967497,44,1846,0.040285009591668954,147,3649,0.04015267175572519,263,6550,False,True
p1058,cruise,p1058,Netherlands-Case 6,I,III,Chilean sequences,Cruise ship outbreak sequences,False,True,False,0.02416254805052169,44,1821,0.04055172413793103,147,3625,0.0401104254628126,247,6158,False,True
p1058,cruise,p1058,Netherlands-Case 5,I,III,Chilean sequences,Cruise ship outbreak sequences,False,True,False,0.024444444444444446,44,1800,0.04099971918000562,146,3561,0.04034003091190108,261,6470,False,True
p1058,cruise,p1058,Johannesburg-Case 2,I,III,Chilean sequences,Cruise ship outbreak sequences,False,True,False,0.02502844141069397,44,1758,0.04067515218594355,147,3614,0.0406931765434009,263,6463,False,True
p1058,cruise,p1058,Johannesburg-Case 3,I,III,Chilean sequences,Cruise ship outbreak sequences,False,True,False,0.02504268639726807,44,1757,0.04065719855193539,146,3591,0.04017172646427476,262,6522,False,True
p1058,cruise,p1058,Canada-Case 11_NPswab,I,III,Chilean sequences,Cruise ship outbreak sequences,False,True,False,0.027044025157232705,43,1590,0.04066834804539723,129,3172,0.040294840294840296,246,6105,False,True
p1058,cruise,p1058,Canada-Case 11_blood,I,III,Chilean sequences,Cruise ship outbreak sequences,False,True,False,0.025582717453098352,45,1759,0.04091928251121076,146,3568,0.0404304381245196,263,6505,False,True
NRC-5/18,p1241,ANDV NRC-5/18,p1241,I,I,Argentinean sequences,Chilean sequences,False,False,True,0.01939655172413793,36,1856,0.028830313014827018,105,3642,0.03248544284400858,212,6526,False,False
NRC-5/18,p1313,ANDV NRC-5/18,p1313,I,I,Argentinean sequences,Chilean sequences,False,False,True,0.01565874730021598,29,1852,0.023887973640856673,87,3642,0.02666666666666667,174,6525,False,False
NRC-5/18,p126,ANDV NRC-5/18,p126,I,I,Argentinean sequences,Chilean sequences,False,False,True,0.01673866090712743,31,1852,0.02471169686985173,90,3642,0.02681992337164751,175,6525,False,False
NRC-5/18,136D,ANDV NRC-5/18,136D,I,I,Argentinean sequences,Chilean sequences,False,False,True,0.02197802197802198,40,1820,0.03304151369669585,117,3541,0.033446362515413074,217,6488,False,False
NRC-5/18,p1052,ANDV NRC-5/18,p1052,I,I,Argentinean sequences,Chilean sequences,False,False,True,0.017241379310344827,32,1856,0.0214168039538715,78,3642,0.02528735632183908,165,6525,False,False
NRC-5/18,131D,ANDV NRC-5/18,131D,I,I,Argentinean sequences,Chilean sequences,False,False,True,0.01948051948051948,36,1848,0.02267637178051512,81,3572,0.026344168849175783,171,6491,False,False
NRC-5/18,p127,ANDV NRC-5/18,p127,I,I,Argentinean sequences,Chilean sequences,False,False,True,0.020518358531317494,38,1852,0.023613399231191653,86,3642,0.02604565650375364,170,6527,False,False
NRC-5/18,p1427,ANDV NRC-5/18,p1427,I,I,Argentinean sequences,Chilean sequences,False,False,True,0.01891891891891892,35,1850,0.020043931905546403,73,3642,0.02374751034165773,155,6527,False,False
NRC-5/18,p1430,ANDV NRC-5/18,p1430,I,I,Argentinean sequences,Chilean sequences,False,False,True,0.01940700808625337,36,1855,0.019220208676551345,70,3642,0.02374751034165773,155,6527,False,False
NRC-5/18,ANDV-CH-LS-2016,ANDV NRC-5/18,ANDV-CH-LS-2016,I,I,Argentinean sequences,Chilean sequences,False,False,True,0.02063580591187953,37,1793,0.019966722129783693,72,3606,0.02452638700947226,145,5912,False,False
NRC-5/18,ANDV-CH-LS-2022,ANDV NRC-5/18,ANDV-CH-LS-2022,I,I,Argentinean sequences,Chilean sequences,False,False,True,0.021022727272727273,37,1760,0.020157756354075372,69,3423,0.02423367035788798,151,6231,False,False
NRC-5/18,ARG p19,ANDV NRC-5/18,ANDV ARG p19,I,III,Argentinean sequences,Argentinean sequences,False,False,False,0.025309639203015617,47,1857,0.032399780340472265,118,3642,0.03744391149620919,242,6463,False,False
NRC-5/18,ARG p3,ANDV NRC-5/18,ANDV ARG p3,I,III,Argentinean sequences,Argentinean sequences,False,False,False,0.024771136241249325,46,1857,0.03212520593080725,117,3642,0.03692354833767428,241,6527,False,False
NRC-5/18,ARG-M.a.,ANDV NRC-5/18,ANDV ARG-M.a.,I,III,Argentinean sequences,Argentinean sequences,False,False,False,0.025309639203015617,47,1857,0.03214285714285714,117,3640,0.03751937984496124,242,6450,False,False
NRC-5/18,ARG p9,ANDV NRC-5/18,ANDV ARG p9,I,III,Argentinean sequences,Argentinean sequences,False,False,False,0.025309639203015617,47,1857,0.03212520593080725,117,3642,0.03728918458920006,241,6463,False,False
NRC-5/18,p1316,ANDV NRC-5/18,p1316,I,III,Argentinean sequences,Chilean sequences,False,False,False,0.02266594711279007,42,1853,0.03514552443712246,128,3642,0.03602084610668302,235,6524,False,False
NRC-5/18,CHI-Hu13724 P2,ANDV NRC-5/18,ANDV CHI-Hu13724 P2,I,III,Argentinean sequences,Chilean sequences,False,False,False,0.024284943335132217,45,1853,0.036792970895112576,134,3642,0.03816091954022988,249,6525,False,False
NRC-5/18,p136,ANDV NRC-5/18,p136,I,III,Argentinean sequences,Chilean sequences,False,False,False,0.023745277927684834,44,1853,0.036792970895112576,134,3642,0.03814922629079209,249,6527,False,False
NRC-5/18,p137,ANDV NRC-5/18,p137,I,III,Argentinean sequences,Chilean sequences,False,False,False,0.023758099352051837,44,1852,0.036792970895112576,134,3642,0.03816676885346413,249,6524,False,False
NRC-5/18,CHI-Hu13724 P1,ANDV NRC-5/18,ANDV CHI-Hu13724 P1,I,III,Argentinean sequences,Chilean sequences,False,False,False,0.023694130317716746,44,1857,0.036792970895112576,134,3642,0.03814922629079209,249,6527,False,False
NRC-5/18,p1059,ANDV NRC-5/18,p1059,I,III,Argentinean sequences,Chilean sequences,False,True,False,0.023706896551724137,44,1856,0.037342119714442616,136,3642,0.038314176245210725,250,6525,False,False
NRC-5/18,NRC-4/18,ANDV NRC-5/18,ANDV NRC-4/18,I,III,Argentinean sequences,Argentinean sequences,False,True,False,0.02429805615550756,45,1852,0.03561643835616438,130,3650,0.03708243947287772,242,6526,False,False
NRC-5/18,NRC-3/18,ANDV NRC-5/18,ANDV NRC-3/18,I,III,Argentinean sequences,Argentinean sequences,False,True,False,0.024245689655172414,45,1856,0.03534246575342466,129,3650,0.037076758081814,242,6527,False,False
NRC-5/18,132D,ANDV NRC-5/18,132D,I,III,Argentinean sequences,Chilean sequences,False,True,False,0.025446670276123445,47,1847,0.039361409303605835,143,3633,0.03882154365505601,253,6517,False,False
NRC-5/18,p1239,ANDV NRC-5/18,p1239,I,III,Argentinean sequences,Chilean sequences,False,True,False,0.02478448275862069,46,1856,0.035733919736118745,130,3638,0.03786601257090296,247,6523,False,False
NRC-5/18,p1242,ANDV NRC-5/18,p1242,I,III,Argentinean sequences,Chilean sequences,False,True,False,0.028017241379310345,52,1856,0.03736263736263736,136,3640,0.03801348865726548,248,6524,False,False
NRC-5/18,p931,ANDV NRC-5/18,p931,I,III,Argentinean sequences,Chilean sequences,False,True,False,0.028556034482758622,53,1856,0.03736263736263736,136,3640,0.036946190403188715,241,6523,False,False
NRC-5/18,p1236,ANDV NRC-5/18,p1236,I,III,Argentinean sequences,Chilean sequences,False,True,False,0.024245689655172414,45,1856,0.036243822075782535,132,3642,0.041790113831280215,268,6413,True,False
NRC-5/18,cruise,ANDV NRC-5/18,France-Case 9,I,III,Argentinean sequences,Cruise ship outbreak sequences,False,True,False,0.025460455037919827,47,1846,0.037342119714442616,136,3642,0.03814922629079209,249,6527,False,True
NRC-5/18,cruise,ANDV NRC-5/18,Spain-Case 10,I,III,Argentinean sequences,Cruise ship outbreak sequences,False,True,False,0.025515743756786103,47,1842,0.037342119714442616,136,3642,0.038178472861085555,249,6522,False,True
NRC-5/18,cruise,ANDV NRC-5/18,Spain-Case 12,I,III,Argentinean sequences,Cruise ship outbreak sequences,False,True,False,0.025515743756786103,47,1842,0.037342119714442616,136,3642,0.038178472861085555,249,6522,False,True
NRC-5/18,Switzerland-Case 7,ANDV NRC-5/18,Switzerland-Case 7,I,III,Argentinean sequences,Cruise ship outbreak sequences,False,True,False,0.025515743756786103,47,1842,0.037342119714442616,136,3642,0.038302436034931824,250,6527,False,True
NRC-5/18,cruise,ANDV NRC-5/18,Netherlands-Case 6,I,III,Argentinean sequences,Cruise ship outbreak sequences,False,True,False,0.02579582875960483,47,1822,0.03751724137931035,136,3625,0.03759153783563873,231,6145,False,True
NRC-5/18,cruise,ANDV NRC-5/18,Netherlands-Case 5,I,III,Argentinean sequences,Cruise ship outbreak sequences,False,True,False,0.02609661299278179,47,1801,0.037910699241786014,135,3561,0.03843173717650705,248,6453,False,True
NRC-5/18,cruise,ANDV NRC-5/18,Johannesburg-Case 2,I,III,Argentinean sequences,Cruise ship outbreak sequences,False,True,False,0.0267197271176805,47,1759,0.03763143331488655,136,3614,0.038753681599751975,250,6451,False,True
NRC-5/18,cruise,ANDV NRC-5/18,Johannesburg-Case 3,I,III,Argentinean sequences,Cruise ship outbreak sequences,False,True,False,0.026734926052332197,47,1758,0.03759398496240601,135,3591,0.03824884792626728,249,6510,False,True
NRC-5/18,cruise,ANDV NRC-5/18,Canada-Case 11_NPswab,I,III,Argentinean sequences,Cruise ship outbreak sequences,False,True,False,0.026398491514770583,42,1591,0.038461538461538464,122,3172,0.038897095027080254,237,6093,False,True
NRC-5/18,cruise,ANDV NRC-5/18,Canada-Case 11_blood,I,III,Argentinean sequences,Cruise ship outbreak sequences,False,True,False,0.026704545454545453,47,1760,0.037836322869955155,135,3568,0.03850300323425227,250,6493,False,True
p1241,p1313,p1241,p1313,I,I,Chilean sequences,Chilean sequences,False,False,True,0.011278195488721804,21,1862,0.029258955427946404,107,3657,0.03405100015269507,223,6549,False,False
p1241,p126,p1241,p126,I,I,Chilean sequences,Chilean sequences,False,False,True,0.012365591397849462,23,1860,0.030626196335794366,112,3657,0.03372501144513963,221,6553,False,False
p1241,136D,p1241,136D,I,I,Chilean sequences,Chilean sequences,False,False,True,0.01978021978021978,36,1820,0.014685117198531489,52,3541,0.015386982612709647,100,6499,False,False
p1241,p1052,p1241,p1052,I,I,Chilean sequences,Chilean sequences,False,False,True,0.01607717041800643,30,1866,0.027314941272876262,100,3661,0.03128338165725622,205,6553,False,False
p1241,131D,p1241,131D,I,I,Chilean sequences,Chilean sequences,False,False,True,0.018378378378378378,34,1850,0.027435610302351622,98,3572,0.03214395570593664,209,6502,False,False
p1241,p127,p1241,p127,I,I,Chilean sequences,Chilean sequences,False,False,True,0.018259935553168637,34,1862,0.02789171452009844,102,3657,0.03283946845883611,215,6547,False,False
p1241,p1427,p1241,p1427,I,I,Chilean sequences,Chilean sequences,False,False,True,0.01769436997319035,33,1865,0.024836244541484715,91,3664,0.028967830461960664,190,6559,False,False
p1241,p1430,p1241,p1430,I,I,Chilean sequences,Chilean sequences,False,False,True,0.01818181818181818,34,1870,0.024529844644317254,90,3669,0.029730141789907,195,6559,False,False
p1241,ANDV-CH-LS-2016,p1241,ANDV-CH-LS-2016,I,I,Chilean sequences,Chilean sequences,False,False,True,0.019520356943669825,35,1793,0.024958402662229616,90,3606,0.030390005065000843,180,5923,False,False
p1241,ANDV-CH-LS-2022,p1241,ANDV-CH-LS-2022,I,I,Chilean sequences,Chilean sequences,False,False,True,0.019318181818181818,34,1760,0.025416301489921123,87,3423,0.030278756808715154,189,6242,False,False
p1241,ARG p19,p1241,ANDV ARG p19,I,III,Chilean sequences,Argentinean sequences,False,False,False,0.02512025654730091,47,1871,0.032513661202185795,119,3660,0.039697250540624035,257,6474,False,False
p1241,ARG p3,p1241,ANDV ARG p3,I,III,Chilean sequences,Argentinean sequences,False,False,False,0.02474448628294782,46,1859,0.03231106243154436,118,3652,0.03927861837077793,257,6543,False,False
p1241,ARG-M.a.,p1241,ANDV ARG-M.a.,I,III,Chilean sequences,Argentinean sequences,False,False,False,0.02572347266881029,48,1866,0.03231991235278006,118,3651,0.039622349481504414,256,6461,False,False
p1241,ARG p9,p1241,ANDV ARG p9,I,III,Chilean sequences,Argentinean sequences,False,False,False,0.025682182985553772,48,1869,0.03223163070199399,118,3661,0.03954278653073834,256,6474,False,False
p1241,p1316,p1241,p1316,I,III,Chilean sequences,Chilean sequences,False,False,False,0.023630504833512353,44,1862,0.03416233943700465,125,3659,0.03860827102090646,253,6553,False,False
p1241,CHI-Hu13724 P2,p1241,ANDV CHI-Hu13724 P2,I,III,Chilean sequences,Chilean sequences,False,False,False,0.02529601722282024,47,1858,0.03634872916097295,133,3659,0.04104363747329875,269,6554,False,False
p1241,p136,p1241,p136,I,III,Chilean sequences,Chilean sequences,False,False,False,0.02465166130760986,46,1866,0.03636860814875581,133,3657,0.04103737604881769,269,6555,False,False
p1241,p137,p1241,p137,I,III,Chilean sequences,Chilean sequences,False,False,False,0.02478448275862069,46,1856,0.03639846743295019,133,3654,0.041081246182040315,269,6548,False,False
p1241,CHI-Hu13724 P1,p1241,ANDV CHI-Hu13724 P1,I,III,Chilean sequences,Chilean sequences,False,False,False,0.02465166130760986,46,1866,0.036299126637554587,133,3664,0.04099984758420972,269,6561,False,False
p1241,p1059,p1241,p1059,I,III,Chilean sequences,Chilean sequences,False,True,False,0.021436227224008574,40,1866,0.03684497816593887,135,3664,0.03936527311565456,258,6554,False,False
p1241,NRC-4/18,p1241,ANDV NRC-4/18,I,III,Chilean sequences,Argentinean sequences,False,True,False,0.022054868208714364,41,1859,0.03506849315068493,128,3650,0.037138927097661624,243,6543,False,False
p1241,NRC-3/18,p1241,ANDV NRC-3/18,I,III,Chilean sequences,Argentinean sequences,False,True,False,0.02209051724137931,41,1856,0.03482314230874692,127,3647,0.03716164551154611,243,6539,False,False
p1241,132D,p1241,132D,I,III,Chilean sequences,Chilean sequences,False,True,False,0.024324324324324326,45,1850,0.03935057787561915,143,3634,0.03948576675849403,258,6534,False,False
p1241,p1239,p1241,p1239,I,III,Chilean sequences,Chilean sequences,False,True,False,0.023579849946409433,44,1866,0.03561643835616438,130,3650,0.03815628815628816,250,6552,False,False
p1241,p1242,p1241,p1242,I,III,Chilean sequences,Chilean sequences,False,True,False,0.02682403433476395,50,1864,0.03723986856516977,136,3652,0.03769265985045018,247,6553,False,False
p1241,p931,p1241,p931,I,III,Chilean sequences,Chilean sequences,False,True,False,0.02616123865456487,49,1873,0.03723986856516977,136,3652,0.03663003663003663,240,6552,False,False
p1241,p1236,p1241,p1236,I,III,Chilean sequences,Chilean sequences,False,True,False,0.02359249329758713,44,1865,0.03557744937055282,130,3654,0.043586550435865505,280,6424,True,False
p1241,cruise,p1241,France-Case 9,I,III,Chilean sequences,Cruise ship outbreak sequences,False,True,False,0.0248246087425796,46,1853,0.036986301369863014,135,3650,0.03942542787286064,258,6544,False,True
p1241,cruise,p1241,Spain-Case 10,I,III,Chilean sequences,Cruise ship outbreak sequences,False,True,False,0.02490525175961018,46,1847,0.036996437380104136,135,3649,0.039461609054756805,258,6538,False,True
p1241,cruise,p1241,Spain-Case 12,I,III,Chilean sequences,Cruise ship outbreak sequences,False,True,False,0.02490525175961018,46,1847,0.036996437380104136,135,3649,0.039461609054756805,258,6538,False,True
p1241,Switzerland-Case 7,p1241,Switzerland-Case 7,I,III,Chilean sequences,Cruise ship outbreak sequences,False,True,False,0.02490525175961018,46,1847,0.036996437380104136,135,3649,0.03948170731707317,259,6560,False,True
p1241,cruise,p1241,Netherlands-Case 6,I,III,Chilean sequences,Cruise ship outbreak sequences,False,True,False,0.025246981339187707,46,1822,0.037241379310344824,135,3625,0.039629689783985705,244,6157,False,True
p1241,cruise,p1241,Netherlands-Case 5,I,III,Chilean sequences,Cruise ship outbreak sequences,False,True,False,0.025541365907828985,46,1801,0.03734905925301882,133,3561,0.03972793321997217,257,6469,False,True
p1241,cruise,p1241,Johannesburg-Case 2,I,III,Chilean sequences,Cruise ship outbreak sequences,False,True,False,0.026151222285389426,46,1759,0.037354731599335916,135,3614,0.03977096874032807,257,6462,False,True
p1241,cruise,p1241,Johannesburg-Case 3,I,III,Chilean sequences,Cruise ship outbreak sequences,False,True,False,0.026166097838452786,46,1758,0.037037037037037035,133,3591,0.03956448397485048,258,6521,False,True
p1241,cruise,p1241,Canada-Case 11_NPswab,I,III,Chilean sequences,Cruise ship outbreak sequences,False,True,False,0.02702702702702703,43,1591,0.03720050441361917,118,3172,0.039482306684141544,241,6104,False,True
p1241,cruise,p1241,Canada-Case 11_blood,I,III,Chilean sequences,Cruise ship outbreak sequences,False,True,False,0.026704545454545453,47,1760,0.037275784753363225,133,3568,0.03982164821648217,259,6504,False,True
p1313,p126,p1313,p126,I,I,Chilean sequences,Chilean sequences,False,False,True,0.0032258064516129032,6,1860,0.0030079299972655183,11,3657,0.0053435114503816794,35,6550,False,False
p1313,136D,p1313,136D,I,I,Chilean sequences,Chilean sequences,False,False,True,0.015934065934065933,29,1820,0.03304151369669585,117,3541,0.03461538461538462,225,6500,False,False
p1313,p1052,p1313,p1052,I,I,Chilean sequences,Chilean sequences,False,False,True,0.012352309344790547,23,1862,0.021875854525567406,80,3657,0.02381679389312977,156,6550,False,False
p1313,131D,p1313,131D,I,I,Chilean sequences,Chilean sequences,False,False,True,0.014594594594594595,27,1850,0.023236282194848825,83,3572,0.024911579271105645,162,6503,False,False
p1313,p127,p1313,p127,I,I,Chilean sequences,Chilean sequences,False,False,True,0.011278195488721804,21,1862,0.01613344271260596,59,3657,0.018026275588145433,118,6546,False,False
p1313,p1427,p1313,p1427,I,I,Chilean sequences,Chilean sequences,False,False,True,0.011827956989247311,22,1860,0.019688269073010665,72,3657,0.022137404580152672,145,6550,False,False
p1313,p1430,p1313,p1430,I,I,Chilean sequences,Chilean sequences,False,False,True,0.012352309344790547,23,1862,0.020508613617719443,75,3657,0.023053435114503817,151,6550,False,False
p1313,ANDV-CH-LS-2016,p1313,ANDV-CH-LS-2016,I,I,Chilean sequences,Chilean sequences,False,False,True,0.013385387618516454,24,1793,0.021353300055463115,77,3606,0.02261985145172181,134,5924,False,False
p1313,ANDV-CH-LS-2022,p1313,ANDV-CH-LS-2022,I,I,Chilean sequences,Chilean sequences,False,False,True,0.013636363636363636,24,1760,0.022202746129126497,76,3423,0.022745474931923755,142,6243,False,False
p1313,ARG p19,p1313,ANDV ARG p19,I,III,Chilean sequences,Argentinean sequences,False,False,False,0.02040816326530612,38,1862,0.03391684901531729,124,3656,0.039382239382239385,255,6475,False,False
p1313,ARG p3,p1313,ANDV ARG p3,I,III,Chilean sequences,Argentinean sequences,False,False,False,0.019967620075553156,37,1853,0.033717105263157895,123,3648,0.038837920489296636,254,6540,False,False
p1313,ARG-M.a.,p1313,ANDV ARG-M.a.,I,III,Chilean sequences,Argentinean sequences,False,False,False,0.020441097364174286,38,1859,0.03368940016433854,123,3651,0.03946146703806871,255,6462,False,False
p1313,ARG p9,p1313,ANDV ARG p9,I,III,Chilean sequences,Argentinean sequences,False,False,False,0.02040816326530612,38,1862,0.033634126333059886,123,3657,0.039227799227799225,254,6475,False,False
p1313,p1316,p1313,p1316,I,III,Chilean sequences,Chilean sequences,False,False,False,0.018796992481203006,35,1862,0.03554826360404703,130,3657,0.03878454725912353,254,6549,False,False
p1313,CHI-Hu13724 P2,p1313,ANDV CHI-Hu13724 P2,I,III,Chilean sequences,Chilean sequences,False,False,False,0.02045209903121636,38,1858,0.03718895269346459,136,3657,0.04106870229007634,269,6550,False,False
p1313,p136,p1313,p136,I,III,Chilean sequences,Chilean sequences,False,False,False,0.01987110633727175,37,1862,0.03718895269346459,136,3657,0.04106870229007634,269,6550,False,False
p1313,p137,p1313,p137,I,III,Chilean sequences,Chilean sequences,False,False,False,0.01993534482758621,37,1856,0.037219485495347565,136,3654,0.04107497327836311,269,6549,False,False
p1313,CHI-Hu13724 P1,p1313,ANDV CHI-Hu13724 P1,I,III,Chilean sequences,Chilean sequences,False,False,False,0.01989247311827957,37,1860,0.03718895269346459,136,3657,0.04106870229007634,269,6550,False,False
p1313,p1059,p1313,p1059,I,III,Chilean sequences,Chilean sequences,False,True,False,0.017722878625134265,33,1862,0.038282745419742956,140,3657,0.04,262,6550,False,False
p1313,NRC-4/18,p1313,ANDV NRC-4/18,I,III,Chilean sequences,Argentinean sequences,False,True,False,0.01828940290478752,34,1859,0.03758573388203018,137,3645,0.038978905533476,255,6542,False,False
p1313,NRC-3/18,p1313,ANDV NRC-3/18,I,III,Chilean sequences,Argentinean sequences,False,True,False,0.0183585313174946,34,1852,0.03732162458836443,136,3644,0.03900871959614502,255,6537,False,False
p1313,132D,p1313,132D,I,III,Chilean sequences,Chilean sequences,False,True,False,0.02054054054054054,38,1850,0.04155200880572372,151,3634,0.041162968630451414,269,6535,False,False
p1313,p1239,p1313,p1239,I,III,Chilean sequences,Chilean sequences,False,True,False,0.01989247311827957,37,1860,0.038082191780821915,139,3650,0.03985949908368967,261,6548,False,False
p1313,p1242,p1313,p1242,I,III,Chilean sequences,Chilean sequences,False,True,False,0.023143164693218515,43,1858,0.03943044906900329,144,3652,0.03985341273476867,261,6549,False,False
p1313,p931,p1313,p931,I,III,Chilean sequences,Chilean sequences,False,True,False,0.023630504833512353,44,1862,0.03943044906900329,144,3652,0.03909590714722053,256,6548,False,False
p1313,p1236,p1313,p1236,I,III,Chilean sequences,Chilean sequences,False,True,False,0.02045209903121636,38,1858,0.03776683087027915,138,3654,0.04404669260700389,283,6425,True,False
p1313,cruise,p1313,France-Case 9,I,III,Chilean sequences,Cruise ship outbreak sequences,False,True,False,0.021586616297895305,40,1853,0.03950617283950617,144,3645,0.040806969280146724,267,6543,False,True
p1313,cruise,p1313,Spain-Case 10,I,III,Chilean sequences,Cruise ship outbreak sequences,False,True,False,0.02165674066053059,40,1847,0.039462866538777744,144,3649,0.040831931487995105,267,6539,False,True
p1313,cruise,p1313,Spain-Case 12,I,III,Chilean sequences,Cruise ship outbreak sequences,False,True,False,0.02165674066053059,40,1847,0.039462866538777744,144,3649,0.040831931487995105,267,6539,False,True
p1313,Switzerland-Case 7,p1313,Switzerland-Case 7,I,III,Chilean sequences,Cruise ship outbreak sequences,False,True,False,0.02165674066053059,40,1847,0.039462866538777744,144,3649,0.040916030534351146,268,6550,False,True
p1313,cruise,p1313,Netherlands-Case 6,I,III,Chilean sequences,Cruise ship outbreak sequences,False,True,False,0.021953896816684963,40,1822,0.039724137931034485,144,3625,0.04108476778174732,253,6158,False,True
p1313,cruise,p1313,Netherlands-Case 5,I,III,Chilean sequences,Cruise ship outbreak sequences,False,True,False,0.02220988339811216,40,1801,0.04015725919685482,143,3561,0.04064914992272025,263,6470,False,True
p1313,cruise,p1313,Johannesburg-Case 2,I,III,Chilean sequences,Cruise ship outbreak sequences,False,True,False,0.02274019329164298,40,1759,0.03984504703929164,144,3614,0.04146681107844654,268,6463,False,True
p1313,cruise,p1313,Johannesburg-Case 3,I,III,Chilean sequences,Cruise ship outbreak sequences,False,True,False,0.022753128555176336,40,1758,0.039821776663881925,143,3591,0.04093836246550138,267,6522,False,True
p1313,cruise,p1313,Canada-Case 11_NPswab,I,III,Chilean sequences,Cruise ship outbreak sequences,False,True,False,0.023884349465744813,38,1591,0.04003783102143758,127,3172,0.04078624078624079,249,6105,False,True
p1313,cruise,p1313,Canada-Case 11_blood,I,III,Chilean sequences,Cruise ship outbreak sequences,False,True,False,0.023295454545454546,41,1760,0.04007847533632287,143,3568,0.040891621829362026,266,6505,False,True
p126,136D,p126,136D,I,I,Chilean sequences,Chilean sequences,False,False,True,0.01703296703296703,31,1820,0.03445354419655464,122,3541,0.034,221,6500,False,False
p126,p1052,p126,p1052,I,I,Chilean sequences,Chilean sequences,False,False,True,0.013440860215053764,25,1860,0.023243095433415368,85,3657,0.02380225816295392,156,6554,False,False
p126,131D,p126,131D,I,I,Chilean sequences,Chilean sequences,False,False,True,0.015675675675675675,29,1850,0.02463605823068309,88,3572,0.024911579271105645,162,6503,False,False
p126,p127,p126,p127,I,I,Chilean sequences,Chilean sequences,False,False,True,0.012365591397849462,23,1860,0.01804757998359311,66,3657,0.018484570730216927,121,6546,False,False
p126,p1427,p126,p1427,I,I,Chilean sequences,Chilean sequences,False,False,True,0.012917115177610334,24,1858,0.021602406343997814,79,3657,0.022886786695148,150,6554,False,False
p126,p1430,p126,p1430,I,I,Chilean sequences,Chilean sequences,False,False,True,0.013440860215053764,25,1860,0.021875854525567406,80,3657,0.023191943851083308,152,6554,False,False
p126,ANDV-CH-LS-2016,p126,ANDV-CH-LS-2016,I,I,Chilean sequences,Chilean sequences,False,False,True,0.014500836586726157,26,1793,0.02273987798114254,82,3606,0.02312626603646185,137,5924,False,False
p126,ANDV-CH-LS-2022,p126,ANDV-CH-LS-2022,I,I,Chilean sequences,Chilean sequences,False,False,True,0.014772727272727272,26,1760,0.023955594507741748,82,3423,0.022905654332852795,143,6243,False,False
p126,ARG p19,p126,ANDV ARG p19,I,III,Chilean sequences,Argentinean sequences,False,False,False,0.01935483870967742,36,1860,0.034737417943107224,127,3656,0.03907335907335907,253,6475,False,False
p126,ARG p3,p126,ANDV ARG p3,I,III,Chilean sequences,Argentinean sequences,False,False,False,0.018888289260658393,35,1853,0.03453947368421053,126,3648,0.03853211009174312,252,6540,False,False
p126,ARG-M.a.,p126,ANDV ARG-M.a.,I,III,Chilean sequences,Argentinean sequences,False,False,False,0.019365250134480903,36,1859,0.03451109285127362,126,3651,0.03915196533580935,253,6462,False,False
p126,ARG p9,p126,ANDV ARG p9,I,III,Chilean sequences,Argentinean sequences,False,False,False,0.01935483870967742,36,1860,0.034454470877768664,126,3657,0.03891891891891892,252,6475,False,False
p126,p1316,p126,p1316,I,III,Chilean sequences,Chilean sequences,False,False,False,0.017741935483870968,33,1860,0.03636860814875581,133,3657,0.03860827102090646,253,6553,False,False
p126,CHI-Hu13724 P2,p126,ANDV CHI-Hu13724 P2,I,III,Chilean sequences,Chilean sequences,False,False,False,0.0193756727664155,36,1858,0.03800929723817337,139,3657,0.040891058895331095,268,6554,False,False
p126,p136,p126,p136,I,III,Chilean sequences,Chilean sequences,False,False,False,0.01881720430107527,35,1860,0.03800929723817337,139,3657,0.040891058895331095,268,6554,False,False
p126,p137,p126,p137,I,III,Chilean sequences,Chilean sequences,False,False,False,0.018857758620689655,35,1856,0.03804050355774494,139,3654,0.040922278210413804,268,6549,False,False
p126,CHI-Hu13724 P1,p126,ANDV CHI-Hu13724 P1,I,III,Chilean sequences,Chilean sequences,False,False,False,0.01881720430107527,35,1860,0.03800929723817337,139,3657,0.040891058895331095,268,6554,False,False
p126,p1059,p126,p1059,I,III,Chilean sequences,Chilean sequences,False,True,False,0.017741935483870968,33,1860,0.039649986327590925,145,3657,0.040433323161428135,265,6554,False,False
p126,NRC-4/18,p126,ANDV NRC-4/18,I,III,Chilean sequences,Argentinean sequences,False,True,False,0.01828940290478752,34,1859,0.03895747599451303,142,3645,0.038520330174258634,252,6542,False,False
p126,NRC-3/18,p126,ANDV NRC-3/18,I,III,Chilean sequences,Argentinean sequences,False,True,False,0.0183585313174946,34,1852,0.038693743139407245,141,3644,0.038549793483249196,252,6537,False,False
p126,132D,p126,132D,I,III,Chilean sequences,Chilean sequences,False,True,False,0.02054054054054054,38,1850,0.04237754540451293,154,3634,0.04162203519510329,272,6535,False,False
p126,p1239,p126,p1239,I,III,Chilean sequences,Chilean sequences,False,True,False,0.01989247311827957,37,1860,0.03945205479452055,144,3650,0.04044566544566545,265,6552,False,False
p126,p1242,p126,p1242,I,III,Chilean sequences,Chilean sequences,False,True,False,0.023143164693218515,43,1858,0.04079956188389924,149,3652,0.0402868915000763,264,6553,False,False
p126,p931,p126,p931,I,III,Chilean sequences,Chilean sequences,False,True,False,0.023655913978494623,44,1860,0.04079956188389924,149,3652,0.03952991452991453,259,6552,False,False
p126,p1236,p126,p1236,I,III,Chilean sequences,Chilean sequences,False,True,False,0.02045209903121636,38,1858,0.039135194307608104,143,3654,0.04420233463035019,284,6425,True,False
p126,cruise,p126,France-Case 9,I,III,Chilean sequences,Cruise ship outbreak sequences,False,True,False,0.021586616297895305,40,1853,0.040877914951989024,149,3645,0.04111263946202048,269,6543,False,True
p126,cruise,p126,Spain-Case 10,I,III,Chilean sequences,Cruise ship outbreak sequences,False,True,False,0.02165674066053059,40,1847,0.040833104960263086,149,3649,0.04113778865269919,269,6539,False,True
p126,cruise,p126,Spain-Case 12,I,III,Chilean sequences,Cruise ship outbreak sequences,False,True,False,0.02165674066053059,40,1847,0.040833104960263086,149,3649,0.04113778865269919,269,6539,False,True
p126,Switzerland-Case 7,p126,Switzerland-Case 7,I,III,Chilean sequences,Cruise ship outbreak sequences,False,True,False,0.02165674066053059,40,1847,0.040833104960263086,149,3649,0.0411962160512664,270,6554,False,True
p126,cruise,p126,Netherlands-Case 6,I,III,Chilean sequences,Cruise ship outbreak sequences,False,True,False,0.021953896816684963,40,1822,0.04110344827586207,149,3625,0.04108476778174732,253,6158,False,True
p126,cruise,p126,Netherlands-Case 5,I,III,Chilean sequences,Cruise ship outbreak sequences,False,True,False,0.02220988339811216,40,1801,0.041561359168772814,148,3561,0.04095826893353941,265,6470,False,True
p126,cruise,p126,Johannesburg-Case 2,I,III,Chilean sequences,Cruise ship outbreak sequences,False,True,False,0.02274019329164298,40,1759,0.041228555617044825,149,3614,0.04162153798545567,269,6463,False,True
p126,cruise,p126,Johannesburg-Case 3,I,III,Chilean sequences,Cruise ship outbreak sequences,False,True,False,0.022753128555176336,40,1758,0.04121414647730437,148,3591,0.041245016865992024,269,6522,False,True
p126,cruise,p126,Canada-Case 11_NPswab,I,III,Chilean sequences,Cruise ship outbreak sequences,False,True,False,0.023884349465744813,38,1591,0.04129886506935687,131,3172,0.04144144144144144,253,6105,False,True
p126,cruise,p126,Canada-Case 11_blood,I,III,Chilean sequences,Cruise ship outbreak sequences,False,True,False,0.023295454545454546,41,1760,0.04147982062780269,148,3568,0.041199077632590314,268,6505,False,True
136D,p1052,136D,p1052,I,I,Chilean sequences,Chilean sequences,False,False,True,0.015384615384615385,28,1820,0.031347077096865295,111,3541,0.03323076923076923,216,6500,False,False
136D,131D,136D,131D,I,I,Chilean sequences,Chilean sequences,False,False,True,0.017582417582417582,32,1820,0.031347077096865295,111,3541,0.033846153846153845,220,6500,False,False
136D,p127,136D,p127,I,I,Chilean sequences,Chilean sequences,False,False,True,0.01978021978021978,36,1820,0.03219429539678057,114,3541,0.03430769230769231,223,6500,False,False
136D,p1427,136D,p1427,I,I,Chilean sequences,Chilean sequences,False,False,True,0.01703296703296703,31,1820,0.02795820389720418,99,3541,0.03107692307692308,202,6500,False,False
136D,p1430,136D,p1430,I,I,Chilean sequences,Chilean sequences,False,False,True,0.017582417582417582,32,1820,0.02824060999717594,100,3541,0.03169230769230769,206,6500,False,False
136D,ANDV-CH-LS-2016,136D,ANDV-CH-LS-2016,I,I,Chilean sequences,Chilean sequences,False,False,True,0.018404907975460124,33,1793,0.02824060999717594,100,3541,0.032241728561782576,191,5924,False,False
136D,ANDV-CH-LS-2022,136D,ANDV-CH-LS-2022,I,I,Chilean sequences,Chilean sequences,False,False,True,0.01875,33,1760,0.028479154433352905,97,3406,0.031555341983020985,197,6243,False,False
136D,ARG p19,136D,ANDV ARG p19,I,III,Chilean sequences,Argentinean sequences,False,False,False,0.02912087912087912,53,1820,0.034171138096582884,121,3541,0.03934934159566228,254,6455,False,False
136D,ARG p3,136D,ANDV ARG p3,I,III,Chilean sequences,Argentinean sequences,False,False,False,0.02857142857142857,52,1820,0.033888731996611125,120,3541,0.03907692307692308,254,6500,False,False
136D,ARG-M.a.,136D,ANDV ARG-M.a.,I,III,Chilean sequences,Argentinean sequences,False,False,False,0.02912087912087912,53,1820,0.033888731996611125,120,3541,0.03906371105254999,252,6451,False,False
136D,ARG p9,136D,ANDV ARG p9,I,III,Chilean sequences,Argentinean sequences,False,False,False,0.02912087912087912,53,1820,0.033888731996611125,120,3541,0.03919442292796282,253,6455,False,False
136D,p1316,136D,p1316,I,III,Chilean sequences,Chilean sequences,False,False,False,0.026373626373626374,48,1820,0.03699519909630048,131,3541,0.03923076923076923,255,6500,False,False
136D,CHI-Hu13724 P2,136D,ANDV CHI-Hu13724 P2,I,III,Chilean sequences,Chilean sequences,False,False,False,0.028021978021978023,51,1820,0.038689635696131035,137,3541,0.040769230769230766,265,6500,False,False
136D,p136,136D,p136,I,III,Chilean sequences,Chilean sequences,False,False,False,0.027472527472527472,50,1820,0.038689635696131035,137,3541,0.040769230769230766,265,6500,False,False
136D,p137,136D,p137,I,III,Chilean sequences,Chilean sequences,False,False,False,0.027472527472527472,50,1820,0.038689635696131035,137,3541,0.040769230769230766,265,6500,False,False
136D,CHI-Hu13724 P1,136D,ANDV CHI-Hu13724 P1,I,III,Chilean sequences,Chilean sequences,False,False,False,0.027472527472527472,50,1820,0.038689635696131035,137,3541,0.040769230769230766,265,6500,False,False
136D,p1059,136D,p1059,I,III,Chilean sequences,Chilean sequences,False,True,False,0.024175824175824177,44,1820,0.038689635696131035,137,3541,0.042,273,6500,False,False
136D,NRC-4/18,136D,ANDV NRC-4/18,I,III,Chilean sequences,Argentinean sequences,False,True,False,0.025824175824175823,47,1820,0.03671279299632872,130,3541,0.038159716879519925,248,6499,False,False
136D,NRC-3/18,136D,ANDV NRC-3/18,I,III,Chilean sequences,Argentinean sequences,False,True,False,0.025824175824175823,47,1820,0.03643038689635696,129,3541,0.038153846153846156,248,6500,False,False
136D,132D,136D,132D,I,III,Chilean sequences,Chilean sequences,False,True,False,0.026937877954920284,49,1819,0.040384072295961596,143,3541,0.041692307692307695,271,6500,False,False
136D,p1239,136D,p1239,I,III,Chilean sequences,Chilean sequences,False,True,False,0.026373626373626374,48,1820,0.03727760519627224,132,3541,0.04107692307692308,267,6500,False,False
136D,p1242,136D,p1242,I,III,Chilean sequences,Chilean sequences,False,True,False,0.02967032967032967,54,1820,0.038972041796102794,138,3541,0.040615384615384616,264,6500,False,False
136D,p931,136D,p931,I,III,Chilean sequences,Chilean sequences,False,True,False,0.03021978021978022,55,1820,0.038689635696131035,137,3541,0.039538461538461536,257,6500,False,False
136D,p1236,136D,p1236,I,III,Chilean sequences,Chilean sequences,False,True,False,0.028021978021978023,51,1820,0.03699519909630048,131,3541,0.042957198443579765,276,6425,True,False
136D,cruise,136D,France-Case 9,I,III,Chilean sequences,Cruise ship outbreak sequences,False,True,False,0.029201101928374655,53,1815,0.038689635696131035,137,3541,0.039846153846153844,259,6500,False,True
136D,cruise,136D,Spain-Case 10,I,III,Chilean sequences,Cruise ship outbreak sequences,False,True,False,0.029201101928374655,53,1815,0.038689635696131035,137,3541,0.039846153846153844,259,6500,False,True
136D,cruise,136D,Spain-Case 12,I,III,Chilean sequences,Cruise ship outbreak sequences,False,True,False,0.029201101928374655,53,1815,0.038689635696131035,137,3541,0.039846153846153844,259,6500,False,True
136D,Switzerland-Case 7,136D,Switzerland-Case 7,I,III,Chilean sequences,Cruise ship outbreak sequences,False,True,False,0.029201101928374655,53,1815,0.038689635696131035,137,3541,0.04,260,6500,False,True
136D,cruise,136D,Netherlands-Case 6,I,III,Chilean sequences,Cruise ship outbreak sequences,False,True,False,0.02923331494760066,53,1813,0.038689635696131035,137,3541,0.03966834661030727,244,6151,False,True
136D,cruise,136D,Netherlands-Case 5,I,III,Chilean sequences,Cruise ship outbreak sequences,False,True,False,0.029608938547486034,53,1790,0.03887627695800227,137,3524,0.03994426381792847,258,6459,False,True
136D,cruise,136D,Johannesburg-Case 2,I,III,Chilean sequences,Cruise ship outbreak sequences,False,True,False,0.029562251279135872,52,1759,0.038744343891402716,137,3536,0.03993783993783994,257,6435,False,True
136D,cruise,136D,Johannesburg-Case 3,I,III,Chilean sequences,Cruise ship outbreak sequences,False,True,False,0.02957906712172924,52,1758,0.038788221970554926,137,3532,0.039889111350685354,259,6493,False,True
136D,cruise,136D,Canada-Case 11_NPswab,I,III,Chilean sequences,Cruise ship outbreak sequences,False,True,False,0.03016970458830924,48,1591,0.03868286445012788,121,3128,0.03996723996723997,244,6105,False,True
136D,cruise,136D,Canada-Case 11_blood,I,III,Chilean sequences,Cruise ship outbreak sequences,False,True,False,0.030113636363636363,53,1760,0.03887627695800227,137,3524,0.040012311480455524,260,6498,False,True
p1052,131D,p1052,131D,I,I,Chilean sequences,Chilean sequences,False,False,True,0.004324324324324324,8,1850,0.0022396416573348264,8,3572,0.002152852529601722,14,6503,False,False
p1052,p127,p1052,p127,I,I,Chilean sequences,Chilean sequences,False,False,True,0.015037593984962405,28,1862,0.021602406343997814,79,3657,0.024442407577146347,160,6546,False,False
p1052,p1427,p1052,p1427,I,I,Chilean sequences,Chilean sequences,False,False,True,0.013440860215053764,25,1860,0.016671221645258267,61,3659,0.020903265181568507,137,6554,False,False
p1052,p1430,p1052,p1430,I,I,Chilean sequences,Chilean sequences,False,False,True,0.013941018766756031,26,1865,0.01638896476372576,60,3661,0.021208422337503814,139,6554,False,False
p1052,ANDV-CH-LS-2016,p1052,ANDV-CH-LS-2016,I,I,Chilean sequences,Chilean sequences,False,False,True,0.01505856107083101,27,1793,0.016638935108153077,60,3606,0.021438217420661716,127,5924,False,False
p1052,ANDV-CH-LS-2022,p1052,ANDV-CH-LS-2022,I,I,Chilean sequences,Chilean sequences,False,False,True,0.01534090909090909,27,1760,0.016652059596844872,57,3423,0.02130386032356239,133,6243,False,False
p1052,ARG p19,p1052,ANDV ARG p19,I,III,Chilean sequences,Argentinean sequences,False,False,False,0.025187566988210074,47,1866,0.03171131765992345,116,3658,0.03891891891891892,252,6475,False,False
p1052,ARG p3,p1052,ANDV ARG p3,I,III,Chilean sequences,Argentinean sequences,False,False,False,0.024771136241249325,46,1857,0.031506849315068496,115,3650,0.03837920489296636,251,6540,False,False
p1052,ARG-M.a.,p1052,ANDV ARG-M.a.,I,III,Chilean sequences,Argentinean sequences,False,False,False,0.02522812667740204,47,1863,0.03149821966584498,115,3651,0.038842463633549984,251,6462,False,False
p1052,ARG p9,p1052,ANDV ARG p9,I,III,Chilean sequences,Argentinean sequences,False,False,False,0.025187566988210074,47,1866,0.03142935228204428,115,3659,0.03876447876447876,251,6475,False,False
p1052,p1316,p1052,p1316,I,III,Chilean sequences,Chilean sequences,False,False,False,0.022556390977443608,42,1862,0.03388904072150861,124,3659,0.03860827102090646,253,6553,False,False
p1052,CHI-Hu13724 P2,p1052,ANDV CHI-Hu13724 P2,I,III,Chilean sequences,Chilean sequences,False,False,False,0.024219590958019375,45,1858,0.034982235583492755,128,3659,0.04058590173939579,266,6554,False,False
p1052,p136,p1052,p136,I,III,Chilean sequences,Chilean sequences,False,False,False,0.023630504833512353,44,1862,0.03500136724090785,128,3657,0.04058590173939579,266,6554,False,False
p1052,p137,p1052,p137,I,III,Chilean sequences,Chilean sequences,False,False,False,0.023706896551724137,44,1856,0.03503010399562124,128,3654,0.040616888074515196,266,6549,False,False
p1052,CHI-Hu13724 P1,p1052,ANDV CHI-Hu13724 P1,I,III,Chilean sequences,Chilean sequences,False,False,False,0.023605150214592276,44,1864,0.034982235583492755,128,3659,0.04058590173939579,266,6554,False,False
p1052,p1059,p1052,p1059,I,III,Chilean sequences,Chilean sequences,False,True,False,0.021436227224008574,40,1866,0.03771522273845313,138,3659,0.03829722306988099,251,6554,False,False
p1052,NRC-4/18,p1052,ANDV NRC-4/18,I,III,Chilean sequences,Argentinean sequences,False,True,False,0.022054868208714364,41,1859,0.03591993419248698,131,3647,0.03607459492509936,236,6542,False,False
p1052,NRC-3/18,p1052,ANDV NRC-3/18,I,III,Chilean sequences,Argentinean sequences,False,True,False,0.02209051724137931,41,1856,0.03565551289083928,130,3646,0.0361021875478048,236,6537,False,False
p1052,132D,p1052,132D,I,III,Chilean sequences,Chilean sequences,False,True,False,0.024324324324324326,45,1850,0.039900935608145296,145,3634,0.03917368018362662,256,6535,False,False
p1052,p1239,p1052,p1239,I,III,Chilean sequences,Chilean sequences,False,True,False,0.023605150214592276,44,1864,0.03616438356164384,132,3650,0.03739316239316239,245,6552,False,False
p1052,p1242,p1052,p1242,I,III,Chilean sequences,Chilean sequences,False,True,False,0.02685284640171858,50,1862,0.03778751369112815,138,3652,0.037845261712192886,248,6553,False,False
p1052,p931,p1052,p931,I,III,Chilean sequences,Chilean sequences,False,True,False,0.027331189710610933,51,1866,0.03723986856516977,136,3652,0.03708791208791209,243,6552,False,False
p1052,p1236,p1052,p1236,I,III,Chilean sequences,Chilean sequences,False,True,False,0.024167561761546726,45,1862,0.03557744937055282,130,3654,0.04140077821011673,266,6425,True,False
p1052,cruise,p1052,France-Case 9,I,III,Chilean sequences,Cruise ship outbreak sequences,False,True,False,0.024284943335132217,45,1853,0.03729092404716205,136,3647,0.0380559376432829,249,6543,False,True
p1052,cruise,p1052,Spain-Case 10,I,III,Chilean sequences,Cruise ship outbreak sequences,False,True,False,0.024363833243096916,45,1847,0.037270485064401206,136,3649,0.038079217005658354,249,6539,False,True
p1052,cruise,p1052,Spain-Case 12,I,III,Chilean sequences,Cruise ship outbreak sequences,False,True,False,0.024363833243096916,45,1847,0.037270485064401206,136,3649,0.038079217005658354,249,6539,False,True
p1052,Switzerland-Case 7,p1052,Switzerland-Case 7,I,III,Chilean sequences,Cruise ship outbreak sequences,False,True,False,0.024363833243096916,45,1847,0.037270485064401206,136,3649,0.038144644491913335,250,6554,False,True
p1052,cruise,p1052,Netherlands-Case 6,I,III,Chilean sequences,Cruise ship outbreak sequences,False,True,False,0.02469813391877058,45,1822,0.03751724137931035,136,3625,0.03783696005196492,233,6158,False,True
p1052,cruise,p1052,Netherlands-Case 5,I,III,Chilean sequences,Cruise ship outbreak sequences,False,True,False,0.02498611882287618,45,1801,0.037910699241786014,135,3561,0.03802163833075734,246,6470,False,True
p1052,cruise,p1052,Johannesburg-Case 2,I,III,Chilean sequences,Cruise ship outbreak sequences,False,True,False,0.0244457077885162,43,1759,0.03763143331488655,136,3614,0.03821754603125484,247,6463,False,True
p1052,cruise,p1052,Johannesburg-Case 3,I,III,Chilean sequences,Cruise ship outbreak sequences,False,True,False,0.024459613196814563,43,1758,0.03759398496240601,135,3591,0.038178472861085555,249,6522,False,True
p1052,cruise,p1052,Canada-Case 11_NPswab,I,III,Chilean sequences,Cruise ship outbreak sequences,False,True,False,0.026398491514770583,42,1591,0.037515762925598994,119,3172,0.03832923832923833,234,6105,False,True
p1052,cruise,p1052,Canada-Case 11_blood,I,III,Chilean sequences,Cruise ship outbreak sequences,False,True,False,0.025,44,1760,0.037836322869955155,135,3568,0.03843197540353574,250,6505,False,True
131D,p127,131D,p127,I,I,Chilean sequences,Chilean sequences,False,False,True,0.017297297297297298,32,1850,0.02295632698768197,82,3572,0.025526679993848993,166,6503,False,False
131D,p1427,131D,p1427,I,I,Chilean sequences,Chilean sequences,False,False,True,0.014602487831260141,27,1849,0.017357222844344905,62,3572,0.021989850838074736,143,6503,False,False
131D,p1430,131D,p1430,I,I,Chilean sequences,Chilean sequences,False,False,True,0.015135135135135135,28,1850,0.01707726763717805,61,3572,0.02229740119944641,145,6503,False,False
131D,ANDV-CH-LS-2016,131D,ANDV-CH-LS-2016,I,I,Chilean sequences,Chilean sequences,False,False,True,0.016174010039040714,29,1793,0.01707726763717805,61,3572,0.022451046590141795,133,5924,False,False
131D,ANDV-CH-LS-2022,131D,ANDV-CH-LS-2022,I,I,Chilean sequences,Chilean sequences,False,False,True,0.016477272727272726,29,1760,0.017312206572769953,59,3408,0.022264936729136632,139,6243,False,False
131D,ARG p19,131D,ANDV ARG p19,I,III,Chilean sequences,Argentinean sequences,False,False,False,0.026486486486486487,49,1850,0.032754759238521836,117,3572,0.03965917893106119,256,6455,False,False
131D,ARG p3,131D,ANDV ARG p3,I,III,Chilean sequences,Argentinean sequences,False,False,False,0.025959978366684695,48,1849,0.032474804031354984,116,3572,0.03921267107488851,255,6503,False,False
131D,ARG-M.a.,131D,ANDV ARG-M.a.,I,III,Chilean sequences,Argentinean sequences,False,False,False,0.026486486486486487,49,1850,0.032474804031354984,116,3572,0.03937374050534801,254,6451,False,False
131D,ARG p9,131D,ANDV ARG p9,I,III,Chilean sequences,Argentinean sequences,False,False,False,0.026486486486486487,49,1850,0.032474804031354984,116,3572,0.039504260263361735,255,6455,False,False
131D,p1316,131D,p1316,I,III,Chilean sequences,Chilean sequences,False,False,False,0.023783783783783784,44,1850,0.03499440089585666,125,3572,0.03982777179763186,259,6503,False,False
131D,CHI-Hu13724 P2,131D,ANDV CHI-Hu13724 P2,I,III,Chilean sequences,Chilean sequences,False,False,False,0.025405405405405406,47,1850,0.036114221724524075,129,3572,0.041826849146547745,272,6503,False,False
131D,p136,131D,p136,I,III,Chilean sequences,Chilean sequences,False,False,False,0.024864864864864864,46,1850,0.036114221724524075,129,3572,0.041826849146547745,272,6503,False,False
131D,p137,131D,p137,I,III,Chilean sequences,Chilean sequences,False,False,False,0.024864864864864864,46,1850,0.036114221724524075,129,3572,0.041826849146547745,272,6503,False,False
131D,CHI-Hu13724 P1,131D,ANDV CHI-Hu13724 P1,I,III,Chilean sequences,Chilean sequences,False,False,False,0.024864864864864864,46,1850,0.036114221724524075,129,3572,0.041826849146547745,272,6503,False,False
131D,p1059,131D,p1059,I,III,Chilean sequences,Chilean sequences,False,True,False,0.022702702702702703,42,1850,0.03891377379619261,139,3572,0.03921267107488851,255,6503,False,False
131D,NRC-4/18,131D,ANDV NRC-4/18,I,III,Chilean sequences,Argentinean sequences,False,True,False,0.023243243243243242,43,1850,0.036954087346024636,132,3572,0.03721931713318979,242,6502,False,False
131D,NRC-3/18,131D,ANDV NRC-3/18,I,III,Chilean sequences,Argentinean sequences,False,True,False,0.023268398268398268,43,1848,0.036674132138857785,131,3572,0.037213593725972625,242,6503,False,False
131D,132D,131D,132D,I,III,Chilean sequences,Chilean sequences,False,True,False,0.02541914548404543,47,1849,0.040873460246360585,146,3572,0.0399815469783177,260,6503,False,False
131D,p1239,131D,p1239,I,III,Chilean sequences,Chilean sequences,False,True,False,0.024864864864864864,46,1850,0.03723404255319149,133,3572,0.03798246962940181,247,6503,False,False
131D,p1242,131D,p1242,I,III,Chilean sequences,Chilean sequences,False,True,False,0.02810810810810811,52,1850,0.03891377379619261,139,3572,0.03844379517145933,250,6503,False,False
131D,p931,131D,p931,I,III,Chilean sequences,Chilean sequences,False,True,False,0.027567567567567567,51,1850,0.0383538633818589,137,3572,0.03767491926803014,245,6503,False,False
131D,p1236,131D,p1236,I,III,Chilean sequences,Chilean sequences,False,True,False,0.025405405405405406,47,1850,0.036674132138857785,131,3572,0.04202334630350195,270,6425,True,False
131D,cruise,131D,France-Case 9,I,III,Chilean sequences,Cruise ship outbreak sequences,False,True,False,0.026572668112798264,49,1844,0.0383538633818589,137,3572,0.03890512071351684,253,6503,False,True
131D,cruise,131D,Spain-Case 10,I,III,Chilean sequences,Cruise ship outbreak sequences,False,True,False,0.026572668112798264,49,1844,0.0383538633818589,137,3572,0.03890512071351684,253,6503,False,True
131D,cruise,131D,Spain-Case 12,I,III,Chilean sequences,Cruise ship outbreak sequences,False,True,False,0.026572668112798264,49,1844,0.0383538633818589,137,3572,0.03890512071351684,253,6503,False,True
131D,Switzerland-Case 7,131D,Switzerland-Case 7,I,III,Chilean sequences,Cruise ship outbreak sequences,False,True,False,0.026572668112798264,49,1844,0.0383538633818589,137,3572,0.03905889589420267,254,6503,False,True
131D,cruise,131D,Netherlands-Case 6,I,III,Chilean sequences,Cruise ship outbreak sequences,False,True,False,0.02689352360043908,49,1822,0.0383538633818589,137,3572,0.038349041273968154,236,6154,False,True
131D,cruise,131D,Netherlands-Case 5,I,III,Chilean sequences,Cruise ship outbreak sequences,False,True,False,0.027207107162687396,49,1801,0.03827751196172249,136,3553,0.0386877127824203,250,6462,False,True
131D,cruise,131D,Johannesburg-Case 2,I,III,Chilean sequences,Cruise ship outbreak sequences,False,True,False,0.027288231949971573,48,1759,0.0384076254555649,137,3567,0.03885003885003885,250,6435,False,True
131D,cruise,131D,Johannesburg-Case 3,I,III,Chilean sequences,Cruise ship outbreak sequences,False,True,False,0.027303754266211604,48,1758,0.03819151923616962,136,3561,0.0389650392730633,253,6493,False,True
131D,cruise,131D,Canada-Case 11_NPswab,I,III,Chilean sequences,Cruise ship outbreak sequences,False,True,False,0.0295411690760528,47,1591,0.03801076971808679,120,3157,0.038984438984438985,238,6105,False,True
131D,cruise,131D,Canada-Case 11_blood,I,III,Chilean sequences,Cruise ship outbreak sequences,False,True,False,0.02784090909090909,49,1760,0.03827751196172249,136,3553,0.03908895044629117,254,6498,False,True
p127,p1427,p127,p1427,I,I,Chilean sequences,Chilean sequences,False,False,True,0.014516129032258065,27,1860,0.020508613617719443,75,3657,0.022602321319486866,148,6548,False,False
p127,p1430,p127,p1430,I,I,Chilean sequences,Chilean sequences,False,False,True,0.015037593984962405,28,1862,0.020782061799289035,76,3657,0.022907758094074526,150,6548,False,False
p127,ANDV-CH-LS-2016,p127,ANDV-CH-LS-2016,I,I,Chilean sequences,Chilean sequences,False,False,True,0.016174010039040714,29,1793,0.02107598447032723,76,3606,0.022788656313301823,135,5924,False,False
p127,ANDV-CH-LS-2022,p127,ANDV-CH-LS-2022,I,I,Chilean sequences,Chilean sequences,False,False,True,0.016477272727272726,29,1760,0.02132632193981887,73,3423,0.022425116130065672,140,6243,False,False
p127,ARG p19,p127,ANDV ARG p19,I,III,Chilean sequences,Argentinean sequences,False,False,False,0.024704618689581095,46,1862,0.03200218818380744,117,3656,0.038455598455598455,249,6475,False,False
p127,ARG p3,p127,ANDV ARG p3,I,III,Chilean sequences,Argentinean sequences,False,False,False,0.024284943335132217,45,1853,0.03179824561403509,116,3648,0.037908896361968814,248,6542,False,False
p127,ARG-M.a.,p127,ANDV ARG-M.a.,I,III,Chilean sequences,Argentinean sequences,False,False,False,0.02474448628294782,46,1859,0.03177211722815667,116,3651,0.038532961931290625,249,6462,False,False
p127,ARG p9,p127,ANDV ARG p9,I,III,Chilean sequences,Argentinean sequences,False,False,False,0.024704618689581095,46,1862,0.03171998906207274,116,3657,0.0383011583011583,248,6475,False,False
p127,p1316,p127,p1316,I,III,Chilean sequences,Chilean sequences,False,False,False,0.02201933404940924,41,1862,0.03418102269619907,125,3657,0.03819709702062643,250,6545,False,False
p127,CHI-Hu13724 P2,p127,ANDV CHI-Hu13724 P2,I,III,Chilean sequences,Chilean sequences,False,False,False,0.023681377825618945,44,1858,0.035821711785616626,131,3657,0.03987167736021998,261,6546,False,False
p127,p136,p127,p136,I,III,Chilean sequences,Chilean sequences,False,False,False,0.02309344790547798,43,1862,0.035821711785616626,131,3657,0.03985949908368967,261,6548,False,False
p127,p137,p127,p137,I,III,Chilean sequences,Chilean sequences,False,False,False,0.023168103448275863,43,1856,0.03585112205801861,131,3654,0.039877769289533994,261,6545,False,False
p127,CHI-Hu13724 P1,p127,ANDV CHI-Hu13724 P1,I,III,Chilean sequences,Chilean sequences,False,False,False,0.023118279569892472,43,1860,0.035821711785616626,131,3657,0.03985949908368967,261,6548,False,False
p127,p1059,p127,p1059,I,III,Chilean sequences,Chilean sequences,False,True,False,0.02309344790547798,43,1862,0.03800929723817337,139,3657,0.039718912312862814,260,6546,False,False
p127,NRC-4/18,p127,ANDV NRC-4/18,I,III,Chilean sequences,Argentinean sequences,False,True,False,0.023668639053254437,44,1859,0.03621399176954732,132,3645,0.03774449877750611,247,6544,False,False
p127,NRC-3/18,p127,ANDV NRC-3/18,I,III,Chilean sequences,Argentinean sequences,False,True,False,0.023758099352051837,44,1852,0.035949506037321624,131,3644,0.03777335984095427,247,6539,False,False
p127,132D,p127,132D,I,III,Chilean sequences,Chilean sequences,False,True,False,0.026486486486486487,49,1850,0.04072647220693451,148,3634,0.04085692425401683,267,6535,False,False
p127,p1239,p127,p1239,I,III,Chilean sequences,Chilean sequences,False,True,False,0.025806451612903226,48,1860,0.03726027397260274,136,3650,0.03942542787286064,258,6544,False,False
p127,p1242,p127,p1242,I,III,Chilean sequences,Chilean sequences,False,True,False,0.02798708288482239,52,1858,0.03806133625410734,139,3652,0.039572192513368985,259,6545,False,False
p127,p931,p127,p931,I,III,Chilean sequences,Chilean sequences,False,True,False,0.02953813104189044,55,1862,0.03806133625410734,139,3652,0.03850855745721271,252,6544,False,False
p127,p1236,p127,p1236,I,III,Chilean sequences,Chilean sequences,False,True,False,0.0263724434876211,49,1858,0.03639846743295019,133,3654,0.04233463035019455,272,6425,True,False
p127,cruise,p127,France-Case 9,I,III,Chilean sequences,Cruise ship outbreak sequences,False,True,False,0.027522935779816515,51,1853,0.03758573388203018,137,3645,0.03941940412528648,258,6545,False,True
p127,cruise,p127,Spain-Case 10,I,III,Chilean sequences,Cruise ship outbreak sequences,False,True,False,0.027612344342176503,51,1847,0.037544532748698276,137,3649,0.03945557424682673,258,6539,False,True
p127,cruise,p127,Spain-Case 12,I,III,Chilean sequences,Cruise ship outbreak sequences,False,True,False,0.027612344342176503,51,1847,0.037544532748698276,137,3649,0.03945557424682673,258,6539,False,True
p127,Switzerland-Case 7,p127,Switzerland-Case 7,I,III,Chilean sequences,Cruise ship outbreak sequences,False,True,False,0.027612344342176503,51,1847,0.037544532748698276,137,3649,0.039554062309102016,259,6548,False,True
p127,cruise,p127,Netherlands-Case 6,I,III,Chilean sequences,Cruise ship outbreak sequences,False,True,False,0.027991218441273325,51,1822,0.03779310344827586,137,3625,0.039298473530367,242,6158,False,True
p127,cruise,p127,Netherlands-Case 5,I,III,Chilean sequences,Cruise ship outbreak sequences,False,True,False,0.028317601332593003,51,1801,0.03819151923616962,136,3561,0.03941267387944358,255,6470,False,True
p127,cruise,p127,Johannesburg-Case 2,I,III,Chilean sequences,Cruise ship outbreak sequences,False,True,False,0.028993746446844798,51,1759,0.03790813503043719,137,3614,0.040074268915364385,259,6463,False,True
p127,cruise,p127,Johannesburg-Case 3,I,III,Chilean sequences,Cruise ship outbreak sequences,False,True,False,0.02901023890784983,51,1758,0.0378724589250905,136,3591,0.03955841766329347,258,6522,False,True
p127,cruise,p127,Canada-Case 11_NPswab,I,III,Chilean sequences,Cruise ship outbreak sequences,False,True,False,0.03016970458830924,48,1591,0.03783102143757881,120,3172,0.039803439803439804,243,6105,False,True
p127,cruise,p127,Canada-Case 11_blood,I,III,Chilean sequences,Cruise ship outbreak sequences,False,True,False,0.029545454545454545,52,1760,0.03811659192825112,136,3568,0.03950807071483474,257,6505,False,True
p1427,p1430,p1427,p1430,I,I,Chilean sequences,Chilean sequences,False,False,True,0.0016085790884718498,3,1865,0.005185589519650655,19,3664,0.004573170731707317,30,6560,False,False
p1427,ANDV-CH-LS-2016,p1427,ANDV-CH-LS-2016,I,I,Chilean sequences,Chilean sequences,False,False,True,0.002230897936419409,4,1793,0.005823627287853577,21,3606,0.005739365293720459,34,5924,False,False
p1427,ANDV-CH-LS-2022,p1427,ANDV-CH-LS-2022,I,I,Chilean sequences,Chilean sequences,False,False,True,0.0022727272727272726,4,1760,0.006427110721589249,22,3423,0.005446099631587378,34,6243,False,False
p1427,ARG p19,p1427,ANDV ARG p19,I,III,Chilean sequences,Argentinean sequences,False,False,False,0.02147074610842727,40,1863,0.028446389496717725,104,3656,0.037065637065637064,240,6475,False,False
p1427,ARG p3,p1427,ANDV ARG p3,I,III,Chilean sequences,Argentinean sequences,False,False,False,0.02106969205834684,39,1851,0.02823464912280702,103,3648,0.03652200488997555,239,6544,False,False
p1427,ARG-M.a.,p1427,ANDV ARG-M.a.,I,III,Chilean sequences,Argentinean sequences,False,False,False,0.021540118470651588,40,1857,0.02821144891810463,103,3651,0.03698545341999381,239,6462,False,False
p1427,ARG p9,p1427,ANDV ARG p9,I,III,Chilean sequences,Argentinean sequences,False,False,False,0.021505376344086023,40,1860,0.028165162701668033,103,3657,0.03691119691119691,239,6475,False,False
p1427,p1316,p1427,p1316,I,III,Chilean sequences,Chilean sequences,False,False,False,0.01881720430107527,35,1860,0.030626196335794366,112,3657,0.035855965822398535,235,6554,False,False
p1427,CHI-Hu13724 P2,p1427,ANDV CHI-Hu13724 P2,I,III,Chilean sequences,Chilean sequences,False,False,False,0.020474137931034482,38,1856,0.03226688542521192,118,3657,0.03813882532418002,250,6555,False,False
p1427,p136,p1427,p136,I,III,Chilean sequences,Chilean sequences,False,False,False,0.01984978540772532,37,1864,0.03226688542521192,118,3657,0.03813300793166565,250,6556,False,False
p1427,p137,p1427,p137,I,III,Chilean sequences,Chilean sequences,False,False,False,0.019946091644204852,37,1855,0.03229337712096333,118,3654,0.03817376698732631,250,6549,False,False
p1427,CHI-Hu13724 P1,p1427,ANDV CHI-Hu13724 P1,I,III,Chilean sequences,Chilean sequences,False,False,False,0.01991388589881593,37,1858,0.03220524017467249,118,3664,0.038109756097560975,250,6560,False,False
p1427,p1059,p1427,p1059,I,III,Chilean sequences,Chilean sequences,False,True,False,0.01989247311827957,37,1860,0.034388646288209604,126,3664,0.03585049580472922,235,6555,False,False
p1427,NRC-4/18,p1427,ANDV NRC-4/18,I,III,Chilean sequences,Argentinean sequences,False,True,False,0.02046311254711901,38,1857,0.03209876543209877,117,3645,0.03484107579462103,228,6544,False,False
p1427,NRC-3/18,p1427,ANDV NRC-3/18,I,III,Chilean sequences,Argentinean sequences,False,True,False,0.02054054054054054,38,1850,0.031833150384193196,116,3644,0.03486238532110092,228,6540,False,False
p1427,132D,p1427,132D,I,III,Chilean sequences,Chilean sequences,False,True,False,0.022714981070849107,42,1849,0.036598789212988446,133,3634,0.0379495026778883,248,6535,False,False
p1427,p1239,p1427,p1239,I,III,Chilean sequences,Chilean sequences,False,True,False,0.022066738428417654,41,1858,0.03287671232876712,120,3650,0.035861437509537616,235,6553,False,False
p1427,p1242,p1427,p1242,I,III,Chilean sequences,Chilean sequences,False,True,False,0.025323275862068964,47,1856,0.03450164293537788,126,3652,0.03570338724443088,234,6554,False,False
p1427,p931,p1427,p931,I,III,Chilean sequences,Chilean sequences,False,True,False,0.025737265415549597,48,1865,0.03450164293537788,126,3652,0.03494582633908134,229,6553,False,False
p1427,p1236,p1427,p1236,I,III,Chilean sequences,Chilean sequences,False,True,False,0.022629310344827586,42,1856,0.03284072249589491,120,3654,0.03953307392996109,254,6425,True,False
p1427,cruise,p1427,France-Case 9,I,III,Chilean sequences,Cruise ship outbreak sequences,False,True,False,0.023758099352051837,44,1852,0.03347050754458162,122,3645,0.036516424751718866,239,6545,False,True
p1427,cruise,p1427,Spain-Case 10,I,III,Chilean sequences,Cruise ship outbreak sequences,False,True,False,0.023822414726583648,44,1847,0.033433817484242255,122,3649,0.036549931182137944,239,6539,False,True
p1427,cruise,p1427,Spain-Case 12,I,III,Chilean sequences,Cruise ship outbreak sequences,False,True,False,0.023822414726583648,44,1847,0.033433817484242255,122,3649,0.036549931182137944,239,6539,False,True
p1427,Switzerland-Case 7,p1427,Switzerland-Case 7,I,III,Chilean sequences,Cruise ship outbreak sequences,False,True,False,0.023822414726583648,44,1847,0.033433817484242255,122,3649,0.036585365853658534,240,6560,False,True
p1427,cruise,p1427,Netherlands-Case 6,I,III,Chilean sequences,Cruise ship outbreak sequences,False,True,False,0.024149286498353458,44,1822,0.0336551724137931,122,3625,0.036862617733030206,227,6158,False,True
p1427,cruise,p1427,Netherlands-Case 5,I,III,Chilean sequences,Cruise ship outbreak sequences,False,True,False,0.024430871737923375,44,1801,0.033979219320415616,121,3561,0.03678516228748068,238,6470,False,True
p1427,cruise,p1427,Johannesburg-Case 2,I,III,Chilean sequences,Cruise ship outbreak sequences,False,True,False,0.025014212620807278,44,1759,0.033757609297177645,122,3614,0.036825003868172675,238,6463,False,True
p1427,cruise,p1427,Johannesburg-Case 3,I,III,Chilean sequences,Cruise ship outbreak sequences,False,True,False,0.02502844141069397,44,1758,0.03369534948482317,121,3591,0.03664520085863232,239,6522,False,True
p1427,cruise,p1427,Canada-Case 11_NPswab,I,III,Chilean sequences,Cruise ship outbreak sequences,False,True,False,0.025769956002514142,41,1591,0.032471626733921816,103,3172,0.036855036855036855,225,6105,False,True
p1427,cruise,p1427,Canada-Case 11_blood,I,III,Chilean sequences,Cruise ship outbreak sequences,False,True,False,0.02556818181818182,45,1760,0.03391255605381166,121,3568,0.03689469638739431,240,6505,False,True
p1430,ANDV-CH-LS-2016,p1430,ANDV-CH-LS-2016,I,I,Chilean sequences,Chilean sequences,False,False,True,0.0005577244841048522,1,1793,0.0011092623405435386,4,3606,0.0015192437542201215,9,5924,False,False
p1430,ANDV-CH-LS-2022,p1430,ANDV-CH-LS-2022,I,I,Chilean sequences,Chilean sequences,False,False,True,0.0005681818181818182,1,1760,0.0017528483786152498,6,3423,0.0012814352074323242,8,6243,False,False
p1430,ARG p19,p1430,ANDV ARG p19,I,III,Chilean sequences,Argentinean sequences,False,False,False,0.021948608137044967,41,1868,0.027049180327868853,99,3660,0.037065637065637064,240,6475,False,False
p1430,ARG p3,p1430,ANDV ARG p3,I,III,Chilean sequences,Argentinean sequences,False,False,False,0.021551724137931036,40,1856,0.02683461117196057,98,3652,0.03652200488997555,239,6544,False,False
p1430,ARG-M.a.,p1430,ANDV ARG-M.a.,I,III,Chilean sequences,Argentinean sequences,False,False,False,0.02201933404940924,41,1862,0.02684196110654615,98,3651,0.03698545341999381,239,6462,False,False
p1430,ARG p9,p1430,ANDV ARG p9,I,III,Chilean sequences,Argentinean sequences,False,False,False,0.02198391420911528,41,1865,0.02676864244741874,98,3661,0.03691119691119691,239,6475,False,False
p1430,p1316,p1430,p1316,I,III,Chilean sequences,Chilean sequences,False,False,False,0.01933404940923738,36,1862,0.02924296255807598,107,3659,0.035855965822398535,235,6554,False,False
p1430,CHI-Hu13724 P2,p1430,ANDV CHI-Hu13724 P2,I,III,Chilean sequences,Chilean sequences,False,False,False,0.02099031216361679,39,1858,0.0308827548510522,113,3659,0.038443935926773455,252,6555,False,False
p1430,p136,p1430,p136,I,III,Chilean sequences,Chilean sequences,False,False,False,0.020364415862808145,38,1866,0.03089964451736396,113,3657,0.03843807199511898,252,6556,False,False
p1430,p137,p1430,p137,I,III,Chilean sequences,Chilean sequences,False,False,False,0.020474137931034482,38,1856,0.030925013683634373,113,3654,0.03847915712322492,252,6549,False,False
p1430,CHI-Hu13724 P1,p1430,ANDV CHI-Hu13724 P1,I,III,Chilean sequences,Chilean sequences,False,False,False,0.020397208803005905,38,1863,0.03084061135371179,113,3664,0.03841463414634146,252,6560,False,False
p1430,p1059,p1430,p1059,I,III,Chilean sequences,Chilean sequences,False,True,False,0.02037533512064343,38,1865,0.03356986899563319,123,3664,0.03646071700991609,239,6555,False,False
p1430,NRC-4/18,p1430,ANDV NRC-4/18,I,III,Chilean sequences,Argentinean sequences,False,True,False,0.02097902097902098,39,1859,0.03123287671232877,114,3650,0.035452322738386305,232,6544,False,False
p1430,NRC-3/18,p1430,ANDV NRC-3/18,I,III,Chilean sequences,Argentinean sequences,False,True,False,0.021024258760107817,39,1855,0.030984370715656705,113,3647,0.03547400611620795,232,6540,False,False
p1430,132D,p1430,132D,I,III,Chilean sequences,Chilean sequences,False,True,False,0.023243243243243242,43,1850,0.03577325261419923,130,3634,0.03810252486610559,249,6535,False,False
p1430,p1239,p1430,p1239,I,III,Chilean sequences,Chilean sequences,False,True,False,0.02254428341384863,42,1863,0.031506849315068496,115,3650,0.036166641233023045,237,6553,False,False
p1430,p1242,p1430,p1242,I,III,Chilean sequences,Chilean sequences,False,True,False,0.025792584631918324,48,1861,0.03313253012048193,121,3652,0.03600854440036619,236,6554,False,False
p1430,p931,p1430,p931,I,III,Chilean sequences,Chilean sequences,False,True,False,0.026203208556149733,49,1870,0.03313253012048193,121,3652,0.03525103006256676,231,6553,False,False
p1430,p1236,p1430,p1236,I,III,Chilean sequences,Chilean sequences,False,True,False,0.0231058570660935,43,1861,0.032567049808429116,119,3654,0.03922178988326848,252,6425,True,False
p1430,cruise,p1430,France-Case 9,I,III,Chilean sequences,Cruise ship outbreak sequences,False,True,False,0.024284943335132217,45,1853,0.03205479452054794,117,3650,0.036516424751718866,239,6545,False,True
p1430,cruise,p1430,Spain-Case 10,I,III,Chilean sequences,Cruise ship outbreak sequences,False,True,False,0.024363833243096916,45,1847,0.03206357906275692,117,3649,0.036549931182137944,239,6539,False,True
p1430,cruise,p1430,Spain-Case 12,I,III,Chilean sequences,Cruise ship outbreak sequences,False,True,False,0.024363833243096916,45,1847,0.03206357906275692,117,3649,0.036549931182137944,239,6539,False,True
p1430,Switzerland-Case 7,p1430,Switzerland-Case 7,I,III,Chilean sequences,Cruise ship outbreak sequences,False,True,False,0.024363833243096916,45,1847,0.03206357906275692,117,3649,0.036585365853658534,240,6560,False,True
p1430,cruise,p1430,Netherlands-Case 6,I,III,Chilean sequences,Cruise ship outbreak sequences,False,True,False,0.02469813391877058,45,1822,0.032275862068965516,117,3625,0.03670022734654108,226,6158,False,True
p1430,cruise,p1430,Netherlands-Case 5,I,III,Chilean sequences,Cruise ship outbreak sequences,False,True,False,0.02498611882287618,45,1801,0.03257511934849761,116,3561,0.03678516228748068,238,6470,False,True
p1430,cruise,p1430,Johannesburg-Case 2,I,III,Chilean sequences,Cruise ship outbreak sequences,False,True,False,0.025582717453098352,45,1759,0.03237410071942446,117,3614,0.036825003868172675,238,6463,False,True
p1430,cruise,p1430,Johannesburg-Case 3,I,III,Chilean sequences,Cruise ship outbreak sequences,False,True,False,0.025597269624573378,45,1758,0.03230297967140072,116,3591,0.03664520085863232,239,6522,False,True
p1430,cruise,p1430,Canada-Case 11_NPswab,I,III,Chilean sequences,Cruise ship outbreak sequences,False,True,False,0.026398491514770583,42,1591,0.031525851197982346,100,3172,0.03701883701883702,226,6105,False,True
p1430,cruise,p1430,Canada-Case 11_blood,I,III,Chilean sequences,Cruise ship outbreak sequences,False,True,False,0.026136363636363635,46,1760,0.032511210762331835,116,3568,0.03689469638739431,240,6505,False,True
ANDV-CH-LS-2016,ANDV-CH-LS-2022,ANDV-CH-LS-2016,ANDV-CH-LS-2022,I,I,Chilean sequences,Chilean sequences,False,False,True,0.0,0,1760,0.0005842827928717499,2,3423,0.00016883336147222692,1,5923,False,False
ANDV-CH-LS-2016,ARG p19,ANDV-CH-LS-2016,ANDV ARG p19,I,III,Chilean sequences,Argentinean sequences,False,False,False,0.02286670384829894,41,1793,0.028008874098724348,101,3606,0.036968264686022954,219,5924,False,False
ANDV-CH-LS-2016,ARG p3,ANDV-CH-LS-2016,ANDV ARG p3,I,III,Chilean sequences,Argentinean sequences,False,False,False,0.022308979364194088,40,1793,0.027731558513588463,100,3606,0.036799459824442944,218,5924,False,False
ANDV-CH-LS-2016,ARG-M.a.,ANDV-CH-LS-2016,ANDV ARG-M.a.,I,III,Chilean sequences,Argentinean sequences,False,False,False,0.02286670384829894,41,1793,0.027731558513588463,100,3606,0.036799459824442944,218,5924,False,False
ANDV-CH-LS-2016,ARG p9,ANDV-CH-LS-2016,ANDV ARG p9,I,III,Chilean sequences,Argentinean sequences,False,False,False,0.02286670384829894,41,1793,0.027731558513588463,100,3606,0.036799459824442944,218,5924,False,False
ANDV-CH-LS-2016,p1316,ANDV-CH-LS-2016,p1316,I,III,Chilean sequences,Chilean sequences,False,False,False,0.020078081427774678,36,1793,0.030227398779811426,109,3606,0.036968264686022954,219,5924,False,False
ANDV-CH-LS-2016,CHI-Hu13724 P2,ANDV-CH-LS-2016,ANDV CHI-Hu13724 P2,I,III,Chilean sequences,Chilean sequences,False,False,False,0.021751254880089235,39,1793,0.03189129229062673,115,3606,0.03933153274814315,233,5924,False,False
ANDV-CH-LS-2016,p136,ANDV-CH-LS-2016,p136,I,III,Chilean sequences,Chilean sequences,False,False,False,0.021193530395984383,38,1793,0.03189129229062673,115,3606,0.03933153274814315,233,5924,False,False
ANDV-CH-LS-2016,p137,ANDV-CH-LS-2016,p137,I,III,Chilean sequences,Chilean sequences,False,False,False,0.021193530395984383,38,1793,0.03189129229062673,115,3606,0.03933153274814315,233,5924,False,False
ANDV-CH-LS-2016,CHI-Hu13724 P1,ANDV-CH-LS-2016,ANDV CHI-Hu13724 P1,I,III,Chilean sequences,Chilean sequences,False,False,False,0.021193530395984383,38,1793,0.03189129229062673,115,3606,0.03933153274814315,233,5924,False,False
ANDV-CH-LS-2016,p1059,ANDV-CH-LS-2016,p1059,I,III,Chilean sequences,Chilean sequences,False,True,False,0.021751254880089235,39,1793,0.03466444814198558,125,3606,0.03646185010128292,216,5924,False,False
ANDV-CH-LS-2016,NRC-4/18,ANDV-CH-LS-2016,ANDV NRC-4/18,I,III,Chilean sequences,Argentinean sequences,False,True,False,0.022308979364194088,40,1793,0.03216860787576262,116,3606,0.03528617254769542,209,5923,False,False
ANDV-CH-LS-2016,NRC-3/18,ANDV-CH-LS-2016,ANDV NRC-3/18,I,III,Chilean sequences,Argentinean sequences,False,True,False,0.022308979364194088,40,1793,0.03189129229062673,115,3606,0.035280216070222824,209,5924,False,False
ANDV-CH-LS-2016,132D,ANDV-CH-LS-2016,132D,I,III,Chilean sequences,Chilean sequences,False,True,False,0.024553571428571428,44,1792,0.036605657237936774,132,3606,0.03882511816340311,230,5924,False,False
ANDV-CH-LS-2016,p1239,ANDV-CH-LS-2016,p1239,I,III,Chilean sequences,Chilean sequences,False,True,False,0.023982152816508645,43,1793,0.0324459234608985,117,3606,0.037474679270763,222,5924,False,False
ANDV-CH-LS-2016,p1242,ANDV-CH-LS-2016,p1242,I,III,Chilean sequences,Chilean sequences,False,True,False,0.027328499721137756,49,1793,0.03410981697171381,123,3606,0.03713706954760297,220,5924,False,False
ANDV-CH-LS-2016,p931,ANDV-CH-LS-2016,p931,I,III,Chilean sequences,Chilean sequences,False,True,False,0.02788622420524261,50,1793,0.03410981697171381,123,3606,0.036293045239702906,215,5924,False,False
ANDV-CH-LS-2016,p1236,ANDV-CH-LS-2016,p1236,I,III,Chilean sequences,Chilean sequences,False,True,False,0.024539877300613498,44,1793,0.03355518580144204,121,3606,0.037149611617696726,220,5922,True,False
ANDV-CH-LS-2016,cruise,ANDV-CH-LS-2016,France-Case 9,I,III,Chilean sequences,Cruise ship outbreak sequences,False,True,False,0.025727069351230425,46,1788,0.03300055463117027,119,3606,0.03713706954760297,220,5924,False,True
ANDV-CH-LS-2016,cruise,ANDV-CH-LS-2016,Spain-Case 10,I,III,Chilean sequences,Cruise ship outbreak sequences,False,True,False,0.025727069351230425,46,1788,0.03300055463117027,119,3606,0.03713706954760297,220,5924,False,True
ANDV-CH-LS-2016,cruise,ANDV-CH-LS-2016,Spain-Case 12,I,III,Chilean sequences,Cruise ship outbreak sequences,False,True,False,0.025727069351230425,46,1788,0.03300055463117027,119,3606,0.03713706954760297,220,5924,False,True
ANDV-CH-LS-2016,Switzerland-Case 7,ANDV-CH-LS-2016,Switzerland-Case 7,I,III,Chilean sequences,Cruise ship outbreak sequences,False,True,False,0.025727069351230425,46,1788,0.03300055463117027,119,3606,0.03730587440918298,221,5924,False,True
ANDV-CH-LS-2016,cruise,ANDV-CH-LS-2016,Netherlands-Case 6,I,III,Chilean sequences,Cruise ship outbreak sequences,False,True,False,0.025727069351230425,46,1788,0.03300055463117027,119,3606,0.03710278714716847,209,5633,False,True
ANDV-CH-LS-2016,cruise,ANDV-CH-LS-2016,Netherlands-Case 5,I,III,Chilean sequences,Cruise ship outbreak sequences,False,True,False,0.02593010146561443,46,1774,0.033136759337264815,118,3561,0.03730587440918298,221,5924,False,True
ANDV-CH-LS-2016,cruise,ANDV-CH-LS-2016,Johannesburg-Case 2,I,III,Chilean sequences,Cruise ship outbreak sequences,False,True,False,0.026151222285389426,46,1759,0.03304637600666482,119,3601,0.03720615592761711,220,5913,False,True
ANDV-CH-LS-2016,cruise,ANDV-CH-LS-2016,Johannesburg-Case 3,I,III,Chilean sequences,Cruise ship outbreak sequences,False,True,False,0.026166097838452786,46,1758,0.0329608938547486,118,3580,0.03715588583009627,220,5921,False,True
ANDV-CH-LS-2016,cruise,ANDV-CH-LS-2016,Canada-Case 11_NPswab,I,III,Chilean sequences,Cruise ship outbreak sequences,False,True,False,0.02702702702702703,43,1591,0.032471626733921816,103,3172,0.0374276964954066,220,5878,False,True
ANDV-CH-LS-2016,cruise,ANDV-CH-LS-2016,Canada-Case 11_blood,I,III,Chilean sequences,Cruise ship outbreak sequences,False,True,False,0.026704545454545453,47,1760,0.033071748878923765,118,3568,0.03730587440918298,221,5924,False,True
ANDV-CH-LS-2022,ARG p19,ANDV-CH-LS-2022,ANDV ARG p19,I,III,Chilean sequences,Argentinean sequences,False,False,False,0.022727272727272728,40,1760,0.028045574057843997,96,3423,0.03668108281275028,229,6243,False,False
ANDV-CH-LS-2022,ARG p3,ANDV-CH-LS-2022,ANDV ARG p3,I,III,Chilean sequences,Argentinean sequences,False,False,False,0.022727272727272728,40,1760,0.02775343266140812,95,3423,0.03652090341182124,228,6243,False,False
ANDV-CH-LS-2022,ARG-M.a.,ANDV-CH-LS-2022,ANDV ARG-M.a.,I,III,Chilean sequences,Argentinean sequences,False,False,False,0.023295454545454546,41,1760,0.02775343266140812,95,3423,0.03652090341182124,228,6243,False,False
ANDV-CH-LS-2022,ARG p9,ANDV-CH-LS-2022,ANDV ARG p9,I,III,Chilean sequences,Argentinean sequences,False,False,False,0.023295454545454546,41,1760,0.02775343266140812,95,3423,0.03652090341182124,228,6243,False,False
ANDV-CH-LS-2022,p1316,ANDV-CH-LS-2022,p1316,I,III,Chilean sequences,Chilean sequences,False,False,False,0.020454545454545454,36,1760,0.030382705229330995,104,3423,0.03652090341182124,228,6243,False,False
ANDV-CH-LS-2022,CHI-Hu13724 P2,ANDV-CH-LS-2022,ANDV CHI-Hu13724 P2,I,III,Chilean sequences,Chilean sequences,False,False,False,0.02159090909090909,38,1760,0.032135553607946246,110,3423,0.038603235623898766,241,6243,False,False
ANDV-CH-LS-2022,p136,ANDV-CH-LS-2022,p136,I,III,Chilean sequences,Chilean sequences,False,False,False,0.021022727272727273,37,1760,0.032135553607946246,110,3423,0.038603235623898766,241,6243,False,False
ANDV-CH-LS-2022,p137,ANDV-CH-LS-2022,p137,I,III,Chilean sequences,Chilean sequences,False,False,False,0.021022727272727273,37,1760,0.032135553607946246,110,3423,0.038603235623898766,241,6243,False,False
ANDV-CH-LS-2022,CHI-Hu13724 P1,ANDV-CH-LS-2022,ANDV CHI-Hu13724 P1,I,III,Chilean sequences,Chilean sequences,False,False,False,0.021022727272727273,37,1760,0.032135553607946246,110,3423,0.038603235623898766,241,6243,False,False
ANDV-CH-LS-2022,p1059,ANDV-CH-LS-2022,p1059,I,III,Chilean sequences,Chilean sequences,False,True,False,0.02215909090909091,39,1760,0.035056967572304996,120,3423,0.03604036520903412,225,6243,False,False
ANDV-CH-LS-2022,NRC-4/18,ANDV-CH-LS-2022,ANDV NRC-4/18,I,III,Chilean sequences,Argentinean sequences,False,True,False,0.022727272727272728,40,1760,0.03242769500438212,111,3423,0.03524511374559436,220,6242,False,False
ANDV-CH-LS-2022,NRC-3/18,ANDV-CH-LS-2022,ANDV NRC-3/18,I,III,Chilean sequences,Argentinean sequences,False,True,False,0.022727272727272728,40,1760,0.032135553607946246,110,3423,0.03523946820438892,220,6243,False,False
ANDV-CH-LS-2022,132D,ANDV-CH-LS-2022,132D,I,III,Chilean sequences,Chilean sequences,False,True,False,0.025014212620807278,44,1759,0.03710195734735612,127,3423,0.038282876822040686,239,6243,False,False
ANDV-CH-LS-2022,p1239,ANDV-CH-LS-2022,p1239,I,III,Chilean sequences,Chilean sequences,False,True,False,0.024431818181818183,43,1760,0.032719836400818,112,3423,0.03700144161460836,231,6243,False,False
ANDV-CH-LS-2022,p1242,ANDV-CH-LS-2022,p1242,I,III,Chilean sequences,Chilean sequences,False,True,False,0.02784090909090909,49,1760,0.03418054338299737,117,3423,0.03668108281275028,229,6243,False,False
ANDV-CH-LS-2022,p931,ANDV-CH-LS-2022,p931,I,III,Chilean sequences,Chilean sequences,False,True,False,0.02784090909090909,49,1760,0.034472684779433244,118,3423,0.03604036520903412,225,6243,False,False
ANDV-CH-LS-2022,p1236,ANDV-CH-LS-2022,p1236,I,III,Chilean sequences,Chilean sequences,False,True,False,0.025,44,1760,0.033304119193689745,114,3423,0.03701329915077712,231,6241,True,False
ANDV-CH-LS-2022,cruise,ANDV-CH-LS-2022,France-Case 9,I,III,Chilean sequences,Cruise ship outbreak sequences,False,True,False,0.02621082621082621,46,1755,0.032719836400818,112,3423,0.03700144161460836,231,6243,False,True
ANDV-CH-LS-2022,cruise,ANDV-CH-LS-2022,Spain-Case 10,I,III,Chilean sequences,Cruise ship outbreak sequences,False,True,False,0.02621082621082621,46,1755,0.032719836400818,112,3423,0.03700144161460836,231,6243,False,True
ANDV-CH-LS-2022,cruise,ANDV-CH-LS-2022,Spain-Case 12,I,III,Chilean sequences,Cruise ship outbreak sequences,False,True,False,0.02621082621082621,46,1755,0.032719836400818,112,3423,0.03700144161460836,231,6243,False,True
ANDV-CH-LS-2022,Switzerland-Case 7,ANDV-CH-LS-2022,Switzerland-Case 7,I,III,Chilean sequences,Cruise ship outbreak sequences,False,True,False,0.02621082621082621,46,1755,0.032719836400818,112,3423,0.037161621015537404,232,6243,False,True
ANDV-CH-LS-2022,cruise,ANDV-CH-LS-2022,Netherlands-Case 6,I,III,Chilean sequences,Cruise ship outbreak sequences,False,True,False,0.02621082621082621,46,1755,0.032719836400818,112,3423,0.036986995439959466,219,5921,False,True
ANDV-CH-LS-2022,cruise,ANDV-CH-LS-2022,Netherlands-Case 5,I,III,Chilean sequences,Cruise ship outbreak sequences,False,True,False,0.026421596783457783,46,1741,0.032753024491000295,111,3389,0.03708460427034837,231,6229,False,True
ANDV-CH-LS-2022,cruise,ANDV-CH-LS-2022,Johannesburg-Case 2,I,III,Chilean sequences,Cruise ship outbreak sequences,False,True,False,0.026651216685979143,46,1726,0.032767700409596257,112,3418,0.03706675224646983,231,6232,False,True
ANDV-CH-LS-2022,cruise,ANDV-CH-LS-2022,Johannesburg-Case 3,I,III,Chilean sequences,Cruise ship outbreak sequences,False,True,False,0.02666666666666667,46,1725,0.032675890491610245,111,3397,0.03701923076923077,231,6240,False,True
ANDV-CH-LS-2022,cruise,ANDV-CH-LS-2022,Canada-Case 11_NPswab,I,III,Chilean sequences,Cruise ship outbreak sequences,False,True,False,0.027599486521181,43,1558,0.03206412825651302,96,2994,0.037263910158244005,219,5877,False,True
ANDV-CH-LS-2022,cruise,ANDV-CH-LS-2022,Canada-Case 11_blood,I,III,Chilean sequences,Cruise ship outbreak sequences,False,True,False,0.02721482339316734,47,1727,0.032753024491000295,111,3389,0.037161621015537404,232,6243,False,True
ARG p19,ARG p3,ANDV ARG p19,ANDV ARG p3,III,III,Argentinean sequences,Argentinean sequences,False,False,True,0.0016120365394948952,3,1861,0.0002738225629791895,1,3652,0.0004633204633204633,3,6475,False,False
ARG p19,ARG-M.a.,ANDV ARG p19,ANDV ARG-M.a.,III,III,Argentinean sequences,Argentinean sequences,False,False,True,0.0021424745581146223,4,1867,0.0002738975623116954,1,3651,0.00030950170225936243,2,6462,False,False
ARG p19,ARG p9,ANDV ARG p19,ANDV ARG p9,III,III,Argentinean sequences,Argentinean sequences,False,False,True,0.0021390374331550803,4,1870,0.000273224043715847,1,3660,0.00015444015444015445,1,6475,False,False
ARG p19,p1316,ANDV ARG p19,p1316,III,III,Argentinean sequences,Chilean sequences,False,False,True,0.004828326180257511,9,1864,0.004373974849644614,16,3658,0.006486486486486486,42,6475,False,False
ARG p19,CHI-Hu13724 P2,ANDV ARG p19,ANDV CHI-Hu13724 P2,III,III,Argentinean sequences,Chilean sequences,False,False,True,0.007526881720430108,14,1860,0.0065609622744669215,24,3658,0.008957528957528958,58,6475,False,False
ARG p19,p136,ANDV ARG p19,p136,III,III,Argentinean sequences,Chilean sequences,False,False,True,0.006963042313872523,13,1867,0.006564551422319475,24,3656,0.008957528957528958,58,6475,False,False
ARG p19,p137,ANDV ARG p19,p137,III,III,Argentinean sequences,Chilean sequences,False,False,True,0.006996770721205597,13,1858,0.006568144499178982,24,3654,0.008957528957528958,58,6475,False,False
ARG p19,CHI-Hu13724 P1,ANDV ARG p19,ANDV CHI-Hu13724 P1,III,III,Argentinean sequences,Chilean sequences,False,False,True,0.006959314775160599,13,1868,0.006564551422319475,24,3656,0.008957528957528958,58,6475,False,False
ARG p19,p1059,ANDV ARG p19,p1059,III,III,Argentinean sequences,Chilean sequences,False,True,True,0.014469453376205787,27,1866,0.022702407002188184,83,3656,0.023938223938223938,155,6475,False,False
ARG p19,NRC-4/18,ANDV ARG p19,ANDV NRC-4/18,III,III,Argentinean sequences,Argentinean sequences,False,True,True,0.01506186121570737,28,1859,0.020005480953685942,73,3649,0.021933889403768923,142,6474,False,False
ARG p19,NRC-3/18,ANDV ARG p19,ANDV NRC-3/18,III,III,Argentinean sequences,Argentinean sequences,False,True,True,0.015086206896551725,28,1856,0.019742253907321084,72,3647,0.02193050193050193,142,6475,False,False
ARG p19,132D,ANDV ARG p19,132D,III,III,Argentinean sequences,Chilean sequences,False,True,True,0.017297297297297298,32,1850,0.024215740231150248,88,3634,0.025019305019305018,162,6475,False,False
ARG p19,p1239,ANDV ARG p19,p1239,III,III,Argentinean sequences,Chilean sequences,False,True,True,0.015541264737406217,29,1866,0.021095890410958905,77,3650,0.02471042471042471,160,6475,False,False
ARG p19,p1242,ANDV ARG p19,p1242,III,III,Argentinean sequences,Chilean sequences,False,True,True,0.018776824034334765,35,1864,0.02163198247535597,79,3652,0.024555984555984556,159,6475,False,False
ARG p19,p931,ANDV ARG p19,p931,III,III,Argentinean sequences,Chilean sequences,False,True,True,0.019241047568145375,36,1871,0.022727272727272728,83,3652,0.023474903474903476,152,6475,False,False
ARG p19,p1236,ANDV ARG p19,p1236,III,III,Argentinean sequences,Chilean sequences,False,True,True,0.017167381974248927,32,1864,0.018883415435139574,69,3654,0.029571984435797664,190,6425,True,False
ARG p19,cruise,ANDV ARG p19,France-Case 9,III,III,Argentinean sequences,Cruise ship outbreak sequences,False,True,True,0.019427954668105773,36,1853,0.02110167169087421,77,3649,0.024555984555984556,159,6475,False,True
ARG p19,cruise,ANDV ARG p19,Spain-Case 10,III,III,Argentinean sequences,Cruise ship outbreak sequences,False,True,True,0.01949106659447753,36,1847,0.02110167169087421,77,3649,0.024555984555984556,159,6475,False,True
ARG p19,cruise,ANDV ARG p19,Spain-Case 12,III,III,Argentinean sequences,Cruise ship outbreak sequences,False,True,True,0.01949106659447753,36,1847,0.02110167169087421,77,3649,0.024555984555984556,159,6475,False,True
ARG p19,Switzerland-Case 7,ANDV ARG p19,Switzerland-Case 7,III,III,Argentinean sequences,Cruise ship outbreak sequences,False,True,True,0.01949106659447753,36,1847,0.02110167169087421,77,3649,0.02471042471042471,160,6475,False,True
ARG p19,cruise,ANDV ARG p19,Netherlands-Case 6,III,III,Argentinean sequences,Cruise ship outbreak sequences,False,True,True,0.019758507135016465,36,1822,0.021241379310344827,77,3625,0.023583360628889615,144,6106,False,True
ARG p19,cruise,ANDV ARG p19,Netherlands-Case 5,III,III,Argentinean sequences,Cruise ship outbreak sequences,False,True,True,0.019988895058300944,36,1801,0.02134231957315361,76,3561,0.024633613969441845,158,6414,False,True
ARG p19,cruise,ANDV ARG p19,Johannesburg-Case 2,III,III,Argentinean sequences,Cruise ship outbreak sequences,False,True,True,0.019897669130187607,35,1759,0.021306032097399005,77,3614,0.024480942051440968,158,6454,False,True
ARG p19,cruise,ANDV ARG p19,Johannesburg-Case 3,III,III,Argentinean sequences,Cruise ship outbreak sequences,False,True,True,0.019908987485779295,35,1758,0.021164021164021163,76,3591,0.024567367119901113,159,6472,False,True
ARG p19,cruise,ANDV ARG p19,Canada-Case 11_NPswab,III,III,Argentinean sequences,Cruise ship outbreak sequences,False,True,True,0.021370207416719043,34,1591,0.022068095838587643,70,3172,0.024744308808973936,150,6062,False,True
ARG p19,cruise,ANDV ARG p19,Canada-Case 11_blood,III,III,Argentinean sequences,Cruise ship outbreak sequences,False,True,True,0.020454545454545454,36,1760,0.021300448430493273,76,3568,0.024760136180748994,160,6462,False,True
ARG p3,ARG-M.a.,ANDV ARG p3,ANDV ARG-M.a.,III,III,Argentinean sequences,Argentinean sequences,False,False,True,0.0005373455131649651,1,1861,0.0,0,3645,0.00046425255338904364,3,6462,False,False
ARG p3,ARG p9,ANDV ARG p3,ANDV ARG p9,III,III,Argentinean sequences,Argentinean sequences,False,False,True,0.0005373455131649651,1,1861,0.0,0,3652,0.0003088803088803089,2,6475,False,False
ARG p3,p1316,ANDV ARG p3,p1316,III,III,Argentinean sequences,Chilean sequences,False,False,True,0.00431266846361186,8,1855,0.00410958904109589,15,3650,0.005964214711729622,39,6539,False,False
ARG p3,CHI-Hu13724 P2,ANDV ARG p3,ANDV CHI-Hu13724 P2,III,III,Argentinean sequences,Chilean sequences,False,False,True,0.007008086253369272,13,1855,0.006301369863013699,23,3650,0.008409785932721712,55,6540,False,False
ARG p3,p136,ANDV ARG p3,p136,III,III,Argentinean sequences,Chilean sequences,False,False,True,0.00646900269541779,12,1855,0.006304824561403508,23,3648,0.00840721491898502,55,6542,False,False
ARG p3,p137,ANDV ARG p3,p137,III,III,Argentinean sequences,Chilean sequences,False,False,True,0.006472491909385114,12,1854,0.006306553331505347,23,3647,0.008411072029362287,55,6539,False,False
ARG p3,CHI-Hu13724 P1,ANDV ARG p3,ANDV CHI-Hu13724 P1,III,III,Argentinean sequences,Chilean sequences,False,False,True,0.006448146157979581,12,1861,0.006304824561403508,23,3648,0.008404645476772617,55,6544,False,False
ARG p3,p1059,ANDV ARG p3,p1059,III,III,Argentinean sequences,Chilean sequences,False,True,True,0.014001077005923533,26,1857,0.022478070175438597,82,3648,0.023394495412844038,153,6540,False,False
ARG p3,NRC-4/18,ANDV ARG p3,ANDV NRC-4/18,III,III,Argentinean sequences,Argentinean sequences,False,True,True,0.01457096600107933,27,1853,0.019731433269388872,72,3649,0.021709218773887786,142,6541,False,False
ARG p3,NRC-3/18,ANDV ARG p3,ANDV NRC-3/18,III,III,Argentinean sequences,Argentinean sequences,False,True,True,0.014547413793103448,27,1856,0.01946805593638607,71,3647,0.021712538226299694,142,6540,False,False
ARG p3,132D,ANDV ARG p3,132D,III,III,Argentinean sequences,Chilean sequences,False,True,True,0.016774891774891776,31,1848,0.023940561364887175,87,3634,0.024341702388242497,159,6532,False,False
ARG p3,p1239,ANDV ARG p3,p1239,III,III,Argentinean sequences,Chilean sequences,False,True,True,0.01506186121570737,28,1859,0.02086192698325556,76,3643,0.02401345977363108,157,6538,False,False
ARG p3,p1242,ANDV ARG p3,p1242,III,III,Argentinean sequences,Chilean sequences,False,True,True,0.01828940290478752,34,1859,0.02139917695473251,78,3645,0.02385685884691849,156,6539,False,False
ARG p3,p931,ANDV ARG p3,p931,III,III,Argentinean sequences,Chilean sequences,False,True,True,0.018827326519634213,35,1859,0.022496570644718793,82,3645,0.02278984398898746,149,6538,False,False
ARG p3,p1236,ANDV ARG p3,p1236,III,III,Argentinean sequences,Chilean sequences,False,True,True,0.016675632060247445,31,1859,0.018645462023581024,68,3647,0.029105058365758756,187,6425,True,False
ARG p3,cruise,ANDV ARG p3,France-Case 9,III,III,Argentinean sequences,Cruise ship outbreak sequences,False,True,True,0.018949648077964266,35,1847,0.020827624006577145,76,3649,0.023845918679302965,156,6542,False,True
ARG p3,cruise,ANDV ARG p3,Spain-Case 10,III,III,Argentinean sequences,Cruise ship outbreak sequences,False,True,True,0.018990775908844276,35,1843,0.020839045791061148,76,3647,0.023864157870582835,156,6537,False,True
ARG p3,cruise,ANDV ARG p3,Spain-Case 12,III,III,Argentinean sequences,Cruise ship outbreak sequences,False,True,True,0.018990775908844276,35,1843,0.020839045791061148,76,3647,0.023864157870582835,156,6537,False,True
ARG p3,Switzerland-Case 7,ANDV ARG p3,Switzerland-Case 7,III,III,Argentinean sequences,Cruise ship outbreak sequences,False,True,True,0.018990775908844276,35,1843,0.020839045791061148,76,3647,0.023991442542787286,157,6544,False,True
ARG p3,cruise,ANDV ARG p3,Netherlands-Case 6,III,III,Argentinean sequences,Cruise ship outbreak sequences,False,True,True,0.019209659714599342,35,1822,0.020965517241379312,76,3625,0.022897044494965896,141,6158,False,True
ARG p3,cruise,ANDV ARG p3,Netherlands-Case 5,III,III,Argentinean sequences,Cruise ship outbreak sequences,False,True,True,0.01943364797334814,35,1801,0.02106149957877001,75,3561,0.02396413110698825,155,6468,False,True
ARG p3,cruise,ANDV ARG p3,Johannesburg-Case 2,III,III,Argentinean sequences,Cruise ship outbreak sequences,False,True,True,0.019329164297896533,34,1759,0.021029330381848368,76,3614,0.024137397493424105,156,6463,False,True
ARG p3,cruise,ANDV ARG p3,Johannesburg-Case 3,III,III,Argentinean sequences,Cruise ship outbreak sequences,False,True,True,0.019340159271899887,34,1758,0.020885547201336674,75,3591,0.02391904323827047,156,6522,False,True
ARG p3,cruise,ANDV ARG p3,Canada-Case 11_NPswab,III,III,Argentinean sequences,Cruise ship outbreak sequences,False,True,True,0.020741671904462602,33,1591,0.022068095838587643,70,3172,0.02407862407862408,147,6105,False,True
ARG p3,cruise,ANDV ARG p3,Canada-Case 11_blood,III,III,Argentinean sequences,Cruise ship outbreak sequences,False,True,True,0.019886363636363636,35,1760,0.02102017937219731,75,3568,0.024135280553420447,157,6505,False,True
ARG-M.a.,ARG p9,ANDV ARG-M.a.,ANDV ARG p9,III,III,Argentinean sequences,Argentinean sequences,False,False,True,0.0,0,1868,0.0,0,3651,0.00015475085112968121,1,6462,False,False
ARG-M.a.,p1316,ANDV ARG-M.a.,p1316,III,III,Argentinean sequences,Chilean sequences,False,False,True,0.004836109618484685,9,1861,0.004108463434675432,15,3651,0.0064995357474466105,42,6462,False,False
ARG-M.a.,CHI-Hu13724 P2,ANDV ARG-M.a.,ANDV CHI-Hu13724 P2,III,III,Argentinean sequences,Chilean sequences,False,False,True,0.0064516129032258064,12,1860,0.006299643933168995,23,3651,0.00897554936552151,58,6462,False,False
ARG-M.a.,p136,ANDV ARG-M.a.,p136,III,III,Argentinean sequences,Chilean sequences,False,False,True,0.006985491671144546,13,1861,0.006299643933168995,23,3651,0.00897554936552151,58,6462,False,False
ARG-M.a.,p137,ANDV ARG-M.a.,p137,III,III,Argentinean sequences,Chilean sequences,False,False,True,0.006996770721205597,13,1858,0.006299643933168995,23,3651,0.00897554936552151,58,6462,False,False
ARG-M.a.,CHI-Hu13724 P1,ANDV ARG-M.a.,ANDV CHI-Hu13724 P1,III,III,Argentinean sequences,Chilean sequences,False,False,True,0.006963042313872523,13,1867,0.006299643933168995,23,3651,0.00897554936552151,58,6462,False,False
ARG-M.a.,p1059,ANDV ARG-M.a.,p1059,III,III,Argentinean sequences,Chilean sequences,False,True,True,0.014492753623188406,27,1863,0.022459600109559025,82,3651,0.023986381925100587,155,6462,False,False
ARG-M.a.,NRC-4/18,ANDV ARG-M.a.,ANDV NRC-4/18,III,III,Argentinean sequences,Argentinean sequences,False,True,True,0.01506186121570737,28,1859,0.019769357495881382,72,3642,0.02197802197802198,142,6461,False,False
ARG-M.a.,NRC-3/18,ANDV ARG-M.a.,ANDV NRC-3/18,III,III,Argentinean sequences,Argentinean sequences,False,True,True,0.015086206896551725,28,1856,0.019500137324910738,71,3641,0.021974620860414733,142,6462,False,False
ARG-M.a.,132D,ANDV ARG-M.a.,132D,III,III,Argentinean sequences,Chilean sequences,False,True,True,0.017297297297297298,32,1850,0.023940561364887175,87,3634,0.025069637883008356,162,6462,False,False
ARG-M.a.,p1239,ANDV ARG-M.a.,p1239,III,III,Argentinean sequences,Chilean sequences,False,True,True,0.015549597855227882,29,1865,0.020827624006577145,76,3649,0.024760136180748994,160,6462,False,False
ARG-M.a.,p1242,ANDV ARG-M.a.,p1242,III,III,Argentinean sequences,Chilean sequences,False,True,True,0.018776824034334765,35,1864,0.021364009860312245,78,3651,0.02460538532961931,159,6462,False,False
ARG-M.a.,p931,ANDV ARG-M.a.,p931,III,III,Argentinean sequences,Chilean sequences,False,True,True,0.0193029490616622,36,1865,0.022459600109559025,82,3651,0.023522129371711543,152,6462,False,False
ARG-M.a.,p1236,ANDV ARG-M.a.,p1236,III,III,Argentinean sequences,Chilean sequences,False,True,True,0.01769436997319035,33,1865,0.01862503423719529,68,3651,0.029416342412451363,189,6425,True,False
ARG-M.a.,cruise,ANDV ARG-M.a.,France-Case 9,III,III,Argentinean sequences,Cruise ship outbreak sequences,False,True,True,0.019427954668105773,36,1853,0.02086765513454146,76,3642,0.02460538532961931,159,6462,False,True
ARG-M.a.,cruise,ANDV ARG-M.a.,Spain-Case 10,III,III,Argentinean sequences,Cruise ship outbreak sequences,False,True,True,0.01949106659447753,36,1847,0.020839045791061148,76,3647,0.02460538532961931,159,6462,False,True
ARG-M.a.,cruise,ANDV ARG-M.a.,Spain-Case 12,III,III,Argentinean sequences,Cruise ship outbreak sequences,False,True,True,0.01949106659447753,36,1847,0.020839045791061148,76,3647,0.02460538532961931,159,6462,False,True
ARG-M.a.,Switzerland-Case 7,ANDV ARG-M.a.,Switzerland-Case 7,III,III,Argentinean sequences,Cruise ship outbreak sequences,False,True,True,0.01949106659447753,36,1847,0.020839045791061148,76,3647,0.024760136180748994,160,6462,False,True
ARG-M.a.,cruise,ANDV ARG-M.a.,Netherlands-Case 6,III,III,Argentinean sequences,Cruise ship outbreak sequences,False,True,True,0.019758507135016465,36,1822,0.020965517241379312,76,3625,0.023434939364142905,143,6102,False,True
ARG-M.a.,cruise,ANDV ARG-M.a.,Netherlands-Case 5,III,III,Argentinean sequences,Cruise ship outbreak sequences,False,True,True,0.019988895058300944,36,1801,0.02106149957877001,75,3561,0.02449297971918877,157,6410,False,True
ARG-M.a.,cruise,ANDV ARG-M.a.,Johannesburg-Case 2,III,III,Argentinean sequences,Cruise ship outbreak sequences,False,True,True,0.019897669130187607,35,1759,0.021029330381848368,76,3614,0.02451132485262178,158,6446,False,True
ARG-M.a.,cruise,ANDV ARG-M.a.,Johannesburg-Case 3,III,III,Argentinean sequences,Cruise ship outbreak sequences,False,True,True,0.019908987485779295,35,1758,0.020885547201336674,75,3591,0.024616813748258245,159,6459,False,True
ARG-M.a.,cruise,ANDV ARG-M.a.,Canada-Case 11_NPswab,III,III,Argentinean sequences,Cruise ship outbreak sequences,False,True,True,0.021370207416719043,34,1591,0.022068095838587643,70,3172,0.02459557609772202,149,6058,False,True
ARG-M.a.,cruise,ANDV ARG-M.a.,Canada-Case 11_blood,III,III,Argentinean sequences,Cruise ship outbreak sequences,False,True,True,0.020454545454545454,36,1760,0.02102017937219731,75,3568,0.024620625580675133,159,6458,False,True
ARG p9,p1316,ANDV ARG p9,p1316,III,III,Argentinean sequences,Chilean sequences,False,False,True,0.004828326180257511,9,1864,0.004099480732440558,15,3659,0.006332046332046332,41,6475,False,False
ARG p9,CHI-Hu13724 P2,ANDV ARG p9,ANDV CHI-Hu13724 P2,III,III,Argentinean sequences,Chilean sequences,False,False,True,0.0064516129032258064,12,1860,0.006285870456408855,23,3659,0.008803088803088803,57,6475,False,False
ARG p9,p136,ANDV ARG p9,p136,III,III,Argentinean sequences,Chilean sequences,False,False,True,0.006974248927038627,13,1864,0.006289308176100629,23,3657,0.008803088803088803,57,6475,False,False
ARG p9,p137,ANDV ARG p9,p137,III,III,Argentinean sequences,Chilean sequences,False,False,True,0.006996770721205597,13,1858,0.006294471811713191,23,3654,0.008803088803088803,57,6475,False,False
ARG p9,CHI-Hu13724 P1,ANDV ARG p9,ANDV CHI-Hu13724 P1,III,III,Argentinean sequences,Chilean sequences,False,False,True,0.006959314775160599,13,1868,0.006289308176100629,23,3657,0.008803088803088803,57,6475,False,False
ARG p9,p1059,ANDV ARG p9,p1059,III,III,Argentinean sequences,Chilean sequences,False,True,True,0.014469453376205787,27,1866,0.02242275088870659,82,3657,0.023783783783783784,154,6475,False,False
ARG p9,NRC-4/18,ANDV ARG p9,ANDV NRC-4/18,III,III,Argentinean sequences,Argentinean sequences,False,True,True,0.01506186121570737,28,1859,0.019731433269388872,72,3649,0.021779425393883226,141,6474,False,False
ARG p9,NRC-3/18,ANDV ARG p9,ANDV NRC-3/18,III,III,Argentinean sequences,Argentinean sequences,False,True,True,0.015086206896551725,28,1856,0.01946805593638607,71,3647,0.021776061776061777,141,6475,False,False
ARG p9,132D,ANDV ARG p9,132D,III,III,Argentinean sequences,Chilean sequences,False,True,True,0.017297297297297298,32,1850,0.023940561364887175,87,3634,0.024864864864864864,161,6475,False,False
ARG p9,p1239,ANDV ARG p9,p1239,III,III,Argentinean sequences,Chilean sequences,False,True,True,0.015541264737406217,29,1866,0.020821917808219178,76,3650,0.024555984555984556,159,6475,False,False
ARG p9,p1242,ANDV ARG p9,p1242,III,III,Argentinean sequences,Chilean sequences,False,True,True,0.018776824034334765,35,1864,0.02135815991237678,78,3652,0.024401544401544403,158,6475,False,False
ARG p9,p931,ANDV ARG p9,p931,III,III,Argentinean sequences,Chilean sequences,False,True,True,0.019271948608137045,36,1868,0.022453450164293537,82,3652,0.023320463320463322,151,6475,False,False
ARG p9,p1236,ANDV ARG p9,p1236,III,III,Argentinean sequences,Chilean sequences,False,True,True,0.01769436997319035,33,1865,0.018609742747673783,68,3654,0.029416342412451363,189,6425,True,False
ARG p9,cruise,ANDV ARG p9,France-Case 9,III,III,Argentinean sequences,Cruise ship outbreak sequences,False,True,True,0.019427954668105773,36,1853,0.020827624006577145,76,3649,0.024401544401544403,158,6475,False,True
ARG p9,cruise,ANDV ARG p9,Spain-Case 10,III,III,Argentinean sequences,Cruise ship outbreak sequences,False,True,True,0.01949106659447753,36,1847,0.020827624006577145,76,3649,0.024401544401544403,158,6475,False,True
ARG p9,cruise,ANDV ARG p9,Spain-Case 12,III,III,Argentinean sequences,Cruise ship outbreak sequences,False,True,True,0.01949106659447753,36,1847,0.020827624006577145,76,3649,0.024401544401544403,158,6475,False,True
ARG p9,Switzerland-Case 7,ANDV ARG p9,Switzerland-Case 7,III,III,Argentinean sequences,Cruise ship outbreak sequences,False,True,True,0.01949106659447753,36,1847,0.020827624006577145,76,3649,0.024555984555984556,159,6475,False,True
ARG p9,cruise,ANDV ARG p9,Netherlands-Case 6,III,III,Argentinean sequences,Cruise ship outbreak sequences,False,True,True,0.019758507135016465,36,1822,0.020965517241379312,76,3625,0.023419587291188995,143,6106,False,True
ARG p9,cruise,ANDV ARG p9,Netherlands-Case 5,III,III,Argentinean sequences,Cruise ship outbreak sequences,False,True,True,0.019988895058300944,36,1801,0.02106149957877001,75,3561,0.024477705020268165,157,6414,False,True
ARG p9,cruise,ANDV ARG p9,Johannesburg-Case 2,III,III,Argentinean sequences,Cruise ship outbreak sequences,False,True,True,0.019897669130187607,35,1759,0.021029330381848368,76,3614,0.024325999380229314,157,6454,False,True
ARG p9,cruise,ANDV ARG p9,Johannesburg-Case 3,III,III,Argentinean sequences,Cruise ship outbreak sequences,False,True,True,0.019908987485779295,35,1758,0.020885547201336674,75,3591,0.024412855377008654,158,6472,False,True
ARG p9,cruise,ANDV ARG p9,Canada-Case 11_NPswab,III,III,Argentinean sequences,Cruise ship outbreak sequences,False,True,True,0.021370207416719043,34,1591,0.022068095838587643,70,3172,0.024579346750247442,149,6062,False,True
ARG p9,cruise,ANDV ARG p9,Canada-Case 11_blood,III,III,Argentinean sequences,Cruise ship outbreak sequences,False,True,True,0.020454545454545454,36,1760,0.02102017937219731,75,3568,0.02460538532961931,159,6462,False,True
p1316,CHI-Hu13724 P2,p1316,ANDV CHI-Hu13724 P2,III,III,Chilean sequences,Chilean sequences,False,False,True,0.0037614185921547557,7,1861,0.0038261820169445205,14,3659,0.0045773573390296,30,6554,False,False
p1316,p136,p1316,p136,III,III,Chilean sequences,Chilean sequences,False,False,True,0.0032171581769436996,6,1865,0.0038282745419742957,14,3657,0.0045780558522813975,30,6553,False,False
p1316,p137,p1316,p137,III,III,Chilean sequences,Chilean sequences,False,False,True,0.0032275416890801506,6,1859,0.0038314176245210726,14,3654,0.004580852038479157,30,6549,False,False
p1316,CHI-Hu13724 P1,p1316,ANDV CHI-Hu13724 P1,III,III,Chilean sequences,Chilean sequences,False,False,True,0.00322061191626409,6,1863,0.0038282745419742957,14,3657,0.0045773573390296,30,6554,False,False
p1316,p1059,p1316,p1059,III,III,Chilean sequences,Chilean sequences,False,True,True,0.013963480128893663,26,1862,0.02543068088597211,93,3657,0.02380225816295392,156,6554,False,False
p1316,NRC-4/18,p1316,ANDV NRC-4/18,III,III,Chilean sequences,Argentinean sequences,False,True,True,0.014523937600860678,27,1859,0.02166163970386619,79,3647,0.02216786424094175,145,6541,False,False
p1316,NRC-3/18,p1316,ANDV NRC-3/18,III,III,Chilean sequences,Argentinean sequences,False,True,True,0.014578833693304536,27,1852,0.021393307734503566,78,3646,0.022184822521419827,145,6536,False,False
p1316,132D,p1316,132D,III,III,Chilean sequences,Chilean sequences,False,True,True,0.015675675675675675,29,1850,0.026967528893780957,98,3634,0.024789594491201224,162,6535,False,False
p1316,p1239,p1316,p1239,III,III,Chilean sequences,Chilean sequences,False,True,True,0.015053763440860216,28,1860,0.023835616438356164,87,3650,0.023500686708377842,154,6553,False,False
p1316,p1242,p1316,p1242,III,III,Chilean sequences,Chilean sequences,False,True,True,0.01829924650161464,34,1858,0.023822562979189485,87,3652,0.023039365273115654,151,6554,False,False
p1316,p931,p1316,p931,III,III,Chilean sequences,Chilean sequences,False,True,True,0.018796992481203006,35,1862,0.024917853231106242,91,3652,0.021974668090950708,144,6553,False,False
p1316,p1236,p1316,p1236,III,III,Chilean sequences,Chilean sequences,False,True,True,0.016684607104413347,31,1858,0.0210727969348659,77,3654,0.02894941634241245,186,6425,True,False
p1316,cruise,p1316,France-Case 9,III,III,Chilean sequences,Cruise ship outbreak sequences,False,True,True,0.018888289260658393,35,1853,0.02330682752947628,85,3647,0.023998777132375422,157,6542,False,True
p1316,cruise,p1316,Spain-Case 10,III,III,Chilean sequences,Cruise ship outbreak sequences,False,True,True,0.018949648077964266,35,1847,0.023294053165250753,85,3649,0.02400978742927053,157,6539,False,True
p1316,cruise,p1316,Spain-Case 12,III,III,Chilean sequences,Cruise ship outbreak sequences,False,True,True,0.018949648077964266,35,1847,0.023294053165250753,85,3649,0.02400978742927053,157,6539,False,True
p1316,Switzerland-Case 7,p1316,Switzerland-Case 7,III,III,Chilean sequences,Cruise ship outbreak sequences,False,True,True,0.018949648077964266,35,1847,0.023294053165250753,85,3649,0.024107415318889228,158,6554,False,True
p1316,cruise,p1316,Netherlands-Case 6,III,III,Chilean sequences,Cruise ship outbreak sequences,False,True,True,0.019209659714599342,35,1822,0.023448275862068966,85,3625,0.023221825267944137,143,6158,False,True
p1316,cruise,p1316,Netherlands-Case 5,III,III,Chilean sequences,Cruise ship outbreak sequences,False,True,True,0.01943364797334814,35,1801,0.02358887952822241,84,3561,0.0241112828438949,156,6470,False,True
p1316,cruise,p1316,Johannesburg-Case 2,III,III,Chilean sequences,Cruise ship outbreak sequences,False,True,True,0.019329164297896533,34,1759,0.023519645821804096,85,3614,0.024446851307442365,158,6463,False,True
p1316,cruise,p1316,Johannesburg-Case 3,III,III,Chilean sequences,Cruise ship outbreak sequences,False,True,True,0.019340159271899887,34,1758,0.023391812865497075,84,3591,0.024076061953688086,157,6521,False,True
p1316,cruise,p1316,Canada-Case 11_NPswab,III,III,Chilean sequences,Cruise ship outbreak sequences,False,True,True,0.02011313639220616,32,1591,0.02395964691046658,76,3172,0.024406224406224405,149,6105,False,True
p1316,cruise,p1316,Canada-Case 11_blood,III,III,Chilean sequences,Cruise ship outbreak sequences,False,True,True,0.019886363636363636,35,1760,0.023542600896860985,84,3568,0.024289008455034587,158,6505,False,True
CHI-Hu13724 P2,p136,ANDV CHI-Hu13724 P2,p136,III,III,Chilean sequences,Chilean sequences,False,False,True,0.0005373455131649651,1,1861,0.0,0,3657,0.0,0,6554,False,False
CHI-Hu13724 P2,p137,ANDV CHI-Hu13724 P2,p137,III,III,Chilean sequences,Chilean sequences,False,False,True,0.0005379236148466917,1,1859,0.0,0,3654,0.0,0,6549,False,False
CHI-Hu13724 P2,CHI-Hu13724 P1,ANDV CHI-Hu13724 P2,ANDV CHI-Hu13724 P1,III,III,Chilean sequences,Chilean sequences,False,False,True,0.0005373455131649651,1,1861,0.0,0,3657,0.0,0,6555,False,False
CHI-Hu13724 P2,p1059,ANDV CHI-Hu13724 P2,p1059,III,III,Chilean sequences,Chilean sequences,False,True,True,0.015069967707212056,28,1858,0.027071369975389663,99,3657,0.02593440122044241,170,6555,False,False
CHI-Hu13724 P2,NRC-4/18,ANDV CHI-Hu13724 P2,ANDV NRC-4/18,III,III,Chilean sequences,Argentinean sequences,False,True,True,0.015608180839612486,29,1858,0.02330682752947628,85,3647,0.023693060226230512,155,6542,False,False
CHI-Hu13724 P2,NRC-3/18,ANDV CHI-Hu13724 P2,ANDV NRC-3/18,III,III,Chilean sequences,Argentinean sequences,False,True,True,0.01565874730021598,29,1852,0.02303894679100384,84,3646,0.02371118249961756,155,6537,False,False
CHI-Hu13724 P2,132D,ANDV CHI-Hu13724 P2,132D,III,III,Chilean sequences,Chilean sequences,False,True,True,0.016756756756756756,31,1850,0.028618602091359385,104,3634,0.026931905126243307,176,6535,False,False
CHI-Hu13724 P2,p1239,ANDV CHI-Hu13724 P2,p1239,III,III,Chilean sequences,Chilean sequences,False,True,True,0.016146393972012917,30,1858,0.02547945205479452,93,3650,0.026247520219746683,172,6553,False,False
CHI-Hu13724 P2,p1242,ANDV CHI-Hu13724 P2,p1242,III,III,Chilean sequences,Chilean sequences,False,True,True,0.0193756727664155,36,1858,0.02546549835706462,93,3652,0.025785779676533414,169,6554,False,False
CHI-Hu13724 P2,p931,ANDV CHI-Hu13724 P2,p931,III,III,Chilean sequences,Chilean sequences,False,True,True,0.01991388589881593,37,1858,0.02656078860898138,97,3652,0.02472150160231955,162,6553,False,False
CHI-Hu13724 P2,p1236,ANDV CHI-Hu13724 P2,p1236,III,III,Chilean sequences,Chilean sequences,False,True,True,0.01829924650161464,34,1858,0.023262178434592228,85,3654,0.030817120622568094,198,6425,True,False
CHI-Hu13724 P2,cruise,ANDV CHI-Hu13724 P2,France-Case 9,III,III,Chilean sequences,Cruise ship outbreak sequences,False,True,True,0.020518358531317494,38,1852,0.02495201535508637,91,3647,0.026134800550206328,171,6543,False,True
CHI-Hu13724 P2,cruise,ANDV CHI-Hu13724 P2,Spain-Case 10,III,III,Chilean sequences,Cruise ship outbreak sequences,False,True,True,0.02057390362750406,38,1847,0.024938339271033158,91,3649,0.026150787582199114,171,6539,False,True
CHI-Hu13724 P2,cruise,ANDV CHI-Hu13724 P2,Spain-Case 12,III,III,Chilean sequences,Cruise ship outbreak sequences,False,True,True,0.02057390362750406,38,1847,0.024938339271033158,91,3649,0.026150787582199114,171,6539,False,True
CHI-Hu13724 P2,Switzerland-Case 7,ANDV CHI-Hu13724 P2,Switzerland-Case 7,III,III,Chilean sequences,Cruise ship outbreak sequences,False,True,True,0.02057390362750406,38,1847,0.024938339271033158,91,3649,0.02623951182303585,172,6555,False,True
CHI-Hu13724 P2,cruise,ANDV CHI-Hu13724 P2,Netherlands-Case 6,III,III,Chilean sequences,Cruise ship outbreak sequences,False,True,True,0.020856201975850714,38,1822,0.02510344827586207,91,3625,0.025332900292302694,156,6158,False,True
CHI-Hu13724 P2,cruise,ANDV CHI-Hu13724 P2,Netherlands-Case 5,III,III,Chilean sequences,Cruise ship outbreak sequences,False,True,True,0.02109938922820655,38,1801,0.02527379949452401,90,3561,0.02627511591962906,170,6470,False,True
CHI-Hu13724 P2,cruise,ANDV CHI-Hu13724 P2,Johannesburg-Case 2,III,III,Chilean sequences,Cruise ship outbreak sequences,False,True,True,0.021034678794769755,37,1759,0.025179856115107913,91,3614,0.02661302800557017,172,6463,False,True
CHI-Hu13724 P2,cruise,ANDV CHI-Hu13724 P2,Johannesburg-Case 3,III,III,Chilean sequences,Cruise ship outbreak sequences,False,True,True,0.02104664391353811,37,1758,0.02506265664160401,90,3591,0.02621895124195032,171,6522,False,True
CHI-Hu13724 P2,cruise,ANDV CHI-Hu13724 P2,Canada-Case 11_NPswab,III,III,Chilean sequences,Cruise ship outbreak sequences,False,True,True,0.02199874292897549,35,1591,0.02648171500630517,84,3172,0.026863226863226862,164,6105,False,True
CHI-Hu13724 P2,cruise,ANDV CHI-Hu13724 P2,Canada-Case 11_blood,III,III,Chilean sequences,Cruise ship outbreak sequences,False,True,True,0.02159090909090909,38,1760,0.02522421524663677,90,3568,0.02644119907763259,172,6505,False,True
p136,p137,p136,p137,III,III,Chilean sequences,Chilean sequences,False,False,True,0.0,0,1859,0.0,0,3654,0.0,0,6549,False,False
p136,CHI-Hu13724 P1,p136,ANDV CHI-Hu13724 P1,III,III,Chilean sequences,Chilean sequences,False,False,True,0.0,0,1863,0.0,0,3657,0.0,0,6556,False,False
p136,p1059,p136,p1059,III,III,Chilean sequences,Chilean sequences,False,True,True,0.014500537056928034,27,1862,0.027071369975389663,99,3657,0.025938358254501068,170,6554,False,False
p136,NRC-4/18,p136,ANDV NRC-4/18,III,III,Chilean sequences,Argentinean sequences,False,True,True,0.01506186121570737,28,1859,0.023319615912208505,85,3645,0.023685819070904647,155,6544,False,False
p136,NRC-3/18,p136,ANDV NRC-3/18,III,III,Chilean sequences,Argentinean sequences,False,True,True,0.01511879049676026,28,1852,0.02305159165751921,84,3644,0.023703930264566447,155,6539,False,False
p136,132D,p136,132D,III,III,Chilean sequences,Chilean sequences,False,True,True,0.016216216216216217,30,1850,0.028618602091359385,104,3634,0.026931905126243307,176,6535,False,False
p136,p1239,p136,p1239,III,III,Chilean sequences,Chilean sequences,False,True,True,0.015591397849462365,29,1860,0.02547945205479452,93,3650,0.026251526251526252,172,6552,False,False
p136,p1242,p136,p1242,III,III,Chilean sequences,Chilean sequences,False,True,True,0.01883745963401507,35,1858,0.02546549835706462,93,3652,0.02578971463451854,169,6553,False,False
p136,p931,p136,p931,III,III,Chilean sequences,Chilean sequences,False,True,True,0.01929260450160772,36,1866,0.02656078860898138,97,3652,0.024725274725274724,162,6552,False,False
p136,p1236,p136,p1236,III,III,Chilean sequences,Chilean sequences,False,True,True,0.01776103336921421,33,1858,0.023262178434592228,85,3654,0.030817120622568094,198,6425,True,False
p136,cruise,p136,France-Case 9,III,III,Chilean sequences,Cruise ship outbreak sequences,False,True,True,0.019967620075553156,37,1853,0.02496570644718793,91,3645,0.02612681436210848,171,6545,False,True
p136,cruise,p136,Spain-Case 10,III,III,Chilean sequences,Cruise ship outbreak sequences,False,True,True,0.020032485110990796,37,1847,0.024938339271033158,91,3649,0.026150787582199114,171,6539,False,True
p136,cruise,p136,Spain-Case 12,III,III,Chilean sequences,Cruise ship outbreak sequences,False,True,True,0.020032485110990796,37,1847,0.024938339271033158,91,3649,0.026150787582199114,171,6539,False,True
p136,Switzerland-Case 7,p136,Switzerland-Case 7,III,III,Chilean sequences,Cruise ship outbreak sequences,False,True,True,0.020032485110990796,37,1847,0.024938339271033158,91,3649,0.026235509456985967,172,6556,False,True
p136,cruise,p136,Netherlands-Case 6,III,III,Chilean sequences,Cruise ship outbreak sequences,False,True,True,0.02030735455543359,37,1822,0.02510344827586207,91,3625,0.025332900292302694,156,6158,False,True
p136,cruise,p136,Netherlands-Case 5,III,III,Chilean sequences,Cruise ship outbreak sequences,False,True,True,0.020544142143253747,37,1801,0.02527379949452401,90,3561,0.02627511591962906,170,6470,False,True
p136,cruise,p136,Johannesburg-Case 2,III,III,Chilean sequences,Cruise ship outbreak sequences,False,True,True,0.02046617396247868,36,1759,0.025179856115107913,91,3614,0.02661302800557017,172,6463,False,True
p136,cruise,p136,Johannesburg-Case 3,III,III,Chilean sequences,Cruise ship outbreak sequences,False,True,True,0.020477815699658702,36,1758,0.02506265664160401,90,3591,0.02621895124195032,171,6522,False,True
p136,cruise,p136,Canada-Case 11_NPswab,III,III,Chilean sequences,Cruise ship outbreak sequences,False,True,True,0.021370207416719043,34,1591,0.02648171500630517,84,3172,0.026863226863226862,164,6105,False,True
p136,cruise,p136,Canada-Case 11_blood,III,III,Chilean sequences,Cruise ship outbreak sequences,False,True,True,0.021022727272727273,37,1760,0.02522421524663677,90,3568,0.02644119907763259,172,6505,False,True
p137,CHI-Hu13724 P1,p137,ANDV CHI-Hu13724 P1,III,III,Chilean sequences,Chilean sequences,False,False,True,0.0,0,1859,0.0,0,3654,0.0,0,6549,False,False
p137,p1059,p137,p1059,III,III,Chilean sequences,Chilean sequences,False,True,True,0.014547413793103448,27,1856,0.027093596059113302,99,3654,0.025958161551381892,170,6549,False,False
p137,NRC-4/18,p137,ANDV NRC-4/18,III,III,Chilean sequences,Argentinean sequences,False,True,True,0.015086206896551725,28,1856,0.02332601536772777,85,3644,0.023696682464454975,155,6541,False,False
p137,NRC-3/18,p137,ANDV NRC-3/18,III,III,Chilean sequences,Argentinean sequences,False,True,True,0.015126958400864398,28,1851,0.02305791929728246,84,3643,0.02371481028151775,155,6536,False,False
p137,132D,p137,132D,III,III,Chilean sequences,Chilean sequences,False,True,True,0.016216216216216217,30,1850,0.028618602091359385,104,3634,0.026931905126243307,176,6535,False,False
p137,p1239,p137,p1239,III,III,Chilean sequences,Chilean sequences,False,True,True,0.015625,29,1856,0.02547945205479452,93,3650,0.02626756261453879,172,6548,False,False
p137,p1242,p137,p1242,III,III,Chilean sequences,Chilean sequences,False,True,True,0.018857758620689655,35,1856,0.02546549835706462,93,3652,0.025805466483432585,169,6549,False,False
p137,p931,p137,p931,III,III,Chilean sequences,Chilean sequences,False,True,True,0.01939655172413793,36,1856,0.02656078860898138,97,3652,0.02474037874160049,162,6548,False,False
p137,p1236,p137,p1236,III,III,Chilean sequences,Chilean sequences,False,True,True,0.017780172413793104,33,1856,0.023262178434592228,85,3654,0.030817120622568094,198,6425,True,False
p137,cruise,p137,France-Case 9,III,III,Chilean sequences,Cruise ship outbreak sequences,False,True,True,0.02,37,1850,0.024972557628979142,91,3644,0.02613879547538979,171,6542,False,True
p137,cruise,p137,Spain-Case 10,III,III,Chilean sequences,Cruise ship outbreak sequences,False,True,True,0.020032485110990796,37,1847,0.024938339271033158,91,3649,0.026150787582199114,171,6539,False,True
p137,cruise,p137,Spain-Case 12,III,III,Chilean sequences,Cruise ship outbreak sequences,False,True,True,0.020032485110990796,37,1847,0.024938339271033158,91,3649,0.026150787582199114,171,6539,False,True
p137,Switzerland-Case 7,p137,Switzerland-Case 7,III,III,Chilean sequences,Cruise ship outbreak sequences,False,True,True,0.020032485110990796,37,1847,0.024938339271033158,91,3649,0.0262635516872805,172,6549,False,True
p137,cruise,p137,Netherlands-Case 6,III,III,Chilean sequences,Cruise ship outbreak sequences,False,True,True,0.02030735455543359,37,1822,0.02510344827586207,91,3625,0.025332900292302694,156,6158,False,True
p137,cruise,p137,Netherlands-Case 5,III,III,Chilean sequences,Cruise ship outbreak sequences,False,True,True,0.020544142143253747,37,1801,0.02527379949452401,90,3561,0.02627511591962906,170,6470,False,True
p137,cruise,p137,Johannesburg-Case 2,III,III,Chilean sequences,Cruise ship outbreak sequences,False,True,True,0.02046617396247868,36,1759,0.025179856115107913,91,3614,0.02661302800557017,172,6463,False,True
p137,cruise,p137,Johannesburg-Case 3,III,III,Chilean sequences,Cruise ship outbreak sequences,False,True,True,0.020477815699658702,36,1758,0.02506265664160401,90,3591,0.026222971936819505,171,6521,False,True
p137,cruise,p137,Canada-Case 11_NPswab,III,III,Chilean sequences,Cruise ship outbreak sequences,False,True,True,0.021370207416719043,34,1591,0.02648171500630517,84,3172,0.026863226863226862,164,6105,False,True
p137,cruise,p137,Canada-Case 11_blood,III,III,Chilean sequences,Cruise ship outbreak sequences,False,True,True,0.021022727272727273,37,1760,0.02522421524663677,90,3568,0.02644119907763259,172,6505,False,True
CHI-Hu13724 P1,p1059,ANDV CHI-Hu13724 P1,p1059,III,III,Chilean sequences,Chilean sequences,False,True,True,0.014484978540772532,27,1864,0.027019650655021835,99,3664,0.02593440122044241,170,6555,False,False
CHI-Hu13724 P1,NRC-4/18,ANDV CHI-Hu13724 P1,ANDV NRC-4/18,III,III,Chilean sequences,Argentinean sequences,False,True,True,0.01506186121570737,28,1859,0.023319615912208505,85,3645,0.023685819070904647,155,6544,False,False
CHI-Hu13724 P1,NRC-3/18,ANDV CHI-Hu13724 P1,ANDV NRC-3/18,III,III,Chilean sequences,Argentinean sequences,False,True,True,0.015086206896551725,28,1856,0.02305159165751921,84,3644,0.023700305810397553,155,6540,False,False
CHI-Hu13724 P1,132D,ANDV CHI-Hu13724 P1,132D,III,III,Chilean sequences,Chilean sequences,False,True,True,0.016216216216216217,30,1850,0.028618602091359385,104,3634,0.026931905126243307,176,6535,False,False
CHI-Hu13724 P1,p1239,ANDV CHI-Hu13724 P1,p1239,III,III,Chilean sequences,Chilean sequences,False,True,True,0.015541264737406217,29,1866,0.02547945205479452,93,3650,0.026247520219746683,172,6553,False,False
CHI-Hu13724 P1,p1242,ANDV CHI-Hu13724 P1,p1242,III,III,Chilean sequences,Chilean sequences,False,True,True,0.018776824034334765,35,1864,0.02546549835706462,93,3652,0.025785779676533414,169,6554,False,False
CHI-Hu13724 P1,p931,ANDV CHI-Hu13724 P1,p931,III,III,Chilean sequences,Chilean sequences,False,True,True,0.01929260450160772,36,1866,0.02656078860898138,97,3652,0.02472150160231955,162,6553,False,False
CHI-Hu13724 P1,p1236,ANDV CHI-Hu13724 P1,p1236,III,III,Chilean sequences,Chilean sequences,False,True,True,0.017703862660944206,33,1864,0.023262178434592228,85,3654,0.030817120622568094,198,6425,True,False
CHI-Hu13724 P1,cruise,ANDV CHI-Hu13724 P1,France-Case 9,III,III,Chilean sequences,Cruise ship outbreak sequences,False,True,True,0.019967620075553156,37,1853,0.02496570644718793,91,3645,0.02612681436210848,171,6545,False,True
CHI-Hu13724 P1,cruise,ANDV CHI-Hu13724 P1,Spain-Case 10,III,III,Chilean sequences,Cruise ship outbreak sequences,False,True,True,0.020032485110990796,37,1847,0.024938339271033158,91,3649,0.026150787582199114,171,6539,False,True
CHI-Hu13724 P1,cruise,ANDV CHI-Hu13724 P1,Spain-Case 12,III,III,Chilean sequences,Cruise ship outbreak sequences,False,True,True,0.020032485110990796,37,1847,0.024938339271033158,91,3649,0.026150787582199114,171,6539,False,True
CHI-Hu13724 P1,Switzerland-Case 7,ANDV CHI-Hu13724 P1,Switzerland-Case 7,III,III,Chilean sequences,Cruise ship outbreak sequences,False,True,True,0.020032485110990796,37,1847,0.024938339271033158,91,3649,0.026215515927450084,172,6561,False,True
CHI-Hu13724 P1,cruise,ANDV CHI-Hu13724 P1,Netherlands-Case 6,III,III,Chilean sequences,Cruise ship outbreak sequences,False,True,True,0.02030735455543359,37,1822,0.02510344827586207,91,3625,0.025332900292302694,156,6158,False,True
CHI-Hu13724 P1,cruise,ANDV CHI-Hu13724 P1,Netherlands-Case 5,III,III,Chilean sequences,Cruise ship outbreak sequences,False,True,True,0.020544142143253747,37,1801,0.02527379949452401,90,3561,0.02627511591962906,170,6470,False,True
CHI-Hu13724 P1,cruise,ANDV CHI-Hu13724 P1,Johannesburg-Case 2,III,III,Chilean sequences,Cruise ship outbreak sequences,False,True,True,0.02046617396247868,36,1759,0.025179856115107913,91,3614,0.02661302800557017,172,6463,False,True
CHI-Hu13724 P1,cruise,ANDV CHI-Hu13724 P1,Johannesburg-Case 3,III,III,Chilean sequences,Cruise ship outbreak sequences,False,True,True,0.020477815699658702,36,1758,0.02506265664160401,90,3591,0.02621895124195032,171,6522,False,True
CHI-Hu13724 P1,cruise,ANDV CHI-Hu13724 P1,Canada-Case 11_NPswab,III,III,Chilean sequences,Cruise ship outbreak sequences,False,True,True,0.021370207416719043,34,1591,0.02648171500630517,84,3172,0.026863226863226862,164,6105,False,True
CHI-Hu13724 P1,cruise,ANDV CHI-Hu13724 P1,Canada-Case 11_blood,III,III,Chilean sequences,Cruise ship outbreak sequences,False,True,True,0.021022727272727273,37,1760,0.02522421524663677,90,3568,0.02644119907763259,172,6505,False,True
p1059,NRC-4/18,p1059,ANDV NRC-4/18,III,III,Chilean sequences,Argentinean sequences,True,True,True,0.0016137708445400753,3,1859,0.009876543209876543,36,3645,0.010547233261999389,69,6542,False,False
p1059,NRC-3/18,p1059,ANDV NRC-3/18,III,III,Chilean sequences,Argentinean sequences,True,True,True,0.0016163793103448276,3,1856,0.009604829857299671,35,3644,0.010555300596603947,69,6537,False,False
p1059,132D,p1059,132D,III,III,Chilean sequences,Chilean sequences,True,True,True,0.008108108108108109,15,1850,0.007429829389102917,27,3634,0.0090283091048202,59,6535,False,False
p1059,p1239,p1059,p1239,III,III,Chilean sequences,Chilean sequences,True,True,True,0.006437768240343348,12,1864,0.004383561643835616,16,3650,0.009156111704562795,60,6553,False,False
p1059,p1242,p1059,p1242,III,III,Chilean sequences,Chilean sequences,True,True,True,0.00966702470461869,18,1862,0.00547645125958379,20,3652,0.009307293256026854,61,6554,False,False
p1059,p931,p1059,p931,III,III,Chilean sequences,Chilean sequences,True,True,True,0.010182207931404072,19,1866,0.006024096385542169,22,3652,0.008545704257591942,56,6553,False,False
p1059,p1236,p1059,p1236,III,III,Chilean sequences,Chilean sequences,True,True,True,0.01020408163265306,19,1862,0.010946907498631636,40,3654,0.019766536964980545,127,6425,True,False
p1059,cruise,p1059,France-Case 9,III,III,Chilean sequences,Cruise ship outbreak sequences,True,True,True,0.011332973556395036,21,1853,0.01316872427983539,48,3645,0.014366498548066636,94,6543,False,True
p1059,cruise,p1059,Spain-Case 10,III,III,Chilean sequences,Cruise ship outbreak sequences,True,True,True,0.01136978884677856,21,1847,0.013154288846259249,48,3649,0.01437528674109191,94,6539,False,True
p1059,cruise,p1059,Spain-Case 12,III,III,Chilean sequences,Cruise ship outbreak sequences,True,True,True,0.01136978884677856,21,1847,0.013154288846259249,48,3649,0.01437528674109191,94,6539,False,True
p1059,Switzerland-Case 7,p1059,Switzerland-Case 7,III,III,Chilean sequences,Cruise ship outbreak sequences,True,True,True,0.01136978884677856,21,1847,0.013154288846259249,48,3649,0.014492753623188406,95,6555,False,True
p1059,cruise,p1059,Netherlands-Case 6,III,III,Chilean sequences,Cruise ship outbreak sequences,True,True,True,0.011525795828759604,21,1822,0.013241379310344827,48,3625,0.014127963624553427,87,6158,False,True
p1059,cruise,p1059,Netherlands-Case 5,III,III,Chilean sequences,Cruise ship outbreak sequences,True,True,True,0.011660188784008884,21,1801,0.013479359730412805,48,3561,0.01437403400309119,93,6470,False,True
p1059,cruise,p1059,Johannesburg-Case 2,III,III,Chilean sequences,Cruise ship outbreak sequences,True,True,True,0.011938601478112564,21,1759,0.013281682346430549,48,3614,0.014544329258858115,94,6463,False,True
p1059,cruise,p1059,Johannesburg-Case 3,III,III,Chilean sequences,Cruise ship outbreak sequences,True,True,True,0.011945392491467578,21,1758,0.013366750208855471,48,3591,0.01441275682306041,94,6522,False,True
p1059,cruise,p1059,Canada-Case 11_NPswab,III,III,Chilean sequences,Cruise ship outbreak sequences,True,True,True,0.01257071024512885,20,1591,0.013871374527112233,44,3172,0.014742014742014743,90,6105,False,True
p1059,cruise,p1059,Canada-Case 11_blood,III,III,Chilean sequences,Cruise ship outbreak sequences,True,True,True,0.0125,22,1760,0.013452914798206279,48,3568,0.014604150653343582,95,6505,False,True
NRC-4/18,NRC-3/18,ANDV NRC-4/18,ANDV NRC-3/18,III,III,Argentinean sequences,Argentinean sequences,True,True,True,0.0,0,1852,0.00027359781121751026,1,3655,0.0,0,6538,False,False
NRC-4/18,132D,ANDV NRC-4/18,132D,III,III,Argentinean sequences,Chilean sequences,True,True,True,0.008648648648648649,16,1850,0.01073197578425977,39,3634,0.011325374961738598,74,6534,False,False
NRC-4/18,p1239,ANDV NRC-4/18,p1239,III,III,Argentinean sequences,Chilean sequences,True,True,True,0.006993006993006993,13,1859,0.008241758241758242,30,3640,0.011467889908256881,75,6540,False,False
NRC-4/18,p1242,ANDV NRC-4/18,p1242,III,III,Argentinean sequences,Chilean sequences,True,True,True,0.01022604951560818,19,1858,0.009335529928610654,34,3642,0.01131325485399786,74,6541,False,False
NRC-4/18,p931,ANDV NRC-4/18,p931,III,III,Argentinean sequences,Chilean sequences,True,True,True,0.010758472296933835,20,1859,0.009884678747940691,36,3642,0.009938837920489297,65,6540,False,False
NRC-4/18,p1236,ANDV NRC-4/18,p1236,III,III,Argentinean sequences,Chilean sequences,True,True,True,0.010764262648008612,20,1858,0.009330406147091108,34,3644,0.018835616438356163,121,6424,True,False
NRC-4/18,cruise,ANDV NRC-4/18,France-Case 9,III,III,Argentinean sequences,Cruise ship outbreak sequences,True,True,True,0.011872638963842417,22,1853,0.010684931506849316,39,3650,0.012530562347188265,82,6544,False,True
NRC-4/18,cruise,ANDV NRC-4/18,Spain-Case 10,III,III,Argentinean sequences,Cruise ship outbreak sequences,True,True,True,0.011911207363291824,22,1847,0.010702524698133918,39,3644,0.012542061792597125,82,6538,False,True
NRC-4/18,cruise,ANDV NRC-4/18,Spain-Case 12,III,III,Argentinean sequences,Cruise ship outbreak sequences,True,True,True,0.011911207363291824,22,1847,0.010702524698133918,39,3644,0.012542061792597125,82,6538,False,True
NRC-4/18,Switzerland-Case 7,ANDV NRC-4/18,Switzerland-Case 7,III,III,Argentinean sequences,Cruise ship outbreak sequences,True,True,True,0.011911207363291824,22,1847,0.010702524698133918,39,3644,0.012683374083129584,83,6544,False,True
NRC-4/18,cruise,ANDV NRC-4/18,Netherlands-Case 6,III,III,Argentinean sequences,Cruise ship outbreak sequences,True,True,True,0.012074643249176729,22,1822,0.010758620689655173,39,3625,0.012181257105733312,75,6157,False,True
NRC-4/18,cruise,ANDV NRC-4/18,Netherlands-Case 5,III,III,Argentinean sequences,Cruise ship outbreak sequences,True,True,True,0.012215435868961688,22,1801,0.010951979780960405,39,3561,0.012521255217189674,81,6469,False,True
NRC-4/18,cruise,ANDV NRC-4/18,Johannesburg-Case 2,III,III,Argentinean sequences,Cruise ship outbreak sequences,True,True,True,0.012507106310403639,22,1759,0.01079136690647482,39,3614,0.012689569792633859,82,6462,False,True
NRC-4/18,cruise,ANDV NRC-4/18,Johannesburg-Case 3,III,III,Argentinean sequences,Cruise ship outbreak sequences,True,True,True,0.012514220705346985,22,1758,0.01086048454469507,39,3591,0.012574758472626898,82,6521,False,True
NRC-4/18,cruise,ANDV NRC-4/18,Canada-Case 11_NPswab,III,III,Argentinean sequences,Cruise ship outbreak sequences,True,True,True,0.013827781269641735,22,1591,0.011349306431273645,36,3172,0.012778505897771953,78,6104,False,True
NRC-4/18,cruise,ANDV NRC-4/18,Canada-Case 11_blood,III,III,Argentinean sequences,Cruise ship outbreak sequences,True,True,True,0.013068181818181817,23,1760,0.010930493273542601,39,3568,0.012761377613776138,83,6504,False,True
NRC-3/18,132D,ANDV NRC-3/18,132D,III,III,Argentinean sequences,Chilean sequences,True,True,True,0.008662696264212236,16,1847,0.010456796917996699,38,3634,0.01133404809312299,74,6529,False,False
NRC-3/18,p1239,ANDV NRC-3/18,p1239,III,III,Argentinean sequences,Chilean sequences,True,True,True,0.007004310344827586,13,1856,0.007969222313822478,29,3639,0.011476664116296864,75,6535,False,False
NRC-3/18,p1242,ANDV NRC-3/18,p1242,III,III,Argentinean sequences,Chilean sequences,True,True,True,0.010237068965517241,19,1856,0.00906344410876133,33,3641,0.011321909424724603,74,6536,False,False
NRC-3/18,p931,ANDV NRC-3/18,p931,III,III,Argentinean sequences,Chilean sequences,True,True,True,0.010775862068965518,20,1856,0.009612743751716562,35,3641,0.009946442234123947,65,6535,False,False
NRC-3/18,p1236,ANDV NRC-3/18,p1236,III,III,Argentinean sequences,Chilean sequences,True,True,True,0.010775862068965518,20,1856,0.009058468295360967,33,3643,0.018832684824902725,121,6425,True,False
NRC-3/18,cruise,ANDV NRC-3/18,France-Case 9,III,III,Argentinean sequences,Cruise ship outbreak sequences,True,True,True,0.011917659804983749,22,1846,0.010419522895530574,38,3647,0.012540143752867411,82,6539,False,True
NRC-3/18,cruise,ANDV NRC-3/18,Spain-Case 10,III,III,Argentinean sequences,Cruise ship outbreak sequences,True,True,True,0.011943539630836048,22,1842,0.01043096349162778,38,3643,0.012549739822467095,82,6534,False,True
NRC-3/18,cruise,ANDV NRC-3/18,Spain-Case 12,III,III,Argentinean sequences,Cruise ship outbreak sequences,True,True,True,0.011943539630836048,22,1842,0.01043096349162778,38,3643,0.012549739822467095,82,6534,False,True
NRC-3/18,Switzerland-Case 7,ANDV NRC-3/18,Switzerland-Case 7,III,III,Argentinean sequences,Cruise ship outbreak sequences,True,True,True,0.011943539630836048,22,1842,0.01043096349162778,38,3643,0.012691131498470948,83,6540,False,True
NRC-3/18,cruise,ANDV NRC-3/18,Netherlands-Case 6,III,III,Argentinean sequences,Cruise ship outbreak sequences,True,True,True,0.012074643249176729,22,1822,0.010482758620689656,38,3625,0.012181257105733312,75,6157,False,True
NRC-3/18,cruise,ANDV NRC-3/18,Netherlands-Case 5,III,III,Argentinean sequences,Cruise ship outbreak sequences,True,True,True,0.012215435868961688,22,1801,0.010671159786576805,38,3561,0.012529002320185615,81,6465,False,True
NRC-3/18,cruise,ANDV NRC-3/18,Johannesburg-Case 2,III,III,Argentinean sequences,Cruise ship outbreak sequences,True,True,True,0.012507106310403639,22,1759,0.010514665190924184,38,3614,0.01268760637474857,82,6463,False,True
NRC-3/18,cruise,ANDV NRC-3/18,Johannesburg-Case 3,III,III,Argentinean sequences,Cruise ship outbreak sequences,True,True,True,0.012514220705346985,22,1758,0.010582010582010581,38,3591,0.012572830420116528,82,6522,False,True
NRC-3/18,cruise,ANDV NRC-3/18,Canada-Case 11_NPswab,III,III,Argentinean sequences,Cruise ship outbreak sequences,True,True,True,0.013827781269641735,22,1591,0.011034047919293822,35,3172,0.012776412776412777,78,6105,False,True
NRC-3/18,cruise,ANDV NRC-3/18,Canada-Case 11_blood,III,III,Argentinean sequences,Cruise ship outbreak sequences,True,True,True,0.013068181818181817,23,1760,0.010650224215246636,38,3568,0.012759415833973867,83,6505,False,True
132D,p1239,132D,p1239,III,III,Chilean sequences,Chilean sequences,True,True,True,0.0037837837837837837,7,1850,0.005778756191524491,21,3634,0.009946442234123947,65,6535,False,False
132D,p1242,132D,p1242,III,III,Chilean sequences,Chilean sequences,True,True,True,0.007027027027027027,13,1850,0.006879471656576775,25,3634,0.009487375669472074,62,6535,False,False
132D,p931,132D,p931,III,III,Chilean sequences,Chilean sequences,True,True,True,0.0075675675675675675,14,1850,0.007429829389102917,27,3634,0.0090283091048202,59,6535,False,False
132D,p1236,132D,p1236,III,III,Chilean sequences,Chilean sequences,True,True,True,0.012972972972972972,24,1850,0.012933406714364337,47,3634,0.021634241245136188,139,6425,True,False
132D,cruise,132D,France-Case 9,III,III,Chilean sequences,Cruise ship outbreak sequences,True,True,True,0.014092140921409214,26,1845,0.014584479911942764,53,3634,0.014996174445294568,98,6535,False,True
132D,cruise,132D,Spain-Case 10,III,III,Chilean sequences,Cruise ship outbreak sequences,True,True,True,0.014092140921409214,26,1845,0.014584479911942764,53,3634,0.01499846954392409,98,6534,False,True
132D,cruise,132D,Spain-Case 12,III,III,Chilean sequences,Cruise ship outbreak sequences,True,True,True,0.014092140921409214,26,1845,0.014584479911942764,53,3634,0.01499846954392409,98,6534,False,True
132D,Switzerland-Case 7,132D,Switzerland-Case 7,III,III,Chilean sequences,Cruise ship outbreak sequences,True,True,True,0.014092140921409214,26,1845,0.014584479911942764,53,3634,0.01514919663351186,99,6535,False,True
132D,cruise,132D,Netherlands-Case 6,III,III,Chilean sequences,Cruise ship outbreak sequences,True,True,True,0.014270032930845226,26,1822,0.014632799558255107,53,3622,0.014777525170509906,91,6158,False,True
132D,cruise,132D,Netherlands-Case 5,III,III,Chilean sequences,Cruise ship outbreak sequences,True,True,True,0.014436424208772903,26,1801,0.014883459702330806,53,3561,0.014992272024729521,97,6470,False,True
132D,cruise,132D,Johannesburg-Case 2,III,III,Chilean sequences,Cruise ship outbreak sequences,True,True,True,0.014781125639567936,26,1759,0.01466519092418373,53,3614,0.01517732693201177,98,6457,False,True
132D,cruise,132D,Johannesburg-Case 3,III,III,Chilean sequences,Cruise ship outbreak sequences,True,True,True,0.01478953356086462,26,1758,0.014759120022277916,53,3591,0.015039901780233272,98,6516,False,True
132D,cruise,132D,Canada-Case 11_NPswab,III,III,Chilean sequences,Cruise ship outbreak sequences,True,True,True,0.01571338780641106,25,1591,0.016078184110970995,51,3172,0.015724815724815724,96,6105,False,True
132D,cruise,132D,Canada-Case 11_blood,III,III,Chilean sequences,Cruise ship outbreak sequences,True,True,True,0.01534090909090909,27,1760,0.014854260089686098,53,3568,0.015219062259800154,99,6505,False,True
p1239,p1242,p1239,p1242,III,III,Chilean sequences,Chilean sequences,True,True,True,0.003218884120171674,6,1864,0.002191780821917808,8,3650,0.005035861437509537,33,6553,False,False
p1239,p931,p1239,p931,III,III,Chilean sequences,Chilean sequences,True,True,True,0.0037513397642015005,7,1866,0.0027397260273972603,10,3650,0.0045780558522813975,30,6553,False,False
p1239,p1236,p1239,p1236,III,III,Chilean sequences,Chilean sequences,True,True,True,0.011266094420600859,21,1864,0.009863013698630137,36,3650,0.02085603112840467,134,6425,True,False
p1239,cruise,p1239,France-Case 9,III,III,Chilean sequences,Cruise ship outbreak sequences,True,True,True,0.0124123043712898,23,1853,0.011538461538461539,42,3640,0.01513530041278092,99,6541,False,True
p1239,cruise,p1239,Spain-Case 10,III,III,Chilean sequences,Cruise ship outbreak sequences,True,True,True,0.01245262587980509,23,1847,0.011522633744855968,42,3645,0.015139929652852118,99,6539,False,True
p1239,cruise,p1239,Spain-Case 12,III,III,Chilean sequences,Cruise ship outbreak sequences,True,True,True,0.01245262587980509,23,1847,0.011522633744855968,42,3645,0.015139929652852118,99,6539,False,True
p1239,Switzerland-Case 7,p1239,Switzerland-Case 7,III,III,Chilean sequences,Cruise ship outbreak sequences,True,True,True,0.01245262587980509,23,1847,0.011522633744855968,42,3645,0.015260186174271327,100,6553,False,True
p1239,cruise,p1239,Netherlands-Case 6,III,III,Chilean sequences,Cruise ship outbreak sequences,True,True,True,0.012623490669593854,23,1822,0.011586206896551723,42,3625,0.014615134784020786,90,6158,False,True
p1239,cruise,p1239,Netherlands-Case 5,III,III,Chilean sequences,Cruise ship outbreak sequences,True,True,True,0.012770682953914493,23,1801,0.011794439764111205,42,3561,0.015146831530139104,98,6470,False,True
p1239,cruise,p1239,Johannesburg-Case 2,III,III,Chilean sequences,Cruise ship outbreak sequences,True,True,True,0.013075611142694713,23,1759,0.01162147205312673,42,3614,0.01547269070091289,100,6463,False,True
p1239,cruise,p1239,Johannesburg-Case 3,III,III,Chilean sequences,Cruise ship outbreak sequences,True,True,True,0.013083048919226393,23,1758,0.011695906432748537,42,3591,0.015184049079754602,99,6520,False,True
p1239,cruise,p1239,Canada-Case 11_NPswab,III,III,Chilean sequences,Cruise ship outbreak sequences,True,True,True,0.013827781269641735,22,1591,0.012925598991172762,41,3172,0.015888615888615888,97,6105,False,True
p1239,cruise,p1239,Canada-Case 11_blood,III,III,Chilean sequences,Cruise ship outbreak sequences,True,True,True,0.013636363636363636,24,1760,0.011771300448430493,42,3568,0.015372790161414296,100,6505,False,True
p1242,p931,p1242,p931,III,III,Chilean sequences,Chilean sequences,True,True,True,0.005901287553648069,11,1864,0.002190580503833516,8,3652,0.0025942316496261253,17,6553,False,False
p1242,p1236,p1242,p1236,III,III,Chilean sequences,Chilean sequences,True,True,True,0.014484978540772532,27,1864,0.01095290251916758,40,3652,0.020389105058365758,131,6425,True,False
p1242,cruise,p1242,France-Case 9,III,III,Chilean sequences,Cruise ship outbreak sequences,True,True,True,0.01565874730021598,29,1852,0.012630422844590884,46,3642,0.01467441149495567,96,6542,False,True
p1242,cruise,p1242,Spain-Case 10,III,III,Chilean sequences,Cruise ship outbreak sequences,True,True,True,0.01570113697888468,29,1847,0.012613106663010694,46,3647,0.014681143905795993,96,6539,False,True
p1242,cruise,p1242,Spain-Case 12,III,III,Chilean sequences,Cruise ship outbreak sequences,True,True,True,0.01570113697888468,29,1847,0.012613106663010694,46,3647,0.014681143905795993,96,6539,False,True
p1242,Switzerland-Case 7,p1242,Switzerland-Case 7,III,III,Chilean sequences,Cruise ship outbreak sequences,True,True,True,0.01570113697888468,29,1847,0.012613106663010694,46,3647,0.014800122062862374,97,6554,False,True
p1242,cruise,p1242,Netherlands-Case 6,III,III,Chilean sequences,Cruise ship outbreak sequences,True,True,True,0.015916575192096598,29,1822,0.012689655172413793,46,3625,0.014127963624553427,87,6158,False,True
p1242,cruise,p1242,Netherlands-Case 5,III,III,Chilean sequences,Cruise ship outbreak sequences,True,True,True,0.016102165463631316,29,1801,0.012917719741645605,46,3561,0.014683153013910355,95,6470,False,True
p1242,cruise,p1242,Johannesburg-Case 2,III,III,Chilean sequences,Cruise ship outbreak sequences,True,True,True,0.01648664013644116,29,1759,0.012728278915329275,46,3614,0.015008509979885502,97,6463,False,True
p1242,cruise,p1242,Johannesburg-Case 3,III,III,Chilean sequences,Cruise ship outbreak sequences,True,True,True,0.016496018202502846,29,1758,0.012809802283486493,46,3591,0.014721668455758318,96,6521,False,True
p1242,cruise,p1242,Canada-Case 11_NPswab,III,III,Chilean sequences,Cruise ship outbreak sequences,True,True,True,0.01697045883092395,27,1591,0.013871374527112233,44,3172,0.015397215397215397,94,6105,False,True
p1242,cruise,p1242,Canada-Case 11_blood,III,III,Chilean sequences,Cruise ship outbreak sequences,True,True,True,0.017045454545454544,30,1760,0.01289237668161435,46,3568,0.014911606456571868,97,6505,False,True
p931,p1236,p931,p1236,III,III,Chilean sequences,Chilean sequences,True,True,True,0.015021459227467811,28,1864,0.011500547645125958,42,3652,0.01961089494163424,126,6425,True,False
p931,cruise,p931,France-Case 9,III,III,Chilean sequences,Cruise ship outbreak sequences,True,True,True,0.016189962223421478,30,1853,0.013179571663920923,48,3642,0.013912245833970341,91,6541,False,True
p931,cruise,p931,Spain-Case 10,III,III,Chilean sequences,Cruise ship outbreak sequences,True,True,True,0.016242555495397944,30,1847,0.013161502604880724,48,3647,0.013916500994035786,91,6539,False,True
p931,cruise,p931,Spain-Case 12,III,III,Chilean sequences,Cruise ship outbreak sequences,True,True,True,0.016242555495397944,30,1847,0.013161502604880724,48,3647,0.013916500994035786,91,6539,False,True
p931,Switzerland-Case 7,p931,Switzerland-Case 7,III,III,Chilean sequences,Cruise ship outbreak sequences,True,True,True,0.016242555495397944,30,1847,0.013161502604880724,48,3647,0.01403937128032962,92,6553,False,True
p931,cruise,p931,Netherlands-Case 6,III,III,Chilean sequences,Cruise ship outbreak sequences,True,True,True,0.01646542261251372,30,1822,0.013241379310344827,48,3625,0.013316011692107827,82,6158,False,True
p931,cruise,p931,Netherlands-Case 5,III,III,Chilean sequences,Cruise ship outbreak sequences,True,True,True,0.01665741254858412,30,1801,0.013198539736029205,47,3561,0.013910355486862442,90,6470,False,True
p931,cruise,p931,Johannesburg-Case 2,III,III,Chilean sequences,Cruise ship outbreak sequences,True,True,True,0.017055144968732235,30,1759,0.013281682346430549,48,3614,0.014234875444839857,92,6463,False,True
p931,cruise,p931,Johannesburg-Case 3,III,III,Chilean sequences,Cruise ship outbreak sequences,True,True,True,0.017064846416382253,30,1758,0.013088276246170982,47,3591,0.013957055214723926,91,6520,False,True
p931,cruise,p931,Canada-Case 11_NPswab,III,III,Chilean sequences,Cruise ship outbreak sequences,True,True,True,0.018227529855436832,29,1591,0.014501891551071878,46,3172,0.014414414414414415,88,6105,False,True
p931,cruise,p931,Canada-Case 11_blood,III,III,Chilean sequences,Cruise ship outbreak sequences,True,True,True,0.017613636363636363,31,1760,0.013172645739910314,47,3568,0.014142966948501152,92,6505,False,True
p1236,cruise,p1236,France-Case 9,III,III,Chilean sequences,Cruise ship outbreak sequences,True,True,True,0.009719222462203024,18,1852,0.007683863885839737,28,3644,0.016186770428015564,104,6425,True,False
p1236,cruise,p1236,Spain-Case 10,III,III,Chilean sequences,Cruise ship outbreak sequences,True,True,True,0.009745533297238766,18,1847,0.007673335160317895,28,3649,0.016186770428015564,104,6425,True,False
p1236,cruise,p1236,Spain-Case 12,III,III,Chilean sequences,Cruise ship outbreak sequences,True,True,True,0.009745533297238766,18,1847,0.007673335160317895,28,3649,0.016186770428015564,104,6425,True,False
p1236,Switzerland-Case 7,p1236,Switzerland-Case 7,III,III,Chilean sequences,Cruise ship outbreak sequences,True,True,True,0.009745533297238766,18,1847,0.007673335160317895,28,3649,0.01634241245136187,105,6425,True,False
p1236,cruise,p1236,Netherlands-Case 6,III,III,Chilean sequences,Cruise ship outbreak sequences,True,True,True,0.009879253567508232,18,1822,0.007724137931034483,28,3625,0.01610517666392769,98,6085,True,False
p1236,cruise,p1236,Netherlands-Case 5,III,III,Chilean sequences,Cruise ship outbreak sequences,True,True,True,0.009994447529150472,18,1801,0.007862959842740803,28,3561,0.016111371812920383,103,6393,True,False
p1236,cruise,p1236,Johannesburg-Case 2,III,III,Chilean sequences,Cruise ship outbreak sequences,True,True,True,0.01023308698123934,18,1759,0.00774764803541782,28,3614,0.01622211823428482,104,6411,True,False
p1236,cruise,p1236,Johannesburg-Case 3,III,III,Chilean sequences,Cruise ship outbreak sequences,True,True,True,0.010238907849829351,18,1758,0.007797270955165692,28,3591,0.016194331983805668,104,6422,True,False
p1236,cruise,p1236,Canada-Case 11_NPswab,III,III,Chilean sequences,Cruise ship outbreak sequences,True,True,True,0.011942174732872407,19,1591,0.007881462799495587,25,3172,0.01655355073663301,100,6041,True,False
p1236,cruise,p1236,Canada-Case 11_blood,III,III,Chilean sequences,Cruise ship outbreak sequences,True,True,True,0.010795454545454546,19,1760,0.007847533632286996,28,3568,0.01634241245136187,105,6425,True,False
cruise,cruise,France-Case 9,Spain-Case 10,III,III,Cruise ship outbreak sequences,Cruise ship outbreak sequences,True,True,True,0.0,0,1847,0.0,0,3644,0.0,0,6539,False,True
cruise,cruise,France-Case 9,Spain-Case 12,III,III,Cruise ship outbreak sequences,Cruise ship outbreak sequences,True,True,True,0.0,0,1847,0.0,0,3644,0.0,0,6539,False,True
cruise,Switzerland-Case 7,France-Case 9,Switzerland-Case 7,III,III,Cruise ship outbreak sequences,Cruise ship outbreak sequences,True,True,True,0.0,0,1847,0.0,0,3644,0.00015278838808250572,1,6545,False,True
cruise,cruise,France-Case 9,Netherlands-Case 6,III,III,Cruise ship outbreak sequences,Cruise ship outbreak sequences,True,True,True,0.0,0,1822,0.0,0,3625,0.0,0,6158,False,True
cruise,cruise,France-Case 9,Netherlands-Case 5,III,III,Cruise ship outbreak sequences,Cruise ship outbreak sequences,True,True,True,0.0,0,1801,0.0,0,3561,0.0001545595054095827,1,6470,False,True
cruise,cruise,France-Case 9,Johannesburg-Case 2,III,III,Cruise ship outbreak sequences,Cruise ship outbreak sequences,True,True,True,0.0,0,1759,0.0,0,3614,0.00030945381401825775,2,6463,False,True
cruise,cruise,France-Case 9,Johannesburg-Case 3,III,III,Cruise ship outbreak sequences,Cruise ship outbreak sequences,True,True,True,0.0,0,1758,0.0,0,3591,0.0,0,6522,False,True
cruise,cruise,France-Case 9,Canada-Case 11_NPswab,III,III,Cruise ship outbreak sequences,Cruise ship outbreak sequences,True,True,True,0.001257071024512885,2,1591,0.0,0,3172,0.0001638001638001638,1,6105,False,True
cruise,cruise,France-Case 9,Canada-Case 11_blood,III,III,Cruise ship outbreak sequences,Cruise ship outbreak sequences,True,True,True,0.0005681818181818182,1,1760,0.0,0,3568,0.00015372790161414298,1,6505,False,True
cruise,cruise,Spain-Case 10,Spain-Case 12,III,III,Cruise ship outbreak sequences,Cruise ship outbreak sequences,True,True,True,0.0,0,1847,0.0,0,3649,0.0,0,6539,False,True
cruise,Switzerland-Case 7,Spain-Case 10,Switzerland-Case 7,III,III,Cruise ship outbreak sequences,Cruise ship outbreak sequences,True,True,True,0.0,0,1847,0.0,0,3649,0.0001529285823520416,1,6539,False,True
cruise,cruise,Spain-Case 10,Netherlands-Case 6,III,III,Cruise ship outbreak sequences,Cruise ship outbreak sequences,True,True,True,0.0,0,1822,0.0,0,3625,0.0,0,6158,False,True
cruise,cruise,Spain-Case 10,Netherlands-Case 5,III,III,Cruise ship outbreak sequences,Cruise ship outbreak sequences,True,True,True,0.0,0,1801,0.0,0,3561,0.0001545595054095827,1,6470,False,True
cruise,cruise,Spain-Case 10,Johannesburg-Case 2,III,III,Cruise ship outbreak sequences,Cruise ship outbreak sequences,True,True,True,0.0,0,1759,0.0,0,3614,0.00015475085112968121,1,6462,False,True
cruise,cruise,Spain-Case 10,Johannesburg-Case 3,III,III,Cruise ship outbreak sequences,Cruise ship outbreak sequences,True,True,True,0.0,0,1758,0.0,0,3591,0.0,0,6520,False,True
cruise,cruise,Spain-Case 10,Canada-Case 11_NPswab,III,III,Cruise ship outbreak sequences,Cruise ship outbreak sequences,True,True,True,0.001257071024512885,2,1591,0.0,0,3172,0.0001638001638001638,1,6105,False,True
cruise,cruise,Spain-Case 10,Canada-Case 11_blood,III,III,Cruise ship outbreak sequences,Cruise ship outbreak sequences,True,True,True,0.0005681818181818182,1,1760,0.0,0,3568,0.00015372790161414298,1,6505,False,True
cruise,Switzerland-Case 7,Spain-Case 12,Switzerland-Case 7,III,III,Cruise ship outbreak sequences,Cruise ship outbreak sequences,True,True,True,0.0,0,1847,0.0,0,3649,0.0001529285823520416,1,6539,False,True
cruise,cruise,Spain-Case 12,Netherlands-Case 6,III,III,Cruise ship outbreak sequences,Cruise ship outbreak sequences,True,True,True,0.0,0,1822,0.0,0,3625,0.0,0,6158,False,True
cruise,cruise,Spain-Case 12,Netherlands-Case 5,III,III,Cruise ship outbreak sequences,Cruise ship outbreak sequences,True,True,True,0.0,0,1801,0.0,0,3561,0.0001545595054095827,1,6470,False,True
cruise,cruise,Spain-Case 12,Johannesburg-Case 2,III,III,Cruise ship outbreak sequences,Cruise ship outbreak sequences,True,True,True,0.0,0,1759,0.0,0,3614,0.00015475085112968121,1,6462,False,True
cruise,cruise,Spain-Case 12,Johannesburg-Case 3,III,III,Cruise ship outbreak sequences,Cruise ship outbreak sequences,True,True,True,0.0,0,1758,0.0,0,3591,0.0,0,6520,False,True
cruise,cruise,Spain-Case 12,Canada-Case 11_NPswab,III,III,Cruise ship outbreak sequences,Cruise ship outbreak sequences,True,True,True,0.001257071024512885,2,1591,0.0,0,3172,0.0001638001638001638,1,6105,False,True
cruise,cruise,Spain-Case 12,Canada-Case 11_blood,III,III,Cruise ship outbreak sequences,Cruise ship outbreak sequences,True,True,True,0.0005681818181818182,1,1760,0.0,0,3568,0.00015372790161414298,1,6505,False,True
Switzerland-Case 7,cruise,Switzerland-Case 7,Netherlands-Case 6,III,III,Cruise ship outbreak sequences,Cruise ship outbreak sequences,True,True,True,0.0,0,1822,0.0,0,3625,0.0,0,6158,False,True
Switzerland-Case 7,cruise,Switzerland-Case 7,Netherlands-Case 5,III,III,Cruise ship outbreak sequences,Cruise ship outbreak sequences,True,True,True,0.0,0,1801,0.0,0,3561,0.0003091190108191654,2,6470,False,True
Switzerland-Case 7,cruise,Switzerland-Case 7,Johannesburg-Case 2,III,III,Cruise ship outbreak sequences,Cruise ship outbreak sequences,True,True,True,0.0,0,1759,0.0,0,3614,0.0004641807210273867,3,6463,False,True
Switzerland-Case 7,cruise,Switzerland-Case 7,Johannesburg-Case 3,III,III,Cruise ship outbreak sequences,Cruise ship outbreak sequences,True,True,True,0.0,0,1758,0.0,0,3591,0.00015332720024532353,1,6522,False,True
Switzerland-Case 7,cruise,Switzerland-Case 7,Canada-Case 11_NPswab,III,III,Cruise ship outbreak sequences,Cruise ship outbreak sequences,True,True,True,0.001257071024512885,2,1591,0.0,0,3172,0.0003276003276003276,2,6105,False,True
Switzerland-Case 7,cruise,Switzerland-Case 7,Canada-Case 11_blood,III,III,Cruise ship outbreak sequences,Cruise ship outbreak sequences,True,True,True,0.0005681818181818182,1,1760,0.0,0,3568,0.00030745580322828596,2,6505,False,True
cruise,cruise,Netherlands-Case 6,Netherlands-Case 5,III,III,Cruise ship outbreak sequences,Cruise ship outbreak sequences,True,True,True,0.0,0,1799,0.0,0,3561,0.00016239038648911984,1,6158,False,True
cruise,cruise,Netherlands-Case 6,Johannesburg-Case 2,III,III,Cruise ship outbreak sequences,Cruise ship outbreak sequences,True,True,True,0.0,0,1759,0.0,0,3607,0.00016420361247947455,1,6090,False,True
cruise,cruise,Netherlands-Case 6,Johannesburg-Case 3,III,III,Cruise ship outbreak sequences,Cruise ship outbreak sequences,True,True,True,0.0,0,1758,0.0,0,3584,0.0,0,6144,False,True
cruise,cruise,Netherlands-Case 6,Canada-Case 11_NPswab,III,III,Cruise ship outbreak sequences,Cruise ship outbreak sequences,True,True,True,0.001257071024512885,2,1591,0.0,0,3172,0.0001718213058419244,1,5820,False,True
cruise,cruise,Netherlands-Case 6,Canada-Case 11_blood,III,III,Cruise ship outbreak sequences,Cruise ship outbreak sequences,True,True,True,0.0005681818181818182,1,1760,0.0,0,3568,0.0001626280696048138,1,6149,False,True
cruise,cruise,Netherlands-Case 5,Johannesburg-Case 2,III,III,Cruise ship outbreak sequences,Cruise ship outbreak sequences,True,True,True,0.0,0,1759,0.0,0,3558,0.00031279324366593683,2,6394,False,True
cruise,cruise,Netherlands-Case 5,Johannesburg-Case 3,III,III,Cruise ship outbreak sequences,Cruise ship outbreak sequences,True,True,True,0.0,0,1758,0.0,0,3561,0.00015499070055796651,1,6452,False,True
cruise,cruise,Netherlands-Case 5,Canada-Case 11_NPswab,III,III,Cruise ship outbreak sequences,Cruise ship outbreak sequences,True,True,True,0.001257071024512885,2,1591,0.0,0,3165,0.0,0,6105,False,True
cruise,cruise,Netherlands-Case 5,Canada-Case 11_blood,III,III,Cruise ship outbreak sequences,Cruise ship outbreak sequences,True,True,True,0.0005681818181818182,1,1760,0.0,0,3561,0.0,0,6457,False,True
cruise,cruise,Johannesburg-Case 2,Johannesburg-Case 3,III,III,Cruise ship outbreak sequences,Cruise ship outbreak sequences,True,True,True,0.0,0,1757,0.0,0,3588,0.00015479876160990713,1,6460,False,True
cruise,cruise,Johannesburg-Case 2,Canada-Case 11_NPswab,III,III,Cruise ship outbreak sequences,Cruise ship outbreak sequences,True,True,True,0.0012578616352201257,2,1590,0.0,0,3169,0.00033101621979476995,2,6042,False,True
cruise,cruise,Johannesburg-Case 2,Canada-Case 11_blood,III,III,Cruise ship outbreak sequences,Cruise ship outbreak sequences,True,True,True,0.0005685048322910744,1,1759,0.0,0,3565,0.0003104625892579944,2,6442,False,True
cruise,cruise,Johannesburg-Case 3,Canada-Case 11_NPswab,III,III,Cruise ship outbreak sequences,Cruise ship outbreak sequences,True,True,True,0.0012578616352201257,2,1590,0.0,0,3172,0.0001639344262295082,1,6100,False,True
cruise,cruise,Johannesburg-Case 3,Canada-Case 11_blood,III,III,Cruise ship outbreak sequences,Cruise ship outbreak sequences,True,True,True,0.0005688282138794084,1,1758,0.0,0,3568,0.00015384615384615385,1,6500,False,True
cruise,cruise,Canada-Case 11_NPswab,Canada-Case 11_blood,III,III,Cruise ship outbreak sequences,Cruise ship outbreak sequences,True,True,True,0.0006285355122564425,1,1591,0.0,0,3172,0.0,0,6105,False,True
